activity_id,timestamp,user_id,action_type,endpoint,status_code,device,metadata
c1ffeee4-d0ee-482b-aa24-ac012710ea9d,2025-09-06,6f168c2c-529c-4ec8-9932-90d1b493cf87,FINANCIAL_LOG,/api/v1/financial,201,Mobile · Android,1 transactions represented
a51a8f2c-05aa-4cb0-a554-0dbd5c2fa002,2025-09-06,6f168c2c-529c-4ec8-9932-90d1b493cf87,HABIT_UPDATE,/api/v1/habits,200,Web · Windows,1/4 scheduled habits completed
12b4b911-2a04-4c80-a46b-0eac6397e3b8,2025-09-07,6f168c2c-529c-4ec8-9932-90d1b493cf87,USER_LOGIN,/api/v1/auth/login,200,Mobile · Android,Successful login
347ee759-0467-4183-ad32-fcb58eae2e38,2025-09-07,6f168c2c-529c-4ec8-9932-90d1b493cf87,FINANCIAL_LOG,/api/v1/financial,201,Web · Windows,2 transactions represented
85976b0e-eb17-4e28-a117-7863887fe2d9,2025-09-07,6f168c2c-529c-4ec8-9932-90d1b493cf87,STUDY_LOG,/api/v1/study,201,Web · Windows,2.2 study hours logged
fff3ebd6-e248-493c-ad3b-ab7ba1238be1,2025-09-07,6f168c2c-529c-4ec8-9932-90d1b493cf87,HABIT_UPDATE,/api/v1/habits,200,Web · Windows,3/5 scheduled habits completed
f053626b-334e-439e-aeb5-9a5d5283109c,2025-09-08,6f168c2c-529c-4ec8-9932-90d1b493cf87,USER_LOGIN,/api/v1/auth/login,200,Mobile · Android,Successful login
dd0bdb95-489b-401b-a8d0-bb7ccf55741d,2025-09-08,6f168c2c-529c-4ec8-9932-90d1b493cf87,FINANCIAL_LOG,/api/v1/financial,201,Web · Windows,3 transactions represented
4843420d-e38c-468f-a9b4-104fce0c6406,2025-09-08,6f168c2c-529c-4ec8-9932-90d1b493cf87,HABIT_UPDATE,/api/v1/habits,200,Web · Windows,2/4 scheduled habits completed
2f613d69-1217-4284-a1eb-9b65f89d40e0,2025-09-09,6f168c2c-529c-4ec8-9932-90d1b493cf87,USER_LOGIN,/api/v1/auth/login,200,Web · Windows,Successful login
b46f3eb9-5048-4f12-aa79-56242023993f,2025-09-09,6f168c2c-529c-4ec8-9932-90d1b493cf87,FINANCIAL_LOG,/api/v1/financial,201,Web · Windows,1 transactions represented
dbec0ed3-8fc5-480d-ac7d-fe1c341ae116,2025-09-09,6f168c2c-529c-4ec8-9932-90d1b493cf87,STUDY_LOG,/api/v1/study,201,Mobile · Android,1 study hours logged
62835026-a0aa-49c9-a40d-b011bfafbc24,2025-09-09,6f168c2c-529c-4ec8-9932-90d1b493cf87,HABIT_UPDATE,/api/v1/habits,200,Web · Windows,4/4 scheduled habits completed
f3203c62-6f4c-484a-a677-0a61f3ec1189,2025-09-10,6f168c2c-529c-4ec8-9932-90d1b493cf87,USER_LOGIN,/api/v1/auth/login,200,Mobile · Android,Successful login
4b8827ed-6755-4782-a15b-db508eb200d7,2025-09-10,6f168c2c-529c-4ec8-9932-90d1b493cf87,FINANCIAL_LOG,/api/v1/financial,201,Web · Windows,1 transactions represented
089331e0-9761-4c26-a804-0dd92bcb0e8a,2025-09-10,6f168c2c-529c-4ec8-9932-90d1b493cf87,STUDY_LOG,/api/v1/study,201,Web · Windows,2.1 study hours logged
b3747775-b287-4875-abcc-cbc4c1a04d48,2025-09-10,6f168c2c-529c-4ec8-9932-90d1b493cf87,HABIT_UPDATE,/api/v1/habits,200,Web · Windows,3/4 scheduled habits completed
b463d785-935a-4a75-af53-b4ebfa3d0e21,2025-09-11,6f168c2c-529c-4ec8-9932-90d1b493cf87,USER_LOGIN,/api/v1/auth/login,200,Mobile · Android,Successful login
717e0756-7ebf-42bb-a752-4a8aeb53ad71,2025-09-11,6f168c2c-529c-4ec8-9932-90d1b493cf87,FINANCIAL_LOG,/api/v1/financial,201,Web · Windows,1 transactions represented
d9094836-4830-40d6-a4bb-0f2344a89632,2025-09-11,6f168c2c-529c-4ec8-9932-90d1b493cf87,STUDY_LOG,/api/v1/study,201,Web · Windows,3.1 study hours logged
1799efbc-9040-40b3-a295-9837d8824d20,2025-09-11,6f168c2c-529c-4ec8-9932-90d1b493cf87,HABIT_UPDATE,/api/v1/habits,200,Web · Windows,2/4 scheduled habits completed
142b90dc-785c-4687-a2bf-d9e8fbe59720,2025-09-12,6f168c2c-529c-4ec8-9932-90d1b493cf87,USER_LOGIN,/api/v1/auth/login,200,Mobile · Android,Successful login
9089f767-6ff9-4b44-adf0-2a9a5fc46fb6,2025-09-12,6f168c2c-529c-4ec8-9932-90d1b493cf87,FINANCIAL_LOG,/api/v1/financial,201,Web · Windows,1 transactions represented
5ee518d4-27e4-4a91-ad04-fc39711cdf85,2025-09-12,6f168c2c-529c-4ec8-9932-90d1b493cf87,HABIT_UPDATE,/api/v1/habits,200,Web · Windows,2/4 scheduled habits completed
a0da10b2-3284-4b77-ac0d-4094587ab687,2025-09-13,6f168c2c-529c-4ec8-9932-90d1b493cf87,USER_LOGIN,/api/v1/auth/login,200,Web · Windows,Successful login
9669df0b-3420-43bd-a53b-01b25c76535c,2025-09-13,6f168c2c-529c-4ec8-9932-90d1b493cf87,FINANCIAL_LOG,/api/v1/financial,201,Mobile · Android,2 transactions represented
9b2d3000-8b10-43c4-aa3a-7b277f74cf5e,2025-09-13,6f168c2c-529c-4ec8-9932-90d1b493cf87,HABIT_UPDATE,/api/v1/habits,200,Mobile · Android,3/4 scheduled habits completed
1e6e22a9-8b5f-4ced-a895-c4cbc58f9037,2025-09-14,6f168c2c-529c-4ec8-9932-90d1b493cf87,USER_LOGIN,/api/v1/auth/login,200,Web · Windows,Successful login
2b51390b-09ad-4a74-a671-b48e00abd1d2,2025-09-14,6f168c2c-529c-4ec8-9932-90d1b493cf87,FINANCIAL_LOG,/api/v1/financial,201,Web · Windows,2 transactions represented
e8ecfc25-5465-4868-a3e2-e67524304772,2025-09-14,6f168c2c-529c-4ec8-9932-90d1b493cf87,STUDY_LOG,/api/v1/study,201,Mobile · Android,2.5 study hours logged
39b61e82-f040-4b12-a698-666d089fdedc,2025-09-14,6f168c2c-529c-4ec8-9932-90d1b493cf87,HABIT_UPDATE,/api/v1/habits,200,Web · Windows,3/5 scheduled habits completed
983a1205-72a2-43a1-a9ce-86edaddbd53a,2025-09-15,6f168c2c-529c-4ec8-9932-90d1b493cf87,USER_LOGIN,/api/v1/auth/login,200,Mobile · Android,Successful login
0a28094e-22e0-47cd-aea4-5f19c89ab9da,2025-09-15,6f168c2c-529c-4ec8-9932-90d1b493cf87,FINANCIAL_LOG,/api/v1/financial,201,Web · Windows,2 transactions represented
475b847e-1096-499b-ab02-235cb7d624a2,2025-09-15,6f168c2c-529c-4ec8-9932-90d1b493cf87,STUDY_LOG,/api/v1/study,201,Mobile · Android,2.7 study hours logged
1ac6aba9-d0c9-4c02-a3fd-f90da854e8b5,2025-09-15,6f168c2c-529c-4ec8-9932-90d1b493cf87,HABIT_UPDATE,/api/v1/habits,200,Web · Windows,4/4 scheduled habits completed
fba1aa19-3759-4b3c-a6c1-826ee1b2790b,2025-09-16,6f168c2c-529c-4ec8-9932-90d1b493cf87,USER_LOGIN,/api/v1/auth/login,200,Web · Windows,Successful login
5bde2a63-9b0a-4fba-a817-e595804685be,2025-09-16,6f168c2c-529c-4ec8-9932-90d1b493cf87,FINANCIAL_LOG,/api/v1/financial,201,Web · Windows,2 transactions represented
8d1f75e9-7b0a-43f5-aa8b-4ab962ea7730,2025-09-16,6f168c2c-529c-4ec8-9932-90d1b493cf87,STUDY_LOG,/api/v1/study,201,Web · Windows,2.9 study hours logged
d33ddf16-2f29-459d-ab7c-e10cb28ced6a,2025-09-16,6f168c2c-529c-4ec8-9932-90d1b493cf87,HABIT_UPDATE,/api/v1/habits,200,Web · Windows,4/4 scheduled habits completed
fd2312d6-2e5f-4c04-a62c-9110fb9de016,2025-09-17,6f168c2c-529c-4ec8-9932-90d1b493cf87,USER_LOGIN,/api/v1/auth/login,200,Web · Windows,Successful login
62188f84-6e71-492b-ac7c-200ddb313787,2025-09-17,6f168c2c-529c-4ec8-9932-90d1b493cf87,FINANCIAL_LOG,/api/v1/financial,201,Web · Windows,1 transactions represented
8c1d3ea4-c8c0-4600-aa20-edd491906a64,2025-09-17,6f168c2c-529c-4ec8-9932-90d1b493cf87,HABIT_UPDATE,/api/v1/habits,200,Web · Windows,4/4 scheduled habits completed
b99a5a97-0fb0-4cc6-a153-fe4ecf27f8f3,2025-09-18,6f168c2c-529c-4ec8-9932-90d1b493cf87,USER_LOGIN,/api/v1/auth/login,200,Mobile · Android,Successful login
96625ce7-e94d-450d-aef5-4ff41f24aa0f,2025-09-18,6f168c2c-529c-4ec8-9932-90d1b493cf87,FINANCIAL_LOG,/api/v1/financial,201,Web · Windows,3 transactions represented
05b35c8b-c050-453c-ac18-c501b7cda6ca,2025-09-18,6f168c2c-529c-4ec8-9932-90d1b493cf87,HABIT_UPDATE,/api/v1/habits,200,Web · Windows,3/4 scheduled habits completed
955671c6-8ef4-4144-ae3a-d9f9f4297abd,2025-09-19,6f168c2c-529c-4ec8-9932-90d1b493cf87,USER_LOGIN,/api/v1/auth/login,200,Web · Windows,Successful login
12bbda4d-dc23-4292-adcc-39f85db2a74f,2025-09-19,6f168c2c-529c-4ec8-9932-90d1b493cf87,FINANCIAL_LOG,/api/v1/financial,201,Web · Windows,1 transactions represented
1d09324c-f836-4314-a7fd-6c02ec3c5b05,2025-09-19,6f168c2c-529c-4ec8-9932-90d1b493cf87,STUDY_LOG,/api/v1/study,201,Web · Windows,2.8 study hours logged
aa906415-63ba-4a87-abc3-678cc873d244,2025-09-19,6f168c2c-529c-4ec8-9932-90d1b493cf87,HABIT_UPDATE,/api/v1/habits,200,Web · Windows,2/4 scheduled habits completed
cb50d463-5d7c-4dd6-a433-d56f1964910a,2025-09-20,6f168c2c-529c-4ec8-9932-90d1b493cf87,FINANCIAL_LOG,/api/v1/financial,201,Web · Windows,1 transactions represented
971c2aae-0816-4cbe-a79f-3480ea8cbf97,2025-09-20,6f168c2c-529c-4ec8-9932-90d1b493cf87,HABIT_UPDATE,/api/v1/habits,200,Mobile · Android,4/4 scheduled habits completed
1162a441-d259-447c-a849-a394b2231875,2025-09-21,6f168c2c-529c-4ec8-9932-90d1b493cf87,USER_LOGIN,/api/v1/auth/login,200,Web · Windows,Successful login
e59690bf-8167-4794-aa18-34686b7ce0f6,2025-09-21,6f168c2c-529c-4ec8-9932-90d1b493cf87,FINANCIAL_LOG,/api/v1/financial,201,Web · Windows,1 transactions represented
a84b352e-4ed8-4451-aed1-299dfeb8dbec,2025-09-21,6f168c2c-529c-4ec8-9932-90d1b493cf87,STUDY_LOG,/api/v1/study,201,Web · Windows,1.5 study hours logged
3fe830e9-0d3c-445f-a522-45a4732ed34c,2025-09-21,6f168c2c-529c-4ec8-9932-90d1b493cf87,HABIT_UPDATE,/api/v1/habits,200,Web · Windows,3/5 scheduled habits completed
cc273f38-491c-4f23-a3ca-6e501a2104db,2025-09-22,6f168c2c-529c-4ec8-9932-90d1b493cf87,USER_LOGIN,/api/v1/auth/login,200,Web · Windows,Successful login
ec14e67a-7fcd-41e4-a7ca-a8afd72dea2f,2025-09-22,6f168c2c-529c-4ec8-9932-90d1b493cf87,FINANCIAL_LOG,/api/v1/financial,201,Web · Windows,2 transactions represented
af96f822-d1dc-4c99-a9f5-439481403fb9,2025-09-22,6f168c2c-529c-4ec8-9932-90d1b493cf87,HABIT_UPDATE,/api/v1/habits,200,Web · Windows,3/4 scheduled habits completed
6630a8d1-0e45-48f3-a7e8-37b414bccbc6,2025-09-23,6f168c2c-529c-4ec8-9932-90d1b493cf87,USER_LOGIN,/api/v1/auth/login,200,Web · Windows,Successful login
04645308-e681-4ac5-a91d-92b32bbccf6f,2025-09-23,6f168c2c-529c-4ec8-9932-90d1b493cf87,FINANCIAL_LOG,/api/v1/financial,201,Web · Windows,1 transactions represented
8c540906-0e1e-46c9-a022-96cf92531d98,2025-09-23,6f168c2c-529c-4ec8-9932-90d1b493cf87,STUDY_LOG,/api/v1/study,201,Web · Windows,2.7 study hours logged
6f4a283b-b455-46e0-a950-11f0ee3e1d92,2025-09-23,6f168c2c-529c-4ec8-9932-90d1b493cf87,HABIT_UPDATE,/api/v1/habits,200,Web · Windows,3/4 scheduled habits completed
2cafed50-b367-40d8-af01-37ae4409893f,2025-09-24,6f168c2c-529c-4ec8-9932-90d1b493cf87,USER_LOGIN,/api/v1/auth/login,200,Web · Windows,Successful login
900aeef5-2442-4466-a17c-73a69be48d0f,2025-09-24,6f168c2c-529c-4ec8-9932-90d1b493cf87,FINANCIAL_LOG,/api/v1/financial,201,Web · Windows,1 transactions represented
dc7dfb46-617a-4ee5-acf9-f31124f6c55a,2025-09-24,6f168c2c-529c-4ec8-9932-90d1b493cf87,STUDY_LOG,/api/v1/study,201,Web · Windows,1.5 study hours logged
55610090-f231-4d98-adf0-b4fdbbf73622,2025-09-24,6f168c2c-529c-4ec8-9932-90d1b493cf87,HABIT_UPDATE,/api/v1/habits,200,Mobile · Android,4/4 scheduled habits completed
ede395a2-8f7d-49aa-a65a-a48beb5c1e45,2025-09-25,6f168c2c-529c-4ec8-9932-90d1b493cf87,USER_LOGIN,/api/v1/auth/login,200,Web · Windows,Successful login
3326c30f-d6e0-4674-abb0-d0c34f0bc5b3,2025-09-25,6f168c2c-529c-4ec8-9932-90d1b493cf87,FINANCIAL_LOG,/api/v1/financial,201,Mobile · Android,1 transactions represented
ba9f1df8-ae42-483d-aa9a-79322cf212bb,2025-09-25,6f168c2c-529c-4ec8-9932-90d1b493cf87,STUDY_LOG,/api/v1/study,201,Mobile · Android,1.6 study hours logged
fd345bcf-fa2d-4a36-a5ea-8215e390db59,2025-09-25,6f168c2c-529c-4ec8-9932-90d1b493cf87,HABIT_UPDATE,/api/v1/habits,200,Web · Windows,2/4 scheduled habits completed
d3fe4b1f-69fa-416e-a2e9-cb3bc6062689,2025-09-26,6f168c2c-529c-4ec8-9932-90d1b493cf87,USER_LOGIN,/api/v1/auth/login,200,Mobile · Android,Successful login
9a911cf1-6091-485e-a61b-3ec278eba794,2025-09-26,6f168c2c-529c-4ec8-9932-90d1b493cf87,FINANCIAL_LOG,/api/v1/financial,201,Web · Windows,1 transactions represented
a5d1652b-76a2-4517-aaa0-36b4f63665ea,2025-09-26,6f168c2c-529c-4ec8-9932-90d1b493cf87,STUDY_LOG,/api/v1/study,201,Mobile · Android,1 study hours logged
d44b3316-038e-45ef-a3d6-2da1e9a523aa,2025-09-26,6f168c2c-529c-4ec8-9932-90d1b493cf87,HABIT_UPDATE,/api/v1/habits,200,Web · Windows,3/4 scheduled habits completed
9fea2055-2d4a-4ac2-ab15-5d26b1f2557b,2025-09-27,6f168c2c-529c-4ec8-9932-90d1b493cf87,USER_LOGIN,/api/v1/auth/login,200,Web · Windows,Successful login
f3518510-ff55-47d6-a520-49e328affbf0,2025-09-27,6f168c2c-529c-4ec8-9932-90d1b493cf87,FINANCIAL_LOG,/api/v1/financial,201,Mobile · Android,1 transactions represented
955f5649-3bd8-4564-a6a5-d22661f9d69d,2025-09-27,6f168c2c-529c-4ec8-9932-90d1b493cf87,HABIT_UPDATE,/api/v1/habits,200,Mobile · Android,3/4 scheduled habits completed
89ce6a80-a4b4-4b2b-aee1-5bc106272441,2025-09-28,6f168c2c-529c-4ec8-9932-90d1b493cf87,USER_LOGIN,/api/v1/auth/login,200,Web · Windows,Successful login
5c791189-7e58-420c-af33-1799bcd29f73,2025-09-28,6f168c2c-529c-4ec8-9932-90d1b493cf87,FINANCIAL_LOG,/api/v1/financial,201,Web · Windows,1 transactions represented
6cece999-ad2d-498e-af17-f12e7bbee73d,2025-09-28,6f168c2c-529c-4ec8-9932-90d1b493cf87,STUDY_LOG,/api/v1/study,201,Web · Windows,1.2 study hours logged
50d8e349-1772-4ac4-a3a2-0c0fa15b3179,2025-09-28,6f168c2c-529c-4ec8-9932-90d1b493cf87,HABIT_UPDATE,/api/v1/habits,200,Mobile · Android,3/5 scheduled habits completed
0eed09a0-968c-4e11-ab3f-66f80e1785ff,2025-09-29,6f168c2c-529c-4ec8-9932-90d1b493cf87,USER_LOGIN,/api/v1/auth/login,200,Web · Windows,Successful login
1576c4ed-c1d3-4857-a5ac-b4ae06ee492c,2025-09-29,6f168c2c-529c-4ec8-9932-90d1b493cf87,FINANCIAL_LOG,/api/v1/financial,201,Mobile · Android,2 transactions represented
a9e612fb-b9da-4bfb-a69b-99be4b8ee92c,2025-09-29,6f168c2c-529c-4ec8-9932-90d1b493cf87,HABIT_UPDATE,/api/v1/habits,200,Web · Windows,2/4 scheduled habits completed
d6e11f1d-75dc-43da-a2de-9f6693314583,2025-09-30,6f168c2c-529c-4ec8-9932-90d1b493cf87,USER_LOGIN,/api/v1/auth/login,200,Web · Windows,Successful login
a7a7dd44-3d60-42ee-a2b7-528f0b00af37,2025-09-30,6f168c2c-529c-4ec8-9932-90d1b493cf87,FINANCIAL_LOG,/api/v1/financial,201,Web · Windows,2 transactions represented
127d3f62-819f-4e1d-a5f0-813287816c48,2025-09-30,6f168c2c-529c-4ec8-9932-90d1b493cf87,HABIT_UPDATE,/api/v1/habits,200,Mobile · Android,4/4 scheduled habits completed
eab4d098-b484-4d9e-a219-2c09978de5e2,2025-10-01,6f168c2c-529c-4ec8-9932-90d1b493cf87,USER_LOGIN,/api/v1/auth/login,200,Web · Windows,Successful login
43b31f9a-e54e-4970-aa33-367669897252,2025-10-01,6f168c2c-529c-4ec8-9932-90d1b493cf87,FINANCIAL_LOG,/api/v1/financial,201,Web · Windows,4 transactions represented
b1805b95-549b-4eb8-a126-28934a52659b,2025-10-01,6f168c2c-529c-4ec8-9932-90d1b493cf87,STUDY_LOG,/api/v1/study,201,Web · Windows,2.4 study hours logged
418cd1bc-be79-435f-a249-96d99f9e784b,2025-10-01,6f168c2c-529c-4ec8-9932-90d1b493cf87,HABIT_UPDATE,/api/v1/habits,200,Mobile · Android,2/4 scheduled habits completed
132de3c0-20a5-4f36-ad31-919bd383c837,2025-10-02,6f168c2c-529c-4ec8-9932-90d1b493cf87,USER_LOGIN,/api/v1/auth/login,200,Web · Windows,Successful login
e4633c57-35a0-4221-ad3e-8c62cbd1e39c,2025-10-02,6f168c2c-529c-4ec8-9932-90d1b493cf87,FINANCIAL_LOG,/api/v1/financial,201,Web · Windows,3 transactions represented
82ee75af-6d0b-405c-a539-1f81a56e0f30,2025-10-02,6f168c2c-529c-4ec8-9932-90d1b493cf87,STUDY_LOG,/api/v1/study,201,Web · Windows,1.2 study hours logged
205924e9-cc50-41ed-a854-fb2107fc43e3,2025-10-02,6f168c2c-529c-4ec8-9932-90d1b493cf87,HABIT_UPDATE,/api/v1/habits,200,Web · Windows,3/4 scheduled habits completed
0177938e-924c-42f5-a847-5169e0001220,2025-10-02,6f168c2c-529c-4ec8-9932-90d1b493cf87,ALERT_READ,/api/v1/alerts,200,Mobile · Android,1 alert(s) reviewed
5f1d5f3b-0334-48de-a952-5b91292b61ad,2025-10-03,6f168c2c-529c-4ec8-9932-90d1b493cf87,USER_LOGIN,/api/v1/auth/login,200,Web · Windows,Successful login
cdfa4f58-4e5f-41dd-a9de-200d2362b48e,2025-10-03,6f168c2c-529c-4ec8-9932-90d1b493cf87,FINANCIAL_LOG,/api/v1/financial,201,Web · Windows,3 transactions represented
cf883e40-4f4f-4a8e-aa00-71d9d49a74e6,2025-10-03,6f168c2c-529c-4ec8-9932-90d1b493cf87,HABIT_UPDATE,/api/v1/habits,200,Web · Windows,2/4 scheduled habits completed
52424753-f8c4-413e-a590-dc09b06d332c,2025-10-04,6f168c2c-529c-4ec8-9932-90d1b493cf87,USER_LOGIN,/api/v1/auth/login,200,Web · Windows,Successful login
931a634d-258f-4876-a6eb-c4b31a32e6d2,2025-10-04,6f168c2c-529c-4ec8-9932-90d1b493cf87,FINANCIAL_LOG,/api/v1/financial,201,Web · Windows,1 transactions represented
fe109603-e283-45ae-aa0b-27f7e5f0d91a,2025-10-04,6f168c2c-529c-4ec8-9932-90d1b493cf87,HABIT_UPDATE,/api/v1/habits,200,Web · Windows,2/4 scheduled habits completed
00e60307-363f-4f88-a012-8cb54e117f79,2025-10-05,6f168c2c-529c-4ec8-9932-90d1b493cf87,USER_LOGIN,/api/v1/auth/login,200,Web · Windows,Successful login
5f03e697-c00f-4287-a030-85277e0960ab,2025-10-05,6f168c2c-529c-4ec8-9932-90d1b493cf87,FINANCIAL_LOG,/api/v1/financial,201,Web · Windows,1 transactions represented
a5379797-0942-45d7-a587-21e7c592c2c0,2025-10-05,6f168c2c-529c-4ec8-9932-90d1b493cf87,HABIT_UPDATE,/api/v1/habits,200,Web · Windows,4/5 scheduled habits completed
33cf0c7a-88e1-4eaf-a12c-9a35fb02e8b5,2025-10-06,6f168c2c-529c-4ec8-9932-90d1b493cf87,USER_LOGIN,/api/v1/auth/login,200,Web · Windows,Successful login
95aa2cf8-61c5-4db3-a358-628a111ee19b,2025-10-06,6f168c2c-529c-4ec8-9932-90d1b493cf87,STUDY_LOG,/api/v1/study,201,Web · Windows,1.5 study hours logged
839d2ff5-c33a-424b-a86d-d278efbe807e,2025-10-06,6f168c2c-529c-4ec8-9932-90d1b493cf87,HABIT_UPDATE,/api/v1/habits,200,Mobile · Android,3/4 scheduled habits completed
62e59cc3-cd4e-4717-a52e-3ff66c1f8261,2025-10-07,6f168c2c-529c-4ec8-9932-90d1b493cf87,USER_LOGIN,/api/v1/auth/login,200,Web · Windows,Successful login
8dd1e540-75ed-424b-ab41-2202d38d0b4b,2025-10-07,6f168c2c-529c-4ec8-9932-90d1b493cf87,FINANCIAL_LOG,/api/v1/financial,201,Web · Windows,3 transactions represented
942d4a80-5882-46a2-a84d-d09ed60b25c0,2025-10-07,6f168c2c-529c-4ec8-9932-90d1b493cf87,STUDY_LOG,/api/v1/study,201,Web · Windows,1.5 study hours logged
cde7993f-5cdf-46cf-a14d-9fec5d1948f1,2025-10-07,6f168c2c-529c-4ec8-9932-90d1b493cf87,HABIT_UPDATE,/api/v1/habits,200,Web · Windows,2/4 scheduled habits completed
f6114ca0-a5e6-4240-aa92-d7d6f140f54e,2025-10-08,6f168c2c-529c-4ec8-9932-90d1b493cf87,USER_LOGIN,/api/v1/auth/login,200,Web · Windows,Successful login
c0d7f00d-b242-4be1-a9c1-4c1f0b0c978a,2025-10-08,6f168c2c-529c-4ec8-9932-90d1b493cf87,FINANCIAL_LOG,/api/v1/financial,201,Web · Windows,3 transactions represented
4762ec91-ef38-4a39-a171-637964a268c5,2025-10-08,6f168c2c-529c-4ec8-9932-90d1b493cf87,STUDY_LOG,/api/v1/study,201,Mobile · Android,2.5 study hours logged
4b17cc20-e775-4f7e-a31d-5d031ec6b395,2025-10-08,6f168c2c-529c-4ec8-9932-90d1b493cf87,HABIT_UPDATE,/api/v1/habits,200,Web · Windows,3/4 scheduled habits completed
ec915b09-8609-431a-a00f-65a4de341c3a,2025-10-09,6f168c2c-529c-4ec8-9932-90d1b493cf87,USER_LOGIN,/api/v1/auth/login,200,Web · Windows,Successful login
dbdcf2e7-53b8-4d2b-a8a6-f4518990cc53,2025-10-09,6f168c2c-529c-4ec8-9932-90d1b493cf87,FINANCIAL_LOG,/api/v1/financial,201,Mobile · Android,2 transactions represented
b83b6751-44e2-47d7-a91b-5cace66f773a,2025-10-09,6f168c2c-529c-4ec8-9932-90d1b493cf87,STUDY_LOG,/api/v1/study,201,Mobile · Android,1.3 study hours logged
f1b11610-7b04-4546-a2b1-fc4459b59985,2025-10-09,6f168c2c-529c-4ec8-9932-90d1b493cf87,HABIT_UPDATE,/api/v1/habits,200,Web · Windows,3/4 scheduled habits completed
1be5ea39-053e-4a7e-a015-aeacad9d1d3a,2025-10-10,6f168c2c-529c-4ec8-9932-90d1b493cf87,USER_LOGIN,/api/v1/auth/login,200,Web · Windows,Successful login
e2f2fd17-bfe0-4d71-a70c-e07633f9eb3d,2025-10-10,6f168c2c-529c-4ec8-9932-90d1b493cf87,FINANCIAL_LOG,/api/v1/financial,201,Web · Windows,1 transactions represented
9a2c626b-d160-43cb-adb6-d42e492c47a6,2025-10-10,6f168c2c-529c-4ec8-9932-90d1b493cf87,STUDY_LOG,/api/v1/study,201,Web · Windows,3 study hours logged
288d4c5a-5354-4e61-a79c-ef119e298e67,2025-10-10,6f168c2c-529c-4ec8-9932-90d1b493cf87,HABIT_UPDATE,/api/v1/habits,200,Web · Windows,2/4 scheduled habits completed
ec86b8ee-5b16-49ac-a9b6-030a89b716a1,2025-10-11,6f168c2c-529c-4ec8-9932-90d1b493cf87,USER_LOGIN,/api/v1/auth/login,200,Web · Windows,Successful login
4e41c8cf-4c00-49b9-ab78-9a13487b562f,2025-10-11,6f168c2c-529c-4ec8-9932-90d1b493cf87,HABIT_UPDATE,/api/v1/habits,200,Web · Windows,0/4 scheduled habits completed
9ff97f12-4e39-4e5d-ae3a-6609927d39a1,2025-10-12,6f168c2c-529c-4ec8-9932-90d1b493cf87,USER_LOGIN,/api/v1/auth/login,200,Web · Windows,Successful login
ac32b6cb-752a-4762-a464-6fa2e83de8d9,2025-10-12,6f168c2c-529c-4ec8-9932-90d1b493cf87,FINANCIAL_LOG,/api/v1/financial,201,Web · Windows,1 transactions represented
7d764f74-4832-47c1-a889-5f5c8d14a41a,2025-10-12,6f168c2c-529c-4ec8-9932-90d1b493cf87,STUDY_LOG,/api/v1/study,201,Mobile · Android,2.6 study hours logged
a1aea52f-3dd8-4ebd-a2ee-0aa1fefe81a0,2025-10-12,6f168c2c-529c-4ec8-9932-90d1b493cf87,HABIT_UPDATE,/api/v1/habits,200,Mobile · Android,4/5 scheduled habits completed
bf64de13-457a-4b36-a757-1bbc8952ff21,2025-10-13,6f168c2c-529c-4ec8-9932-90d1b493cf87,USER_LOGIN,/api/v1/auth/login,200,Web · Windows,Successful login
1be9b55e-35a5-4ef2-ac56-ce0e3014a1f9,2025-10-13,6f168c2c-529c-4ec8-9932-90d1b493cf87,FINANCIAL_LOG,/api/v1/financial,201,Mobile · Android,1 transactions represented
c4d250eb-d145-4768-a3cc-e90140705370,2025-10-13,6f168c2c-529c-4ec8-9932-90d1b493cf87,STUDY_LOG,/api/v1/study,201,Web · Windows,1.9 study hours logged
7ee3ead5-d1b7-437c-a056-4bfe5c86223d,2025-10-13,6f168c2c-529c-4ec8-9932-90d1b493cf87,HABIT_UPDATE,/api/v1/habits,200,Web · Windows,2/4 scheduled habits completed
9d0a2b21-8eb7-4afb-acdb-73fb0a485078,2025-10-14,6f168c2c-529c-4ec8-9932-90d1b493cf87,USER_LOGIN,/api/v1/auth/login,200,Web · Windows,Successful login
3e4c3c51-7b41-4d97-ae82-7d5dccc2b3ea,2025-10-14,6f168c2c-529c-4ec8-9932-90d1b493cf87,FINANCIAL_LOG,/api/v1/financial,201,Web · Windows,1 transactions represented
bffbf16a-1934-4b0e-aa44-58b788d715b5,2025-10-14,6f168c2c-529c-4ec8-9932-90d1b493cf87,HABIT_UPDATE,/api/v1/habits,200,Web · Windows,4/4 scheduled habits completed
4259ffbb-4a20-4d6b-af41-a1ae77f0db5b,2025-10-15,6f168c2c-529c-4ec8-9932-90d1b493cf87,USER_LOGIN,/api/v1/auth/login,200,Web · Windows,Successful login
6bf2e355-8320-46f8-a2aa-26ffc7591b6f,2025-10-15,6f168c2c-529c-4ec8-9932-90d1b493cf87,FINANCIAL_LOG,/api/v1/financial,201,Web · Windows,1 transactions represented
dce29ba3-5ce7-42b1-a3ad-5ecaae947fc7,2025-10-15,6f168c2c-529c-4ec8-9932-90d1b493cf87,HABIT_UPDATE,/api/v1/habits,200,Web · Windows,4/4 scheduled habits completed
0e905613-dc14-4bf8-aac8-6a5e3776531b,2025-10-16,6f168c2c-529c-4ec8-9932-90d1b493cf87,USER_LOGIN,/api/v1/auth/login,200,Mobile · Android,Successful login
e4beec8d-d40b-48ca-aaed-212dc40b66e4,2025-10-16,6f168c2c-529c-4ec8-9932-90d1b493cf87,FINANCIAL_LOG,/api/v1/financial,201,Web · Windows,1 transactions represented
10d08605-945f-46b3-a716-f6c2527db5f9,2025-10-16,6f168c2c-529c-4ec8-9932-90d1b493cf87,HABIT_UPDATE,/api/v1/habits,200,Web · Windows,2/4 scheduled habits completed
c2ab3b0f-3377-47b5-aecf-e57f062ab712,2025-10-17,6f168c2c-529c-4ec8-9932-90d1b493cf87,USER_LOGIN,/api/v1/auth/login,200,Web · Windows,Successful login
10b69d1c-232e-417e-aba8-f2d5b038c2a9,2025-10-17,6f168c2c-529c-4ec8-9932-90d1b493cf87,FINANCIAL_LOG,/api/v1/financial,201,Web · Windows,2 transactions represented
95350231-f58e-448d-aa03-e5026695408c,2025-10-17,6f168c2c-529c-4ec8-9932-90d1b493cf87,HABIT_UPDATE,/api/v1/habits,200,Web · Windows,3/4 scheduled habits completed
2d5d3671-c7fb-4070-a060-d356609ae221,2025-10-18,6f168c2c-529c-4ec8-9932-90d1b493cf87,USER_LOGIN,/api/v1/auth/login,200,Mobile · Android,Successful login
41f1193d-b2b1-49ef-a9e1-789c049cad5f,2025-10-18,6f168c2c-529c-4ec8-9932-90d1b493cf87,FINANCIAL_LOG,/api/v1/financial,201,Web · Windows,1 transactions represented
5872fa57-60dd-4a20-afa8-60948aefe217,2025-10-18,6f168c2c-529c-4ec8-9932-90d1b493cf87,HABIT_UPDATE,/api/v1/habits,200,Mobile · Android,3/4 scheduled habits completed
706bdfb8-eb23-4b6f-a37f-0d144e1f8e2f,2025-10-19,6f168c2c-529c-4ec8-9932-90d1b493cf87,FINANCIAL_LOG,/api/v1/financial,201,Web · Windows,2 transactions represented
80ae9e5d-fa9f-4324-ae7d-03c8962da29e,2025-10-19,6f168c2c-529c-4ec8-9932-90d1b493cf87,STUDY_LOG,/api/v1/study,201,Mobile · Android,2.4 study hours logged
7a2801cd-18aa-41a7-a798-6bf3ad413478,2025-10-19,6f168c2c-529c-4ec8-9932-90d1b493cf87,HABIT_UPDATE,/api/v1/habits,200,Web · Windows,4/5 scheduled habits completed
61259e9b-cc4e-4eec-af50-1a2c8045eb30,2025-10-20,6f168c2c-529c-4ec8-9932-90d1b493cf87,USER_LOGIN,/api/v1/auth/login,200,Web · Windows,Successful login
910ed373-810d-40c0-addc-3edf6a28f789,2025-10-20,6f168c2c-529c-4ec8-9932-90d1b493cf87,FINANCIAL_LOG,/api/v1/financial,201,Web · Windows,1 transactions represented
6337b8f2-eee3-451d-a1e4-b8b4ce279b4f,2025-10-20,6f168c2c-529c-4ec8-9932-90d1b493cf87,HABIT_UPDATE,/api/v1/habits,200,Web · Windows,2/4 scheduled habits completed
98df3e27-52b1-44df-a8a2-63e8fe7f8af2,2025-10-21,6f168c2c-529c-4ec8-9932-90d1b493cf87,FINANCIAL_LOG,/api/v1/financial,201,Mobile · Android,2 transactions represented
6a142b7e-c6b3-48fc-a75e-3a170dfa8a07,2025-10-21,6f168c2c-529c-4ec8-9932-90d1b493cf87,STUDY_LOG,/api/v1/study,201,Mobile · Android,1 study hours logged
31ffb1d5-7324-4830-ad18-17c426e770ec,2025-10-21,6f168c2c-529c-4ec8-9932-90d1b493cf87,HABIT_UPDATE,/api/v1/habits,200,Web · Windows,3/4 scheduled habits completed
d35bbd48-97b5-4430-a07f-2d9a50f22895,2025-10-22,6f168c2c-529c-4ec8-9932-90d1b493cf87,USER_LOGIN,/api/v1/auth/login,200,Mobile · Android,Successful login
af5234f5-0b9c-4c66-a4bf-55d1d18fc4fe,2025-10-22,6f168c2c-529c-4ec8-9932-90d1b493cf87,FINANCIAL_LOG,/api/v1/financial,201,Mobile · Android,1 transactions represented
aff217cb-1b6b-4232-aa7a-209e1de63ab2,2025-10-22,6f168c2c-529c-4ec8-9932-90d1b493cf87,STUDY_LOG,/api/v1/study,201,Mobile · Android,1.8 study hours logged
4952b11b-d2fc-49e0-aba8-788b69504be6,2025-10-22,6f168c2c-529c-4ec8-9932-90d1b493cf87,HABIT_UPDATE,/api/v1/habits,200,Web · Windows,4/4 scheduled habits completed
5f0c2e18-0386-419b-a2f5-c959591f2f50,2025-10-23,6f168c2c-529c-4ec8-9932-90d1b493cf87,USER_LOGIN,/api/v1/auth/login,200,Mobile · Android,Successful login
645cd371-414f-4729-a05c-d93a30a1b6e2,2025-10-23,6f168c2c-529c-4ec8-9932-90d1b493cf87,FINANCIAL_LOG,/api/v1/financial,201,Web · Windows,2 transactions represented
64f39cc8-7943-46c7-ac7c-139e91f62085,2025-10-23,6f168c2c-529c-4ec8-9932-90d1b493cf87,STUDY_LOG,/api/v1/study,201,Mobile · Android,2.3 study hours logged
6ddfb661-5ce5-49c3-a179-0de887c733a8,2025-10-23,6f168c2c-529c-4ec8-9932-90d1b493cf87,HABIT_UPDATE,/api/v1/habits,200,Web · Windows,4/4 scheduled habits completed
4ec08959-c8bf-453e-abfc-6414a8afbad2,2025-10-24,6f168c2c-529c-4ec8-9932-90d1b493cf87,USER_LOGIN,/api/v1/auth/login,200,Web · Windows,Successful login
d799ce43-ab2e-4881-a95c-67faa87f68e8,2025-10-24,6f168c2c-529c-4ec8-9932-90d1b493cf87,FINANCIAL_LOG,/api/v1/financial,201,Mobile · Android,2 transactions represented
36403162-6db2-48ac-a5c8-5c134e5dbf1a,2025-10-24,6f168c2c-529c-4ec8-9932-90d1b493cf87,HABIT_UPDATE,/api/v1/habits,200,Web · Windows,2/4 scheduled habits completed
64e467cb-6bd3-4b74-a85a-ef5a200e0716,2025-10-25,6f168c2c-529c-4ec8-9932-90d1b493cf87,FINANCIAL_LOG,/api/v1/financial,201,Mobile · Android,1 transactions represented
168543f6-a599-4a8f-accd-bfef7ab090df,2025-10-25,6f168c2c-529c-4ec8-9932-90d1b493cf87,HABIT_UPDATE,/api/v1/habits,200,Web · Windows,3/4 scheduled habits completed
7716421f-d25a-4289-a6b5-4df810e1ebc1,2025-10-26,6f168c2c-529c-4ec8-9932-90d1b493cf87,USER_LOGIN,/api/v1/auth/login,200,Web · Windows,Successful login
a49c311d-2571-4449-a882-aee3a42212a5,2025-10-26,6f168c2c-529c-4ec8-9932-90d1b493cf87,FINANCIAL_LOG,/api/v1/financial,201,Mobile · Android,1 transactions represented
089df859-1af7-4cd8-afdb-c1c49f3f1991,2025-10-26,6f168c2c-529c-4ec8-9932-90d1b493cf87,STUDY_LOG,/api/v1/study,201,Web · Windows,1.9 study hours logged
e9b88e30-e05d-4cdf-ad45-cff963a84386,2025-10-26,6f168c2c-529c-4ec8-9932-90d1b493cf87,HABIT_UPDATE,/api/v1/habits,200,Web · Windows,4/5 scheduled habits completed
55fb3ad1-ed6e-4b69-a936-d59f6b5fdedc,2025-10-27,6f168c2c-529c-4ec8-9932-90d1b493cf87,FINANCIAL_LOG,/api/v1/financial,201,Web · Windows,1 transactions represented
3ebcf7d1-db8d-47ed-a16b-7b7d7c5d31a9,2025-10-27,6f168c2c-529c-4ec8-9932-90d1b493cf87,STUDY_LOG,/api/v1/study,201,Web · Windows,1.7 study hours logged
3cb9a01f-0404-4fd7-a44f-8132a8a4c02d,2025-10-27,6f168c2c-529c-4ec8-9932-90d1b493cf87,HABIT_UPDATE,/api/v1/habits,200,Web · Windows,3/4 scheduled habits completed
0d1d665d-79cb-40f2-a4dd-088ddeb24cec,2025-10-28,6f168c2c-529c-4ec8-9932-90d1b493cf87,FINANCIAL_LOG,/api/v1/financial,201,Web · Windows,2 transactions represented
655ece40-5f49-4cce-ad68-f7c5c019ac7c,2025-10-28,6f168c2c-529c-4ec8-9932-90d1b493cf87,STUDY_LOG,/api/v1/study,201,Web · Windows,2.7 study hours logged
c5916e17-356c-47c3-a2cc-d15869e3aa2a,2025-10-28,6f168c2c-529c-4ec8-9932-90d1b493cf87,HABIT_UPDATE,/api/v1/habits,200,Web · Windows,1/4 scheduled habits completed
2c56fb12-327d-4fc6-a795-9e34d4bbee16,2025-10-28,6f168c2c-529c-4ec8-9932-90d1b493cf87,ALERT_READ,/api/v1/alerts,200,Web · Windows,1 alert(s) reviewed
4b791427-c0b9-4047-a1e6-d25c9be18109,2025-10-29,6f168c2c-529c-4ec8-9932-90d1b493cf87,USER_LOGIN,/api/v1/auth/login,200,Web · Windows,Successful login
a06eca70-8c40-44db-adac-d5f98ce4b4d9,2025-10-29,6f168c2c-529c-4ec8-9932-90d1b493cf87,FINANCIAL_LOG,/api/v1/financial,201,Web · Windows,2 transactions represented
892476fa-bc1c-4699-a9a5-5f3b134e7d30,2025-10-29,6f168c2c-529c-4ec8-9932-90d1b493cf87,STUDY_LOG,/api/v1/study,201,Mobile · Android,2.1 study hours logged
85c6dd99-43e3-4db2-ad95-713bb3667604,2025-10-29,6f168c2c-529c-4ec8-9932-90d1b493cf87,HABIT_UPDATE,/api/v1/habits,200,Mobile · Android,2/4 scheduled habits completed
a40e4e23-66fe-4cf9-a1cd-b782f4bd6a16,2025-10-30,6f168c2c-529c-4ec8-9932-90d1b493cf87,USER_LOGIN,/api/v1/auth/login,200,Mobile · Android,Successful login
f0a95eb4-a784-4157-a2a3-56e9391c05fd,2025-10-30,6f168c2c-529c-4ec8-9932-90d1b493cf87,FINANCIAL_LOG,/api/v1/financial,201,Web · Windows,3 transactions represented
90aeeca7-4cc3-41a3-a13e-bbc2fc3a446b,2025-10-30,6f168c2c-529c-4ec8-9932-90d1b493cf87,HABIT_UPDATE,/api/v1/habits,200,Web · Windows,2/4 scheduled habits completed
aa53fed0-f29f-4195-af16-fed89150b46d,2025-10-31,6f168c2c-529c-4ec8-9932-90d1b493cf87,FINANCIAL_LOG,/api/v1/financial,201,Web · Windows,1 transactions represented
89a97315-1584-4bca-ad1d-426fafa1924f,2025-10-31,6f168c2c-529c-4ec8-9932-90d1b493cf87,STUDY_LOG,/api/v1/study,201,Web · Windows,2 study hours logged
49fd8ad6-de7d-4d3f-ad43-c437cdc28028,2025-10-31,6f168c2c-529c-4ec8-9932-90d1b493cf87,HABIT_UPDATE,/api/v1/habits,200,Web · Windows,4/4 scheduled habits completed
cf8ce9e1-5322-49eb-a058-45249c3f07f6,2025-11-01,6f168c2c-529c-4ec8-9932-90d1b493cf87,USER_LOGIN,/api/v1/auth/login,200,Mobile · Android,Successful login
f2197463-75e0-4f11-a8ef-feab7f94de6a,2025-11-01,6f168c2c-529c-4ec8-9932-90d1b493cf87,FINANCIAL_LOG,/api/v1/financial,201,Web · Windows,2 transactions represented
a81b36cf-6f14-46c7-a1a6-fcdbbde9cb5b,2025-11-01,6f168c2c-529c-4ec8-9932-90d1b493cf87,HABIT_UPDATE,/api/v1/habits,200,Web · Windows,3/4 scheduled habits completed
35edd1ac-8a6c-4399-ad68-f29b9e61ed7d,2025-11-02,6f168c2c-529c-4ec8-9932-90d1b493cf87,USER_LOGIN,/api/v1/auth/login,200,Web · Windows,Successful login
e535622d-3173-4524-a862-62c085a1cd2e,2025-11-02,6f168c2c-529c-4ec8-9932-90d1b493cf87,FINANCIAL_LOG,/api/v1/financial,201,Mobile · Android,2 transactions represented
bf8bcf40-b290-423b-a477-c43f9d515315,2025-11-02,6f168c2c-529c-4ec8-9932-90d1b493cf87,STUDY_LOG,/api/v1/study,201,Web · Windows,3.1 study hours logged
5d74eaa1-75f7-4e33-a09d-f7ecb01a61a0,2025-11-02,6f168c2c-529c-4ec8-9932-90d1b493cf87,HABIT_UPDATE,/api/v1/habits,200,Web · Windows,2/5 scheduled habits completed
8446d2d7-5f43-41be-affb-8aab2bb795dd,2025-11-03,6f168c2c-529c-4ec8-9932-90d1b493cf87,USER_LOGIN,/api/v1/auth/login,200,Web · Windows,Successful login
61c66616-cacc-425e-a259-47342bc18ec1,2025-11-03,6f168c2c-529c-4ec8-9932-90d1b493cf87,FINANCIAL_LOG,/api/v1/financial,201,Web · Windows,3 transactions represented
3ac36978-08a0-4a28-a83e-b40cf2bf17e7,2025-11-03,6f168c2c-529c-4ec8-9932-90d1b493cf87,STUDY_LOG,/api/v1/study,201,Web · Windows,2 study hours logged
6cc5436f-7204-4590-af19-c3ecfb6f87e8,2025-11-03,6f168c2c-529c-4ec8-9932-90d1b493cf87,HABIT_UPDATE,/api/v1/habits,200,Mobile · Android,3/4 scheduled habits completed
ccc9b986-183b-4c45-a53c-ac216393272b,2025-11-04,6f168c2c-529c-4ec8-9932-90d1b493cf87,USER_LOGIN,/api/v1/auth/login,200,Web · Windows,Successful login
71dd78f3-3ced-4754-a37d-745777e5a4de,2025-11-04,6f168c2c-529c-4ec8-9932-90d1b493cf87,STUDY_LOG,/api/v1/study,201,Web · Windows,2.8 study hours logged
b3a6ba46-f25e-4c86-a68c-cb185d53d1f3,2025-11-04,6f168c2c-529c-4ec8-9932-90d1b493cf87,HABIT_UPDATE,/api/v1/habits,200,Web · Windows,4/4 scheduled habits completed
fb0e32b4-1abd-42b7-a51b-51e49e725dc9,2025-11-05,6f168c2c-529c-4ec8-9932-90d1b493cf87,USER_LOGIN,/api/v1/auth/login,200,Web · Windows,Successful login
39f2ed85-0e22-4e40-a993-571ece843c28,2025-11-05,6f168c2c-529c-4ec8-9932-90d1b493cf87,FINANCIAL_LOG,/api/v1/financial,201,Web · Windows,3 transactions represented
ebebf1ad-94dc-47d4-ae4e-a4971b2c5739,2025-11-05,6f168c2c-529c-4ec8-9932-90d1b493cf87,STUDY_LOG,/api/v1/study,201,Web · Windows,2.9 study hours logged
37a55ea8-f501-412e-a0dc-d1940b6a0ec9,2025-11-05,6f168c2c-529c-4ec8-9932-90d1b493cf87,HABIT_UPDATE,/api/v1/habits,200,Web · Windows,3/4 scheduled habits completed
c5e63cdb-08e6-4037-ae0a-91cb2807f73c,2025-11-06,6f168c2c-529c-4ec8-9932-90d1b493cf87,USER_LOGIN,/api/v1/auth/login,200,Web · Windows,Successful login
51323952-7a71-4d68-afe4-a29b994d6633,2025-11-06,6f168c2c-529c-4ec8-9932-90d1b493cf87,FINANCIAL_LOG,/api/v1/financial,201,Web · Windows,3 transactions represented
25fb0ef7-cb78-4943-a3a1-ea5c47cd38c5,2025-11-06,6f168c2c-529c-4ec8-9932-90d1b493cf87,STUDY_LOG,/api/v1/study,201,Web · Windows,2 study hours logged
2ff719cc-8691-45af-a30a-253009fb0fe3,2025-11-06,6f168c2c-529c-4ec8-9932-90d1b493cf87,HABIT_UPDATE,/api/v1/habits,200,Web · Windows,4/4 scheduled habits completed
f36c0c07-6724-495a-a57a-16948c73cbb2,2025-11-07,6f168c2c-529c-4ec8-9932-90d1b493cf87,USER_LOGIN,/api/v1/auth/login,200,Mobile · Android,Successful login
35a8f1ea-80be-4c35-a9ae-dc1d7bafce32,2025-11-07,6f168c2c-529c-4ec8-9932-90d1b493cf87,FINANCIAL_LOG,/api/v1/financial,201,Web · Windows,2 transactions represented
9a176c90-bf9b-42d8-a265-bf7b0c249fa3,2025-11-07,6f168c2c-529c-4ec8-9932-90d1b493cf87,STUDY_LOG,/api/v1/study,201,Web · Windows,3.1 study hours logged
30fed3a1-eaf1-457e-a71d-f43ed5b7a2fd,2025-11-07,6f168c2c-529c-4ec8-9932-90d1b493cf87,HABIT_UPDATE,/api/v1/habits,200,Web · Windows,3/4 scheduled habits completed
f46193ee-ba90-4510-a3bc-d4e5b2918d3e,2025-11-08,6f168c2c-529c-4ec8-9932-90d1b493cf87,FINANCIAL_LOG,/api/v1/financial,201,Mobile · Android,2 transactions represented
b45c8e23-e0d5-403c-ae4c-213a23fb2d0a,2025-11-08,6f168c2c-529c-4ec8-9932-90d1b493cf87,HABIT_UPDATE,/api/v1/habits,200,Mobile · Android,3/4 scheduled habits completed
10ffbf15-d3ca-493a-a22c-27b4662c6529,2025-11-09,6f168c2c-529c-4ec8-9932-90d1b493cf87,USER_LOGIN,/api/v1/auth/login,200,Web · Windows,Successful login
8a004693-6e88-4f90-ac16-649aba65d488,2025-11-09,6f168c2c-529c-4ec8-9932-90d1b493cf87,STUDY_LOG,/api/v1/study,201,Web · Windows,2.9 study hours logged
77f33b85-000e-4fb9-a5a5-c8d926264913,2025-11-09,6f168c2c-529c-4ec8-9932-90d1b493cf87,HABIT_UPDATE,/api/v1/habits,200,Web · Windows,5/5 scheduled habits completed
f4cc43f8-f88a-4af4-a3ca-a127e0644a76,2025-11-10,6f168c2c-529c-4ec8-9932-90d1b493cf87,USER_LOGIN,/api/v1/auth/login,200,Mobile · Android,Successful login
3eb96aff-ee24-414e-a846-b6d761ed8317,2025-11-10,6f168c2c-529c-4ec8-9932-90d1b493cf87,FINANCIAL_LOG,/api/v1/financial,201,Mobile · Android,4 transactions represented
923f9c85-18e0-4250-aaa8-e15ca90e5414,2025-11-10,6f168c2c-529c-4ec8-9932-90d1b493cf87,STUDY_LOG,/api/v1/study,201,Web · Windows,1.2 study hours logged
b511ad11-596a-4220-aa1b-cf74af64c262,2025-11-10,6f168c2c-529c-4ec8-9932-90d1b493cf87,HABIT_UPDATE,/api/v1/habits,200,Web · Windows,3/4 scheduled habits completed
6b6a0877-4fdd-4e94-a19b-bb2cd1a996fc,2025-11-11,6f168c2c-529c-4ec8-9932-90d1b493cf87,USER_LOGIN,/api/v1/auth/login,200,Web · Windows,Successful login
9d0cfdb1-d40f-408e-ae7a-172605dea1c8,2025-11-11,6f168c2c-529c-4ec8-9932-90d1b493cf87,FINANCIAL_LOG,/api/v1/financial,201,Web · Windows,2 transactions represented
540ae456-2700-43ec-af73-e31e57269ebb,2025-11-11,6f168c2c-529c-4ec8-9932-90d1b493cf87,HABIT_UPDATE,/api/v1/habits,200,Mobile · Android,4/4 scheduled habits completed
5a346f54-d4e3-44c5-ae00-394da7c5adfe,2025-11-12,6f168c2c-529c-4ec8-9932-90d1b493cf87,USER_LOGIN,/api/v1/auth/login,200,Web · Windows,Successful login
4d1ae0f0-4215-4fb5-aa4d-01af0217a3a5,2025-11-12,6f168c2c-529c-4ec8-9932-90d1b493cf87,STUDY_LOG,/api/v1/study,201,Web · Windows,1.5 study hours logged
a42b2052-8866-46c4-a959-9d585f2207ba,2025-11-12,6f168c2c-529c-4ec8-9932-90d1b493cf87,HABIT_UPDATE,/api/v1/habits,200,Web · Windows,2/4 scheduled habits completed
39a76577-74a6-469a-a4f5-28a49df13f82,2025-11-13,6f168c2c-529c-4ec8-9932-90d1b493cf87,USER_LOGIN,/api/v1/auth/login,200,Web · Windows,Successful login
7ea9415a-1a29-4332-a89b-62ebd073905b,2025-11-13,6f168c2c-529c-4ec8-9932-90d1b493cf87,FINANCIAL_LOG,/api/v1/financial,201,Web · Windows,1 transactions represented
e5a78c57-98e8-4703-a11a-6b27d7ca4b4f,2025-11-13,6f168c2c-529c-4ec8-9932-90d1b493cf87,HABIT_UPDATE,/api/v1/habits,200,Mobile · Android,3/4 scheduled habits completed
fac9a21e-4eb0-4976-a577-8a13d3d872d6,2025-11-14,6f168c2c-529c-4ec8-9932-90d1b493cf87,USER_LOGIN,/api/v1/auth/login,200,Web · Windows,Successful login
2e534201-e1ee-4f50-ae18-18483e7a63d0,2025-11-14,6f168c2c-529c-4ec8-9932-90d1b493cf87,FINANCIAL_LOG,/api/v1/financial,201,Web · Windows,1 transactions represented
30381ac3-e26f-4db9-af5e-cf0e99ce6c4c,2025-11-14,6f168c2c-529c-4ec8-9932-90d1b493cf87,HABIT_UPDATE,/api/v1/habits,200,Web · Windows,1/4 scheduled habits completed
ed6c3cc7-21b3-4bc7-a759-cbf1fb28737c,2025-11-14,6f168c2c-529c-4ec8-9932-90d1b493cf87,ALERT_READ,/api/v1/alerts,200,Mobile · Android,1 alert(s) reviewed
1e433d2c-ed1e-4ff8-ae80-bc40f6015808,2025-11-15,6f168c2c-529c-4ec8-9932-90d1b493cf87,USER_LOGIN,/api/v1/auth/login,200,Web · Windows,Successful login
066b21cd-5609-470e-a0e2-c593e1e11d22,2025-11-15,6f168c2c-529c-4ec8-9932-90d1b493cf87,FINANCIAL_LOG,/api/v1/financial,201,Web · Windows,1 transactions represented
4d38229f-a25d-4484-a2c2-36bd334f2e4c,2025-11-15,6f168c2c-529c-4ec8-9932-90d1b493cf87,HABIT_UPDATE,/api/v1/habits,200,Mobile · Android,2/4 scheduled habits completed
ca59bca1-3053-4e5d-a176-3178ceafd992,2025-11-16,6f168c2c-529c-4ec8-9932-90d1b493cf87,USER_LOGIN,/api/v1/auth/login,200,Web · Windows,Successful login
07099abf-fb76-44e9-a0c3-5ddd749ca3f9,2025-11-16,6f168c2c-529c-4ec8-9932-90d1b493cf87,FINANCIAL_LOG,/api/v1/financial,201,Web · Windows,2 transactions represented
5790e531-89e5-490e-a243-ed484884b414,2025-11-16,6f168c2c-529c-4ec8-9932-90d1b493cf87,HABIT_UPDATE,/api/v1/habits,200,Mobile · Android,3/5 scheduled habits completed
d4449728-60cd-47cd-a47d-9d0c40b32241,2025-11-17,6f168c2c-529c-4ec8-9932-90d1b493cf87,USER_LOGIN,/api/v1/auth/login,200,Mobile · Android,Successful login
46982a76-e93a-4525-a5ff-525197826b78,2025-11-17,6f168c2c-529c-4ec8-9932-90d1b493cf87,FINANCIAL_LOG,/api/v1/financial,201,Mobile · Android,1 transactions represented
c6e4e476-bae5-49c2-a282-54075ecbc34d,2025-11-17,6f168c2c-529c-4ec8-9932-90d1b493cf87,STUDY_LOG,/api/v1/study,201,Web · Windows,3 study hours logged
14f052e6-aefe-4854-aaec-ac22e7a9eec7,2025-11-17,6f168c2c-529c-4ec8-9932-90d1b493cf87,HABIT_UPDATE,/api/v1/habits,200,Web · Windows,3/4 scheduled habits completed
ab00486a-517d-4505-ae78-525181ed115e,2025-11-18,6f168c2c-529c-4ec8-9932-90d1b493cf87,USER_LOGIN,/api/v1/auth/login,200,Web · Windows,Successful login
cb9dbd10-5bad-4945-a34a-2f0abf3cc820,2025-11-18,6f168c2c-529c-4ec8-9932-90d1b493cf87,FINANCIAL_LOG,/api/v1/financial,201,Web · Windows,2 transactions represented
f8a4d5d7-d63f-46ae-a15b-016142283a05,2025-11-18,6f168c2c-529c-4ec8-9932-90d1b493cf87,HABIT_UPDATE,/api/v1/habits,200,Mobile · Android,4/4 scheduled habits completed
83997da4-a039-4a2d-adf5-a1a5205de40b,2025-11-19,6f168c2c-529c-4ec8-9932-90d1b493cf87,USER_LOGIN,/api/v1/auth/login,200,Web · Windows,Successful login
4fab3942-e021-4b17-a384-38ef6031dcb8,2025-11-19,6f168c2c-529c-4ec8-9932-90d1b493cf87,FINANCIAL_LOG,/api/v1/financial,201,Web · Windows,2 transactions represented
73beadb1-cc20-4b4c-a7a5-94feda8b3470,2025-11-19,6f168c2c-529c-4ec8-9932-90d1b493cf87,STUDY_LOG,/api/v1/study,201,Web · Windows,2.1 study hours logged
9caa7437-8cfa-4e8d-a857-b52cdaf9f3f9,2025-11-19,6f168c2c-529c-4ec8-9932-90d1b493cf87,HABIT_UPDATE,/api/v1/habits,200,Web · Windows,2/4 scheduled habits completed
93a25de4-e0ad-4358-a920-271ab0028189,2025-11-20,6f168c2c-529c-4ec8-9932-90d1b493cf87,USER_LOGIN,/api/v1/auth/login,200,Web · Windows,Successful login
b56314bd-d099-415f-a7f3-f48ca5dc9808,2025-11-20,6f168c2c-529c-4ec8-9932-90d1b493cf87,FINANCIAL_LOG,/api/v1/financial,201,Web · Windows,2 transactions represented
aab84b64-b31b-44ab-a647-7b56723b1acf,2025-11-20,6f168c2c-529c-4ec8-9932-90d1b493cf87,STUDY_LOG,/api/v1/study,201,Mobile · Android,1.2 study hours logged
847331ab-ba16-4140-a1af-adf037f3e009,2025-11-20,6f168c2c-529c-4ec8-9932-90d1b493cf87,HABIT_UPDATE,/api/v1/habits,200,Web · Windows,2/4 scheduled habits completed
1ac0a1cd-7f1d-46bb-a4c6-4c708fe39f69,2025-11-21,6f168c2c-529c-4ec8-9932-90d1b493cf87,USER_LOGIN,/api/v1/auth/login,200,Web · Windows,Successful login
8e327cc8-9474-48d8-acc1-b4ada697857c,2025-11-21,6f168c2c-529c-4ec8-9932-90d1b493cf87,FINANCIAL_LOG,/api/v1/financial,201,Web · Windows,3 transactions represented
6d1ee43a-da0e-41c5-a6ed-050c3bd60e49,2025-11-21,6f168c2c-529c-4ec8-9932-90d1b493cf87,STUDY_LOG,/api/v1/study,201,Web · Windows,2.8 study hours logged
bb89932c-750e-4538-ad9a-98fede295a77,2025-11-21,6f168c2c-529c-4ec8-9932-90d1b493cf87,HABIT_UPDATE,/api/v1/habits,200,Web · Windows,3/4 scheduled habits completed
e7fcfb1f-edab-4ac3-a6e4-450ccdb1198e,2025-11-22,6f168c2c-529c-4ec8-9932-90d1b493cf87,USER_LOGIN,/api/v1/auth/login,200,Mobile · Android,Successful login
96a8ebef-a05a-460c-a553-f3e7f650084d,2025-11-22,6f168c2c-529c-4ec8-9932-90d1b493cf87,FINANCIAL_LOG,/api/v1/financial,201,Mobile · Android,2 transactions represented
9e751530-06ee-4ccd-a000-42315a7b501a,2025-11-22,6f168c2c-529c-4ec8-9932-90d1b493cf87,STUDY_LOG,/api/v1/study,201,Mobile · Android,4.1 study hours logged
13fe8dea-82de-4d5e-a543-8f2a51f067c2,2025-11-22,6f168c2c-529c-4ec8-9932-90d1b493cf87,HABIT_UPDATE,/api/v1/habits,200,Web · Windows,4/4 scheduled habits completed
73819567-6fcc-407f-af8b-9a19bee03541,2025-11-23,6f168c2c-529c-4ec8-9932-90d1b493cf87,USER_LOGIN,/api/v1/auth/login,200,Web · Windows,Successful login
659ab9bf-dab5-4531-ab9e-fcaa9a169270,2025-11-23,6f168c2c-529c-4ec8-9932-90d1b493cf87,FINANCIAL_LOG,/api/v1/financial,201,Web · Windows,2 transactions represented
9e5c6dc2-d532-4f34-a2e4-ca2837d24322,2025-11-23,6f168c2c-529c-4ec8-9932-90d1b493cf87,STUDY_LOG,/api/v1/study,201,Mobile · Android,2.3 study hours logged
e03bc7b5-3cb8-4a1e-aa46-8892c4881f69,2025-11-23,6f168c2c-529c-4ec8-9932-90d1b493cf87,HABIT_UPDATE,/api/v1/habits,200,Web · Windows,3/5 scheduled habits completed
dd4e8bac-f361-459a-aae4-2f8adb485077,2025-11-24,6f168c2c-529c-4ec8-9932-90d1b493cf87,FINANCIAL_LOG,/api/v1/financial,201,Mobile · Android,2 transactions represented
90ff769b-7e06-4298-ae9b-5f5cca7fe766,2025-11-24,6f168c2c-529c-4ec8-9932-90d1b493cf87,STUDY_LOG,/api/v1/study,201,Web · Windows,3.5 study hours logged
cf07680c-8b71-4051-ae5f-d9286790ba64,2025-11-24,6f168c2c-529c-4ec8-9932-90d1b493cf87,HABIT_UPDATE,/api/v1/habits,200,Web · Windows,4/4 scheduled habits completed
2cc4a3e1-88a4-42e3-ad68-a6df672f0ec4,2025-11-25,6f168c2c-529c-4ec8-9932-90d1b493cf87,USER_LOGIN,/api/v1/auth/login,200,Mobile · Android,Successful login
d9dfd569-b08d-4377-a6d8-ce27e405372e,2025-11-25,6f168c2c-529c-4ec8-9932-90d1b493cf87,FINANCIAL_LOG,/api/v1/financial,201,Web · Windows,2 transactions represented
6fc8cf3e-f0fd-492c-a827-f51a25f5899f,2025-11-25,6f168c2c-529c-4ec8-9932-90d1b493cf87,STUDY_LOG,/api/v1/study,201,Mobile · Android,2.8 study hours logged
6d70f6b6-160f-4e0a-a45a-30be5d77f46d,2025-11-25,6f168c2c-529c-4ec8-9932-90d1b493cf87,HABIT_UPDATE,/api/v1/habits,200,Mobile · Android,3/4 scheduled habits completed
195cee34-401f-4848-aa45-ef01973578ff,2025-11-26,6f168c2c-529c-4ec8-9932-90d1b493cf87,USER_LOGIN,/api/v1/auth/login,200,Web · Windows,Successful login
8db3f13d-8cd5-4496-a09e-3afc33580000,2025-11-26,6f168c2c-529c-4ec8-9932-90d1b493cf87,HABIT_UPDATE,/api/v1/habits,200,Web · Windows,3/4 scheduled habits completed
b867fbe8-cee9-4845-a8b6-01d3c63ccf5f,2025-11-26,6f168c2c-529c-4ec8-9932-90d1b493cf87,ALERT_READ,/api/v1/alerts,200,Web · Windows,1 alert(s) reviewed
14ce948b-bbfb-4d6e-a5c5-bdedfa91dd22,2025-11-27,6f168c2c-529c-4ec8-9932-90d1b493cf87,USER_LOGIN,/api/v1/auth/login,200,Web · Windows,Successful login
4d563072-a3ff-4c60-a00b-5ca5baaa2981,2025-11-27,6f168c2c-529c-4ec8-9932-90d1b493cf87,FINANCIAL_LOG,/api/v1/financial,201,Mobile · Android,2 transactions represented
556ead3b-dbe5-4fa2-a4a6-054d510b763b,2025-11-27,6f168c2c-529c-4ec8-9932-90d1b493cf87,STUDY_LOG,/api/v1/study,201,Web · Windows,1.7 study hours logged
044a832a-e4ff-4844-abd4-3b6cb5aec327,2025-11-27,6f168c2c-529c-4ec8-9932-90d1b493cf87,HABIT_UPDATE,/api/v1/habits,200,Mobile · Android,2/4 scheduled habits completed
75a3c918-d1d5-4f3d-a89c-565db4ec8b7d,2025-11-28,6f168c2c-529c-4ec8-9932-90d1b493cf87,USER_LOGIN,/api/v1/auth/login,200,Mobile · Android,Successful login
5b525a2c-ef64-4846-a9d2-d948895a0293,2025-11-28,6f168c2c-529c-4ec8-9932-90d1b493cf87,FINANCIAL_LOG,/api/v1/financial,201,Mobile · Android,2 transactions represented
59efb1c0-8c5c-4d96-a5d9-bab531ec9bd7,2025-11-28,6f168c2c-529c-4ec8-9932-90d1b493cf87,HABIT_UPDATE,/api/v1/habits,200,Mobile · Android,3/4 scheduled habits completed
910615aa-3091-41e2-a7a9-43bc535a5311,2025-11-29,6f168c2c-529c-4ec8-9932-90d1b493cf87,FINANCIAL_LOG,/api/v1/financial,201,Mobile · Android,2 transactions represented
3bef4a4b-f993-4209-aaf5-bdb9f8bc72b6,2025-11-29,6f168c2c-529c-4ec8-9932-90d1b493cf87,HABIT_UPDATE,/api/v1/habits,200,Web · Windows,2/4 scheduled habits completed
f2977cba-aca9-4a3b-a647-a020f3ede1c0,2025-11-29,6f168c2c-529c-4ec8-9932-90d1b493cf87,ALERT_READ,/api/v1/alerts,200,Web · Windows,1 alert(s) reviewed
e7f1b6ea-a3cb-4939-a136-543faed34d7d,2025-11-30,6f168c2c-529c-4ec8-9932-90d1b493cf87,USER_LOGIN,/api/v1/auth/login,200,Web · Windows,Successful login
3da70085-3e56-4012-a3eb-36dc978ee044,2025-11-30,6f168c2c-529c-4ec8-9932-90d1b493cf87,FINANCIAL_LOG,/api/v1/financial,201,Web · Windows,1 transactions represented
8330936c-edd8-4d7b-a288-e3aab6cba404,2025-11-30,6f168c2c-529c-4ec8-9932-90d1b493cf87,STUDY_LOG,/api/v1/study,201,Web · Windows,3.6 study hours logged
14bc42de-8532-44ab-aaff-10be7b81b6b4,2025-11-30,6f168c2c-529c-4ec8-9932-90d1b493cf87,HABIT_UPDATE,/api/v1/habits,200,Mobile · Android,3/5 scheduled habits completed
166242c2-2e3f-474a-abde-24fc33463bb7,2025-12-01,6f168c2c-529c-4ec8-9932-90d1b493cf87,USER_LOGIN,/api/v1/auth/login,200,Web · Windows,Successful login
c85d603a-0cbc-4509-ad96-b442ef900bf1,2025-12-01,6f168c2c-529c-4ec8-9932-90d1b493cf87,FINANCIAL_LOG,/api/v1/financial,201,Web · Windows,2 transactions represented
6885e3b7-b5d0-4a36-a1e3-7a5018266ae7,2025-12-01,6f168c2c-529c-4ec8-9932-90d1b493cf87,STUDY_LOG,/api/v1/study,201,Mobile · Android,3.4 study hours logged
edb8883b-ce03-498d-a356-01fb258e841f,2025-12-01,6f168c2c-529c-4ec8-9932-90d1b493cf87,HABIT_UPDATE,/api/v1/habits,200,Web · Windows,4/4 scheduled habits completed
a6a41306-a9b9-42d2-a205-9ee23dac85f4,2025-12-02,6f168c2c-529c-4ec8-9932-90d1b493cf87,USER_LOGIN,/api/v1/auth/login,200,Mobile · Android,Successful login
e6dc1f8e-f45f-4542-acf8-5c943f182776,2025-12-02,6f168c2c-529c-4ec8-9932-90d1b493cf87,FINANCIAL_LOG,/api/v1/financial,201,Web · Windows,3 transactions represented
cb345ebe-c025-4e4f-a59a-052597329cd8,2025-12-02,6f168c2c-529c-4ec8-9932-90d1b493cf87,STUDY_LOG,/api/v1/study,201,Web · Windows,3.9 study hours logged
c26252d0-5bb7-4144-ae04-0b4312d6c01d,2025-12-02,6f168c2c-529c-4ec8-9932-90d1b493cf87,HABIT_UPDATE,/api/v1/habits,200,Mobile · Android,2/4 scheduled habits completed
01568041-6867-4947-a500-af20da0f1a79,2025-12-02,6f168c2c-529c-4ec8-9932-90d1b493cf87,ALERT_READ,/api/v1/alerts,200,Mobile · Android,1 alert(s) reviewed
bdc36150-4ef0-4511-a745-f6cd065ed18a,2025-12-03,6f168c2c-529c-4ec8-9932-90d1b493cf87,USER_LOGIN,/api/v1/auth/login,200,Mobile · Android,Successful login
87ba9b3b-3814-4547-a461-dc42b409b8d0,2025-12-03,6f168c2c-529c-4ec8-9932-90d1b493cf87,FINANCIAL_LOG,/api/v1/financial,201,Mobile · Android,3 transactions represented
f6bfb927-7b81-4824-a817-b13b2636e58f,2025-12-03,6f168c2c-529c-4ec8-9932-90d1b493cf87,HABIT_UPDATE,/api/v1/habits,200,Web · Windows,2/4 scheduled habits completed
e756ebe3-f9eb-4770-a19b-ffb0d8cffdf3,2025-12-04,6f168c2c-529c-4ec8-9932-90d1b493cf87,USER_LOGIN,/api/v1/auth/login,200,Web · Windows,Successful login
c95820f7-a7c3-4cbd-ab20-6e4ca894b32c,2025-12-04,6f168c2c-529c-4ec8-9932-90d1b493cf87,FINANCIAL_LOG,/api/v1/financial,201,Web · Windows,2 transactions represented
0e690bc2-acc0-4688-ac7b-9512a7b7007f,2025-12-04,6f168c2c-529c-4ec8-9932-90d1b493cf87,STUDY_LOG,/api/v1/study,201,Web · Windows,1.5 study hours logged
13a47666-1575-41cb-ae23-63e55b30c6ac,2025-12-04,6f168c2c-529c-4ec8-9932-90d1b493cf87,HABIT_UPDATE,/api/v1/habits,200,Web · Windows,3/4 scheduled habits completed
3f349f6e-7e9b-4490-a339-d116130a6fc2,2025-12-05,6f168c2c-529c-4ec8-9932-90d1b493cf87,USER_LOGIN,/api/v1/auth/login,200,Mobile · Android,Successful login
c705916d-e69b-4a0f-ad9e-47624664f9a8,2025-12-05,6f168c2c-529c-4ec8-9932-90d1b493cf87,FINANCIAL_LOG,/api/v1/financial,201,Web · Windows,2 transactions represented
f5f206d6-af0f-443d-a8f5-bea90df31ebc,2025-12-05,6f168c2c-529c-4ec8-9932-90d1b493cf87,STUDY_LOG,/api/v1/study,201,Web · Windows,3 study hours logged
851655de-aecd-4973-a312-f4db14f40aeb,2025-12-05,6f168c2c-529c-4ec8-9932-90d1b493cf87,HABIT_UPDATE,/api/v1/habits,200,Web · Windows,4/4 scheduled habits completed
9e59cb83-e7bc-4d1f-a7f3-39b178d9fe91,2025-12-06,6f168c2c-529c-4ec8-9932-90d1b493cf87,FINANCIAL_LOG,/api/v1/financial,201,Web · Windows,1 transactions represented
db313e5d-7a1d-4a0a-a53f-b1e0e13d4c96,2025-12-06,6f168c2c-529c-4ec8-9932-90d1b493cf87,STUDY_LOG,/api/v1/study,201,Web · Windows,3.2 study hours logged
9a048ea7-4296-4812-a37c-82117622cf60,2025-12-06,6f168c2c-529c-4ec8-9932-90d1b493cf87,HABIT_UPDATE,/api/v1/habits,200,Mobile · Android,3/4 scheduled habits completed
6c8018da-8904-4d95-ad38-fa05d9e2f8fb,2025-12-07,6f168c2c-529c-4ec8-9932-90d1b493cf87,FINANCIAL_LOG,/api/v1/financial,201,Mobile · Android,3 transactions represented
11c905ed-4211-481d-a620-c32ce9084f50,2025-12-07,6f168c2c-529c-4ec8-9932-90d1b493cf87,STUDY_LOG,/api/v1/study,201,Mobile · Android,1.3 study hours logged
a5b6b878-65de-4dc9-a42f-3be74d227775,2025-12-07,6f168c2c-529c-4ec8-9932-90d1b493cf87,HABIT_UPDATE,/api/v1/habits,200,Mobile · Android,5/5 scheduled habits completed
6407ef39-0a7a-4b03-a2e9-cff66b9e6e1b,2025-12-08,6f168c2c-529c-4ec8-9932-90d1b493cf87,USER_LOGIN,/api/v1/auth/login,200,Web · Windows,Successful login
78330a52-e909-483d-ac60-9fcb5ef1cc26,2025-12-08,6f168c2c-529c-4ec8-9932-90d1b493cf87,FINANCIAL_LOG,/api/v1/financial,201,Web · Windows,2 transactions represented
c2d885de-8b16-4c89-ac0f-a49bdecf321b,2025-12-08,6f168c2c-529c-4ec8-9932-90d1b493cf87,STUDY_LOG,/api/v1/study,201,Mobile · Android,1.8 study hours logged
f1d0171a-9b5d-40dd-a305-cd1236dd1b01,2025-12-08,6f168c2c-529c-4ec8-9932-90d1b493cf87,HABIT_UPDATE,/api/v1/habits,200,Web · Windows,2/4 scheduled habits completed
79a06f13-2425-4670-acb4-541d62f0904a,2025-12-09,6f168c2c-529c-4ec8-9932-90d1b493cf87,USER_LOGIN,/api/v1/auth/login,200,Mobile · Android,Successful login
0c574ff3-ae97-4b01-a048-d6a67c22f104,2025-12-09,6f168c2c-529c-4ec8-9932-90d1b493cf87,FINANCIAL_LOG,/api/v1/financial,201,Web · Windows,1 transactions represented
9911e565-3241-472c-af5b-d262bfc18622,2025-12-09,6f168c2c-529c-4ec8-9932-90d1b493cf87,STUDY_LOG,/api/v1/study,201,Web · Windows,1.1 study hours logged
44197221-658b-49a2-a22d-d4c612247610,2025-12-09,6f168c2c-529c-4ec8-9932-90d1b493cf87,HABIT_UPDATE,/api/v1/habits,200,Web · Windows,4/4 scheduled habits completed
2e09e232-22bc-4aa4-a2f1-881bbd778889,2025-12-10,6f168c2c-529c-4ec8-9932-90d1b493cf87,USER_LOGIN,/api/v1/auth/login,200,Mobile · Android,Successful login
6b859498-1c40-433d-a2c6-92c8fa5c8c40,2025-12-10,6f168c2c-529c-4ec8-9932-90d1b493cf87,FINANCIAL_LOG,/api/v1/financial,201,Web · Windows,3 transactions represented
a92373a1-2fb4-41fd-aca3-12cf796ca128,2025-12-10,6f168c2c-529c-4ec8-9932-90d1b493cf87,HABIT_UPDATE,/api/v1/habits,200,Web · Windows,1/4 scheduled habits completed
749de5cb-92a2-40af-ae35-01f73710ddc3,2025-12-10,6f168c2c-529c-4ec8-9932-90d1b493cf87,ALERT_READ,/api/v1/alerts,200,Web · Windows,2 alert(s) reviewed
586ecc2a-cda4-4e28-af50-5988f4d9f0a5,2025-12-11,6f168c2c-529c-4ec8-9932-90d1b493cf87,USER_LOGIN,/api/v1/auth/login,200,Web · Windows,Successful login
542c650a-4ee1-49a9-a107-7963262ddd55,2025-12-11,6f168c2c-529c-4ec8-9932-90d1b493cf87,FINANCIAL_LOG,/api/v1/financial,201,Web · Windows,3 transactions represented
d1c1d041-dd8a-475e-a511-488b1f938f77,2025-12-11,6f168c2c-529c-4ec8-9932-90d1b493cf87,STUDY_LOG,/api/v1/study,201,Mobile · Android,3.8 study hours logged
33bff7c9-fe42-4d8b-a583-52085cc54576,2025-12-11,6f168c2c-529c-4ec8-9932-90d1b493cf87,HABIT_UPDATE,/api/v1/habits,200,Web · Windows,3/4 scheduled habits completed
0135fa35-394a-4155-a505-a8afd9c827eb,2025-12-12,6f168c2c-529c-4ec8-9932-90d1b493cf87,USER_LOGIN,/api/v1/auth/login,200,Mobile · Android,Successful login
72ccef5f-98e2-44e0-a3c7-630b3ff719ba,2025-12-12,6f168c2c-529c-4ec8-9932-90d1b493cf87,FINANCIAL_LOG,/api/v1/financial,201,Web · Windows,2 transactions represented
8588a572-0f5e-4d6f-acce-64557c4abce1,2025-12-12,6f168c2c-529c-4ec8-9932-90d1b493cf87,HABIT_UPDATE,/api/v1/habits,200,Web · Windows,4/4 scheduled habits completed
1f053d31-5e7f-4c7b-aafd-6ea282b3764d,2025-12-13,6f168c2c-529c-4ec8-9932-90d1b493cf87,STUDY_LOG,/api/v1/study,201,Web · Windows,3.3 study hours logged
9d3322c2-f12e-4171-a929-3211269f6d11,2025-12-13,6f168c2c-529c-4ec8-9932-90d1b493cf87,HABIT_UPDATE,/api/v1/habits,200,Web · Windows,2/4 scheduled habits completed
2e3f9112-4c94-444f-ac0f-3cc4870b65b2,2025-12-14,6f168c2c-529c-4ec8-9932-90d1b493cf87,USER_LOGIN,/api/v1/auth/login,200,Mobile · Android,Successful login
1145c93f-f046-49f1-ac6e-f39eca7e41af,2025-12-14,6f168c2c-529c-4ec8-9932-90d1b493cf87,FINANCIAL_LOG,/api/v1/financial,201,Web · Windows,1 transactions represented
126a16ad-9f35-4ab6-a443-04e2c4837b2c,2025-12-14,6f168c2c-529c-4ec8-9932-90d1b493cf87,STUDY_LOG,/api/v1/study,201,Web · Windows,2.7 study hours logged
222dc626-dd8b-4e71-a826-d063de7aa2fd,2025-12-14,6f168c2c-529c-4ec8-9932-90d1b493cf87,HABIT_UPDATE,/api/v1/habits,200,Web · Windows,4/5 scheduled habits completed
f10711b3-5209-43e4-a52c-45e0f5d42285,2025-12-15,6f168c2c-529c-4ec8-9932-90d1b493cf87,USER_LOGIN,/api/v1/auth/login,200,Mobile · Android,Successful login
e95e5a5f-ff49-41eb-ae7c-eb08ba4fe151,2025-12-15,6f168c2c-529c-4ec8-9932-90d1b493cf87,FINANCIAL_LOG,/api/v1/financial,201,Web · Windows,1 transactions represented
be603ea8-60f6-4488-ab5b-f85585027b97,2025-12-15,6f168c2c-529c-4ec8-9932-90d1b493cf87,STUDY_LOG,/api/v1/study,201,Web · Windows,2.7 study hours logged
9bbbca22-c173-49d9-a48d-485044ad20c9,2025-12-15,6f168c2c-529c-4ec8-9932-90d1b493cf87,HABIT_UPDATE,/api/v1/habits,200,Web · Windows,2/4 scheduled habits completed
a2dacee0-22fa-402e-ae70-262f4aef502c,2025-12-16,6f168c2c-529c-4ec8-9932-90d1b493cf87,USER_LOGIN,/api/v1/auth/login,200,Web · Windows,Successful login
334055e7-29d7-49ed-acdf-2a8cdae81333,2025-12-16,6f168c2c-529c-4ec8-9932-90d1b493cf87,FINANCIAL_LOG,/api/v1/financial,201,Web · Windows,1 transactions represented
b2e13015-b2e0-40cc-add0-159a9ed70809,2025-12-16,6f168c2c-529c-4ec8-9932-90d1b493cf87,STUDY_LOG,/api/v1/study,201,Web · Windows,2 study hours logged
b5b54325-f7b2-48a3-aef9-588c95f6221c,2025-12-16,6f168c2c-529c-4ec8-9932-90d1b493cf87,HABIT_UPDATE,/api/v1/habits,200,Mobile · Android,4/4 scheduled habits completed
94340457-6081-4dfc-a59a-8b57208c8dd5,2025-12-17,6f168c2c-529c-4ec8-9932-90d1b493cf87,USER_LOGIN,/api/v1/auth/login,200,Web · Windows,Successful login
07c8d43e-da0b-4f3a-a3b3-6f045501fd02,2025-12-17,6f168c2c-529c-4ec8-9932-90d1b493cf87,FINANCIAL_LOG,/api/v1/financial,201,Web · Windows,2 transactions represented
3c2b4e37-684d-4b28-a365-387391fad961,2025-12-17,6f168c2c-529c-4ec8-9932-90d1b493cf87,STUDY_LOG,/api/v1/study,201,Mobile · Android,2.7 study hours logged
08f1d093-c110-4d25-a0bd-7b84f7dc12a6,2025-12-17,6f168c2c-529c-4ec8-9932-90d1b493cf87,HABIT_UPDATE,/api/v1/habits,200,Web · Windows,4/4 scheduled habits completed
657e2ea5-63f2-4d49-a125-6579537bf827,2025-12-18,6f168c2c-529c-4ec8-9932-90d1b493cf87,USER_LOGIN,/api/v1/auth/login,200,Web · Windows,Successful login
8ceeac64-e2e9-4dc6-a990-35e738f63594,2025-12-18,6f168c2c-529c-4ec8-9932-90d1b493cf87,FINANCIAL_LOG,/api/v1/financial,201,Web · Windows,2 transactions represented
f2566f7e-75d4-4e77-a723-cbbcdbce8035,2025-12-18,6f168c2c-529c-4ec8-9932-90d1b493cf87,HABIT_UPDATE,/api/v1/habits,200,Web · Windows,1/4 scheduled habits completed
93d6f037-b892-46d2-a74f-24708f696b89,2025-12-19,6f168c2c-529c-4ec8-9932-90d1b493cf87,USER_LOGIN,/api/v1/auth/login,200,Web · Windows,Successful login
de622f9b-fd77-48d3-aad8-dd3297c60139,2025-12-19,6f168c2c-529c-4ec8-9932-90d1b493cf87,FINANCIAL_LOG,/api/v1/financial,201,Web · Windows,3 transactions represented
673e80fd-80e2-4aa1-a83a-e915f1f30738,2025-12-19,6f168c2c-529c-4ec8-9932-90d1b493cf87,STUDY_LOG,/api/v1/study,201,Web · Windows,1.2 study hours logged
482254f2-4108-42b7-aee4-d29e55849903,2025-12-19,6f168c2c-529c-4ec8-9932-90d1b493cf87,HABIT_UPDATE,/api/v1/habits,200,Web · Windows,4/4 scheduled habits completed
28cdaae7-ba50-435f-a397-d1e7256637e8,2025-12-20,6f168c2c-529c-4ec8-9932-90d1b493cf87,USER_LOGIN,/api/v1/auth/login,200,Web · Windows,Successful login
42b3ce05-bf0c-404b-a45c-73e603402953,2025-12-20,6f168c2c-529c-4ec8-9932-90d1b493cf87,FINANCIAL_LOG,/api/v1/financial,201,Mobile · Android,1 transactions represented
f2f28f51-a683-45d2-a036-4d0ab5d84dd0,2025-12-20,6f168c2c-529c-4ec8-9932-90d1b493cf87,HABIT_UPDATE,/api/v1/habits,200,Mobile · Android,4/4 scheduled habits completed
cf965949-0a3a-439d-a417-d6fa18163497,2025-12-21,6f168c2c-529c-4ec8-9932-90d1b493cf87,FINANCIAL_LOG,/api/v1/financial,201,Web · Windows,1 transactions represented
2cd96658-8ae0-4251-a24b-16945997b40c,2025-12-21,6f168c2c-529c-4ec8-9932-90d1b493cf87,STUDY_LOG,/api/v1/study,201,Mobile · Android,1.4 study hours logged
ccf703ee-79c9-4d7c-a6a7-7b1b19f19343,2025-12-21,6f168c2c-529c-4ec8-9932-90d1b493cf87,HABIT_UPDATE,/api/v1/habits,200,Mobile · Android,4/5 scheduled habits completed
4e39b299-1bd4-4765-a85b-f772712ab2bd,2025-12-22,6f168c2c-529c-4ec8-9932-90d1b493cf87,USER_LOGIN,/api/v1/auth/login,200,Mobile · Android,Successful login
04babc26-2c4b-4fcf-afb2-0c98832fcf33,2025-12-22,6f168c2c-529c-4ec8-9932-90d1b493cf87,FINANCIAL_LOG,/api/v1/financial,201,Web · Windows,1 transactions represented
8c6bb3cc-9812-4934-a915-87793589edf0,2025-12-22,6f168c2c-529c-4ec8-9932-90d1b493cf87,STUDY_LOG,/api/v1/study,201,Mobile · Android,3.6 study hours logged
871448db-67ba-4430-a653-596e96035d6d,2025-12-22,6f168c2c-529c-4ec8-9932-90d1b493cf87,HABIT_UPDATE,/api/v1/habits,200,Mobile · Android,2/4 scheduled habits completed
73bb3a0e-c257-4145-ab71-0a77a399b58c,2025-12-23,6f168c2c-529c-4ec8-9932-90d1b493cf87,USER_LOGIN,/api/v1/auth/login,200,Web · Windows,Successful login
45c88930-88ae-4598-a93c-d7a1a2e20aac,2025-12-23,6f168c2c-529c-4ec8-9932-90d1b493cf87,FINANCIAL_LOG,/api/v1/financial,201,Mobile · Android,2 transactions represented
64b7efd9-2574-42d8-a627-56cfd89d1120,2025-12-23,6f168c2c-529c-4ec8-9932-90d1b493cf87,STUDY_LOG,/api/v1/study,201,Web · Windows,2 study hours logged
3888ae1b-2851-469a-a1a2-fe072bd3f18c,2025-12-23,6f168c2c-529c-4ec8-9932-90d1b493cf87,HABIT_UPDATE,/api/v1/habits,200,Web · Windows,2/4 scheduled habits completed
8c854a66-21c9-4abd-a309-41e79a29bd07,2025-12-24,6f168c2c-529c-4ec8-9932-90d1b493cf87,USER_LOGIN,/api/v1/auth/login,200,Mobile · Android,Successful login
4dcd8374-62bc-402c-afc5-bcc4226d3952,2025-12-24,6f168c2c-529c-4ec8-9932-90d1b493cf87,FINANCIAL_LOG,/api/v1/financial,201,Web · Windows,1 transactions represented
90e1e6c6-ccd7-4203-a714-743f0b8de8a5,2025-12-24,6f168c2c-529c-4ec8-9932-90d1b493cf87,STUDY_LOG,/api/v1/study,201,Mobile · Android,3.7 study hours logged
38c25cb6-e3d6-4adc-a2cb-13149b3fb2a0,2025-12-24,6f168c2c-529c-4ec8-9932-90d1b493cf87,HABIT_UPDATE,/api/v1/habits,200,Web · Windows,1/4 scheduled habits completed
2525d06a-b6db-4501-a771-05f77918d5ff,2025-12-24,6f168c2c-529c-4ec8-9932-90d1b493cf87,ALERT_READ,/api/v1/alerts,200,Web · Windows,1 alert(s) reviewed
26934239-ff61-4395-aa34-280ee2dd283e,2025-12-25,6f168c2c-529c-4ec8-9932-90d1b493cf87,USER_LOGIN,/api/v1/auth/login,200,Web · Windows,Successful login
9253064c-e7fe-4f54-a12a-746edb4b5b5e,2025-12-25,6f168c2c-529c-4ec8-9932-90d1b493cf87,FINANCIAL_LOG,/api/v1/financial,201,Web · Windows,1 transactions represented
bf90871c-3541-4414-abc6-8605db4b625a,2025-12-25,6f168c2c-529c-4ec8-9932-90d1b493cf87,STUDY_LOG,/api/v1/study,201,Web · Windows,3.9 study hours logged
bb0f6e99-8eae-4bda-a7a0-cb265a642437,2025-12-25,6f168c2c-529c-4ec8-9932-90d1b493cf87,HABIT_UPDATE,/api/v1/habits,200,Web · Windows,4/4 scheduled habits completed
96033e81-baa0-4fcb-a502-3ed68197302e,2025-12-26,6f168c2c-529c-4ec8-9932-90d1b493cf87,USER_LOGIN,/api/v1/auth/login,200,Web · Windows,Successful login
026ef0de-5198-4140-ad8d-db8b0eeb48ab,2025-12-26,6f168c2c-529c-4ec8-9932-90d1b493cf87,FINANCIAL_LOG,/api/v1/financial,201,Web · Windows,1 transactions represented
892835b8-9250-42fa-a7b8-cd4533ce9cd2,2025-12-26,6f168c2c-529c-4ec8-9932-90d1b493cf87,STUDY_LOG,/api/v1/study,201,Web · Windows,2.2 study hours logged
68f74101-04a2-4dae-a06e-c66f917fa966,2025-12-26,6f168c2c-529c-4ec8-9932-90d1b493cf87,HABIT_UPDATE,/api/v1/habits,200,Web · Windows,2/4 scheduled habits completed
ce0708a1-7577-4206-ad6f-667dbd19ac31,2025-12-27,6f168c2c-529c-4ec8-9932-90d1b493cf87,USER_LOGIN,/api/v1/auth/login,200,Web · Windows,Successful login
0c5c0a0e-1535-4a2d-a928-d65a96523d96,2025-12-27,6f168c2c-529c-4ec8-9932-90d1b493cf87,FINANCIAL_LOG,/api/v1/financial,201,Mobile · Android,1 transactions represented
046b3edc-ece8-47be-aa28-1feedcd4f9b6,2025-12-27,6f168c2c-529c-4ec8-9932-90d1b493cf87,STUDY_LOG,/api/v1/study,201,Mobile · Android,2.1 study hours logged
1958a1ee-d019-4f4a-a38e-c949413005e9,2025-12-27,6f168c2c-529c-4ec8-9932-90d1b493cf87,HABIT_UPDATE,/api/v1/habits,200,Web · Windows,3/4 scheduled habits completed
817c15fc-79dc-4b12-aaef-336d1e552f7b,2025-12-28,6f168c2c-529c-4ec8-9932-90d1b493cf87,USER_LOGIN,/api/v1/auth/login,200,Mobile · Android,Successful login
6c68ae5e-e2ef-483c-afa1-bef4530853d9,2025-12-28,6f168c2c-529c-4ec8-9932-90d1b493cf87,FINANCIAL_LOG,/api/v1/financial,201,Web · Windows,2 transactions represented
0af425b7-f679-44d1-acca-46d03eb1cb9b,2025-12-28,6f168c2c-529c-4ec8-9932-90d1b493cf87,STUDY_LOG,/api/v1/study,201,Web · Windows,2.3 study hours logged
ae90987e-9a7b-42a5-aca1-9c48fc0c6099,2025-12-28,6f168c2c-529c-4ec8-9932-90d1b493cf87,HABIT_UPDATE,/api/v1/habits,200,Web · Windows,4/5 scheduled habits completed
d8230b96-d248-4cef-a5ab-65f48b7f51c0,2025-12-29,6f168c2c-529c-4ec8-9932-90d1b493cf87,USER_LOGIN,/api/v1/auth/login,200,Web · Windows,Successful login
64db6c81-b086-4498-aca2-868e7e1660bf,2025-12-29,6f168c2c-529c-4ec8-9932-90d1b493cf87,FINANCIAL_LOG,/api/v1/financial,201,Web · Windows,2 transactions represented
dc5c40b4-8144-40e1-a48c-5265dd37aa4f,2025-12-29,6f168c2c-529c-4ec8-9932-90d1b493cf87,STUDY_LOG,/api/v1/study,201,Web · Windows,4 study hours logged
901144f2-1a67-4e8b-abe3-7b003c168dc2,2025-12-29,6f168c2c-529c-4ec8-9932-90d1b493cf87,HABIT_UPDATE,/api/v1/habits,200,Web · Windows,3/4 scheduled habits completed
96c543c9-e143-4c5e-a5ed-309c62c8a737,2025-12-30,6f168c2c-529c-4ec8-9932-90d1b493cf87,USER_LOGIN,/api/v1/auth/login,200,Mobile · Android,Successful login
7910b375-0ee8-460a-aa93-5257c2e90c32,2025-12-30,6f168c2c-529c-4ec8-9932-90d1b493cf87,FINANCIAL_LOG,/api/v1/financial,201,Web · Windows,1 transactions represented
85658951-3e2b-441e-a361-0e24de9f0a94,2025-12-30,6f168c2c-529c-4ec8-9932-90d1b493cf87,STUDY_LOG,/api/v1/study,201,Web · Windows,3.7 study hours logged
b1893dbd-2239-46ba-a41a-ac6d578042f9,2025-12-30,6f168c2c-529c-4ec8-9932-90d1b493cf87,HABIT_UPDATE,/api/v1/habits,200,Mobile · Android,2/4 scheduled habits completed
5f2eb089-35ba-4b85-a8d2-c2950ffe86a5,2025-12-31,6f168c2c-529c-4ec8-9932-90d1b493cf87,USER_LOGIN,/api/v1/auth/login,200,Mobile · Android,Successful login
94614afa-f1f5-44a2-a492-e8633e60c6a8,2025-12-31,6f168c2c-529c-4ec8-9932-90d1b493cf87,FINANCIAL_LOG,/api/v1/financial,201,Web · Windows,1 transactions represented
d6b8b4af-4cfe-4fb7-a294-b98b22017acf,2025-12-31,6f168c2c-529c-4ec8-9932-90d1b493cf87,HABIT_UPDATE,/api/v1/habits,200,Mobile · Android,3/4 scheduled habits completed
0b1b2869-5732-4baf-a234-65aefd12153f,2026-01-01,6f168c2c-529c-4ec8-9932-90d1b493cf87,USER_LOGIN,/api/v1/auth/login,200,Web · Windows,Successful login
d046b029-19f6-4eef-a388-04fd515319b3,2026-01-01,6f168c2c-529c-4ec8-9932-90d1b493cf87,FINANCIAL_LOG,/api/v1/financial,201,Web · Windows,3 transactions represented
6496e267-3778-4ae3-ab58-13f5cc636d33,2026-01-01,6f168c2c-529c-4ec8-9932-90d1b493cf87,STUDY_LOG,/api/v1/study,201,Mobile · Android,2.6 study hours logged
bc2c4851-ad7c-4bf9-a913-c69708a6a057,2026-01-01,6f168c2c-529c-4ec8-9932-90d1b493cf87,HABIT_UPDATE,/api/v1/habits,200,Web · Windows,2/4 scheduled habits completed
49acdad1-9b98-4d22-a2e3-45bb1bd59763,2026-01-02,6f168c2c-529c-4ec8-9932-90d1b493cf87,USER_LOGIN,/api/v1/auth/login,200,Web · Windows,Successful login
84be266c-b1e6-4e05-a4f4-ac0368aaded5,2026-01-02,6f168c2c-529c-4ec8-9932-90d1b493cf87,FINANCIAL_LOG,/api/v1/financial,201,Web · Windows,2 transactions represented
321dd387-ebc6-461e-a8bc-82991efae96c,2026-01-02,6f168c2c-529c-4ec8-9932-90d1b493cf87,STUDY_LOG,/api/v1/study,201,Web · Windows,2.1 study hours logged
6edce4b2-7f2a-4cb9-aeef-bdcf5468dc6e,2026-01-02,6f168c2c-529c-4ec8-9932-90d1b493cf87,HABIT_UPDATE,/api/v1/habits,200,Web · Windows,3/4 scheduled habits completed
ab73dca3-9b55-48aa-a30b-262133ce70e8,2026-01-02,6f168c2c-529c-4ec8-9932-90d1b493cf87,ALERT_READ,/api/v1/alerts,200,Web · Windows,1 alert(s) reviewed
7e90e334-ca68-4b6c-a060-1d9db05c88b9,2026-01-03,6f168c2c-529c-4ec8-9932-90d1b493cf87,FINANCIAL_LOG,/api/v1/financial,201,Web · Windows,2 transactions represented
07472177-11c8-4e35-a99a-55174b640f25,2026-01-03,6f168c2c-529c-4ec8-9932-90d1b493cf87,HABIT_UPDATE,/api/v1/habits,200,Web · Windows,2/4 scheduled habits completed
4d7313e3-0e57-4cd5-a898-6f35c97827d1,2026-01-04,6f168c2c-529c-4ec8-9932-90d1b493cf87,USER_LOGIN,/api/v1/auth/login,200,Web · Windows,Successful login
5f99e94d-e981-4877-a624-9224852cbe19,2026-01-04,6f168c2c-529c-4ec8-9932-90d1b493cf87,FINANCIAL_LOG,/api/v1/financial,201,Web · Windows,1 transactions represented
77810ed7-d5db-4860-aa9c-812787748b1c,2026-01-04,6f168c2c-529c-4ec8-9932-90d1b493cf87,STUDY_LOG,/api/v1/study,201,Web · Windows,1.9 study hours logged
1944977d-5fcc-4d0c-adb0-c00659f16d44,2026-01-04,6f168c2c-529c-4ec8-9932-90d1b493cf87,HABIT_UPDATE,/api/v1/habits,200,Web · Windows,3/5 scheduled habits completed
3e0e6fc5-72a4-4ee5-a21a-58f05ecb82a0,2026-01-05,6f168c2c-529c-4ec8-9932-90d1b493cf87,USER_LOGIN,/api/v1/auth/login,200,Web · Windows,Successful login
4adb092c-7388-4e38-a66a-4f91528a6511,2026-01-05,6f168c2c-529c-4ec8-9932-90d1b493cf87,FINANCIAL_LOG,/api/v1/financial,201,Web · Windows,3 transactions represented
d410c40c-23f7-4a9f-a630-f263937e18b6,2026-01-05,6f168c2c-529c-4ec8-9932-90d1b493cf87,STUDY_LOG,/api/v1/study,201,Web · Windows,1.2 study hours logged
e4548e29-4aa8-4194-a2df-9e3d170cf5da,2026-01-05,6f168c2c-529c-4ec8-9932-90d1b493cf87,HABIT_UPDATE,/api/v1/habits,200,Mobile · Android,3/4 scheduled habits completed
193b6dbf-8a17-45b1-a5a4-2e6fc6c77c3c,2026-01-06,6f168c2c-529c-4ec8-9932-90d1b493cf87,USER_LOGIN,/api/v1/auth/login,200,Web · Windows,Successful login
92aeb852-3a84-427c-a96b-7614359cbd45,2026-01-06,6f168c2c-529c-4ec8-9932-90d1b493cf87,STUDY_LOG,/api/v1/study,201,Mobile · Android,2.3 study hours logged
d7d8af63-ea80-4424-a806-005c0af46707,2026-01-06,6f168c2c-529c-4ec8-9932-90d1b493cf87,HABIT_UPDATE,/api/v1/habits,200,Web · Windows,4/4 scheduled habits completed
8d1ca519-0601-4d9f-ac9f-f89c96c4a061,2026-01-07,6f168c2c-529c-4ec8-9932-90d1b493cf87,USER_LOGIN,/api/v1/auth/login,200,Mobile · Android,Successful login
eae523c0-7805-4e98-a03f-4a8067a1ef14,2026-01-07,6f168c2c-529c-4ec8-9932-90d1b493cf87,FINANCIAL_LOG,/api/v1/financial,201,Web · Windows,3 transactions represented
d21756dd-fbde-4e98-ac1b-345ff593d059,2026-01-07,6f168c2c-529c-4ec8-9932-90d1b493cf87,HABIT_UPDATE,/api/v1/habits,200,Web · Windows,3/4 scheduled habits completed
b61cb6e9-9d6c-445e-aff1-ed13462fa40d,2026-01-08,6f168c2c-529c-4ec8-9932-90d1b493cf87,USER_LOGIN,/api/v1/auth/login,200,Web · Windows,Successful login
09bc0ed1-be66-49ee-ad31-c9d5994cc083,2026-01-08,6f168c2c-529c-4ec8-9932-90d1b493cf87,FINANCIAL_LOG,/api/v1/financial,201,Web · Windows,2 transactions represented
b9f3b8ed-fe14-4f71-a11f-ed117c15dbb4,2026-01-08,6f168c2c-529c-4ec8-9932-90d1b493cf87,STUDY_LOG,/api/v1/study,201,Web · Windows,2.4 study hours logged
44665076-9e0c-4e18-ac03-69e57698e8a3,2026-01-08,6f168c2c-529c-4ec8-9932-90d1b493cf87,HABIT_UPDATE,/api/v1/habits,200,Web · Windows,2/4 scheduled habits completed
ebd4cf71-3dca-4fb3-a94c-d7fd4e64e82d,2026-01-09,6f168c2c-529c-4ec8-9932-90d1b493cf87,FINANCIAL_LOG,/api/v1/financial,201,Web · Windows,2 transactions represented
dcca58a8-3de9-4dd9-a955-0350742947fc,2026-01-09,6f168c2c-529c-4ec8-9932-90d1b493cf87,STUDY_LOG,/api/v1/study,201,Web · Windows,1.4 study hours logged
78f8c5df-daff-426a-a245-24f28523bccc,2026-01-09,6f168c2c-529c-4ec8-9932-90d1b493cf87,HABIT_UPDATE,/api/v1/habits,200,Mobile · Android,2/4 scheduled habits completed
764927a8-b234-4fd3-a101-56a922fa5850,2026-01-10,6f168c2c-529c-4ec8-9932-90d1b493cf87,USER_LOGIN,/api/v1/auth/login,200,Mobile · Android,Successful login
02155dc4-df1e-48cd-a531-c9d99b19d848,2026-01-10,6f168c2c-529c-4ec8-9932-90d1b493cf87,FINANCIAL_LOG,/api/v1/financial,201,Web · Windows,1 transactions represented
2e18fbde-5530-4ecd-ad4b-29a6e6cb2721,2026-01-10,6f168c2c-529c-4ec8-9932-90d1b493cf87,HABIT_UPDATE,/api/v1/habits,200,Mobile · Android,3/4 scheduled habits completed
37769938-e47e-4f1c-ac9a-72eff0386b0d,2026-01-11,6f168c2c-529c-4ec8-9932-90d1b493cf87,USER_LOGIN,/api/v1/auth/login,200,Web · Windows,Successful login
380d8add-b017-48f5-ae33-046b2d0fa06a,2026-01-11,6f168c2c-529c-4ec8-9932-90d1b493cf87,FINANCIAL_LOG,/api/v1/financial,201,Web · Windows,2 transactions represented
71c2ec25-0dc6-460b-ad63-cf388d3f5547,2026-01-11,6f168c2c-529c-4ec8-9932-90d1b493cf87,HABIT_UPDATE,/api/v1/habits,200,Mobile · Android,5/5 scheduled habits completed
2dbc54b0-b411-4cde-a082-7973aa138a14,2026-01-12,6f168c2c-529c-4ec8-9932-90d1b493cf87,USER_LOGIN,/api/v1/auth/login,200,Web · Windows,Successful login
5173e780-a04c-4f7f-a6c3-a2314db3cb85,2026-01-12,6f168c2c-529c-4ec8-9932-90d1b493cf87,FINANCIAL_LOG,/api/v1/financial,201,Web · Windows,3 transactions represented
d34badee-29c1-401b-a8e5-a953b2046e3f,2026-01-12,6f168c2c-529c-4ec8-9932-90d1b493cf87,HABIT_UPDATE,/api/v1/habits,200,Web · Windows,1/4 scheduled habits completed
666b20af-f317-4e2e-ad3d-fb2ca72331f9,2026-01-12,6f168c2c-529c-4ec8-9932-90d1b493cf87,ALERT_READ,/api/v1/alerts,200,Mobile · Android,1 alert(s) reviewed
3e9453dd-50f3-4639-ace9-f180f92aa459,2026-01-13,6f168c2c-529c-4ec8-9932-90d1b493cf87,USER_LOGIN,/api/v1/auth/login,200,Web · Windows,Successful login
e9749bbc-ee85-4b31-a48e-cc73169d20c6,2026-01-13,6f168c2c-529c-4ec8-9932-90d1b493cf87,FINANCIAL_LOG,/api/v1/financial,201,Web · Windows,1 transactions represented
4c132357-d8e0-458c-a134-0e501889c1d0,2026-01-13,6f168c2c-529c-4ec8-9932-90d1b493cf87,HABIT_UPDATE,/api/v1/habits,200,Web · Windows,4/4 scheduled habits completed
67cc1390-f6a5-43e1-adf3-e334a7eb73ae,2026-01-14,6f168c2c-529c-4ec8-9932-90d1b493cf87,USER_LOGIN,/api/v1/auth/login,200,Web · Windows,Successful login
fc68baea-3cb3-49a1-aaaf-6dc66dca9ad4,2026-01-14,6f168c2c-529c-4ec8-9932-90d1b493cf87,FINANCIAL_LOG,/api/v1/financial,201,Web · Windows,1 transactions represented
782ff692-0ea4-45e2-ac0e-01288982be29,2026-01-14,6f168c2c-529c-4ec8-9932-90d1b493cf87,HABIT_UPDATE,/api/v1/habits,200,Web · Windows,3/4 scheduled habits completed
6bf5f4d4-7234-4e96-aeca-9520cd6103f3,2026-01-15,6f168c2c-529c-4ec8-9932-90d1b493cf87,FINANCIAL_LOG,/api/v1/financial,201,Web · Windows,1 transactions represented
3b960443-4724-4b11-a6ee-7ecb7b614faf,2026-01-15,6f168c2c-529c-4ec8-9932-90d1b493cf87,STUDY_LOG,/api/v1/study,201,Web · Windows,2.3 study hours logged
3413d63c-eca1-4a7d-a1d8-7d8c2fe95e6e,2026-01-15,6f168c2c-529c-4ec8-9932-90d1b493cf87,HABIT_UPDATE,/api/v1/habits,200,Mobile · Android,2/4 scheduled habits completed
497164a4-e4d1-4374-aaac-1ef765773e96,2026-01-16,6f168c2c-529c-4ec8-9932-90d1b493cf87,USER_LOGIN,/api/v1/auth/login,200,Web · Windows,Successful login
8f681807-171a-4c5f-a91f-6de41a9edf1d,2026-01-16,6f168c2c-529c-4ec8-9932-90d1b493cf87,FINANCIAL_LOG,/api/v1/financial,201,Mobile · Android,2 transactions represented
7e32b319-0570-482e-a1a8-dd046dfa6296,2026-01-16,6f168c2c-529c-4ec8-9932-90d1b493cf87,STUDY_LOG,/api/v1/study,201,Mobile · Android,2.4 study hours logged
cc86a2dd-ae5c-4905-a3e4-30673895fd91,2026-01-16,6f168c2c-529c-4ec8-9932-90d1b493cf87,HABIT_UPDATE,/api/v1/habits,200,Mobile · Android,3/4 scheduled habits completed
891a6ecb-83f0-4cb7-afb2-d8b46b70c948,2026-01-17,6f168c2c-529c-4ec8-9932-90d1b493cf87,HABIT_UPDATE,/api/v1/habits,200,Web · Windows,2/4 scheduled habits completed
8e16637c-86a5-48e0-a4f5-3fba3acb5613,2026-01-18,6f168c2c-529c-4ec8-9932-90d1b493cf87,USER_LOGIN,/api/v1/auth/login,200,Mobile · Android,Successful login
250a80b0-d2a3-407a-abb7-2b726ac31b98,2026-01-18,6f168c2c-529c-4ec8-9932-90d1b493cf87,FINANCIAL_LOG,/api/v1/financial,201,Mobile · Android,3 transactions represented
1cafd67d-7d1b-43da-a4fb-c64c9a31e6b6,2026-01-18,6f168c2c-529c-4ec8-9932-90d1b493cf87,STUDY_LOG,/api/v1/study,201,Web · Windows,1.6 study hours logged
1a753e6e-e572-493d-a0a5-986ec93480a8,2026-01-18,6f168c2c-529c-4ec8-9932-90d1b493cf87,HABIT_UPDATE,/api/v1/habits,200,Mobile · Android,4/5 scheduled habits completed
8c622e0d-3aed-4fe7-a4ca-116828a9f426,2026-01-19,6f168c2c-529c-4ec8-9932-90d1b493cf87,USER_LOGIN,/api/v1/auth/login,200,Web · Windows,Successful login
2eaebe5d-82f3-48dd-a74f-f93a4216731c,2026-01-19,6f168c2c-529c-4ec8-9932-90d1b493cf87,FINANCIAL_LOG,/api/v1/financial,201,Web · Windows,1 transactions represented
5ae07dab-20e6-4e86-a113-8b829bbec012,2026-01-19,6f168c2c-529c-4ec8-9932-90d1b493cf87,STUDY_LOG,/api/v1/study,201,Web · Windows,2.3 study hours logged
60624486-210d-48a5-a1d9-7f0ca3183f25,2026-01-19,6f168c2c-529c-4ec8-9932-90d1b493cf87,HABIT_UPDATE,/api/v1/habits,200,Web · Windows,3/4 scheduled habits completed
14be3f77-a49d-4213-ac8a-a4329af134f9,2026-01-20,6f168c2c-529c-4ec8-9932-90d1b493cf87,USER_LOGIN,/api/v1/auth/login,200,Web · Windows,Successful login
994d586d-bd6f-43aa-ad8a-065ae23cb0f6,2026-01-20,6f168c2c-529c-4ec8-9932-90d1b493cf87,FINANCIAL_LOG,/api/v1/financial,201,Mobile · Android,2 transactions represented
560edc56-baf3-4af5-a231-8da31f01dfb9,2026-01-20,6f168c2c-529c-4ec8-9932-90d1b493cf87,STUDY_LOG,/api/v1/study,201,Web · Windows,1.6 study hours logged
a17ace05-a941-4b84-a6e5-d41487a068a6,2026-01-20,6f168c2c-529c-4ec8-9932-90d1b493cf87,HABIT_UPDATE,/api/v1/habits,200,Mobile · Android,2/4 scheduled habits completed
2c65b419-b65f-4b75-a864-22d80a56f5cf,2026-01-21,6f168c2c-529c-4ec8-9932-90d1b493cf87,USER_LOGIN,/api/v1/auth/login,200,Web · Windows,Successful login
9490097a-13de-4fd3-a662-be0a97d61b7f,2026-01-21,6f168c2c-529c-4ec8-9932-90d1b493cf87,FINANCIAL_LOG,/api/v1/financial,201,Web · Windows,1 transactions represented
ff820985-36bd-48b7-a5fe-b20b99330ab2,2026-01-21,6f168c2c-529c-4ec8-9932-90d1b493cf87,STUDY_LOG,/api/v1/study,201,Web · Windows,1.9 study hours logged
7c92c29d-fa23-4449-a7f7-8f76cfe3490f,2026-01-21,6f168c2c-529c-4ec8-9932-90d1b493cf87,HABIT_UPDATE,/api/v1/habits,200,Web · Windows,2/4 scheduled habits completed
ac429d3b-0266-4c31-a690-320305ab6218,2026-01-22,6f168c2c-529c-4ec8-9932-90d1b493cf87,USER_LOGIN,/api/v1/auth/login,200,Mobile · Android,Successful login
f5877d83-18ff-442d-abef-41f6fddb4a77,2026-01-22,6f168c2c-529c-4ec8-9932-90d1b493cf87,FINANCIAL_LOG,/api/v1/financial,201,Web · Windows,2 transactions represented
a789fa42-ad24-4dbc-ae8f-df70952255a4,2026-01-22,6f168c2c-529c-4ec8-9932-90d1b493cf87,STUDY_LOG,/api/v1/study,201,Web · Windows,2.6 study hours logged
5449ec7a-1d3d-4b24-a852-34bf9d4a590c,2026-01-22,6f168c2c-529c-4ec8-9932-90d1b493cf87,HABIT_UPDATE,/api/v1/habits,200,Web · Windows,3/4 scheduled habits completed
80dc553d-d46d-41b8-a3fd-6a2935f1a8c1,2026-01-23,6f168c2c-529c-4ec8-9932-90d1b493cf87,USER_LOGIN,/api/v1/auth/login,200,Web · Windows,Successful login
08b32ca8-f88f-47a6-a105-66127ca0ba13,2026-01-23,6f168c2c-529c-4ec8-9932-90d1b493cf87,STUDY_LOG,/api/v1/study,201,Web · Windows,1.2 study hours logged
aecb684e-2d30-4236-a1cc-c28486fd28ff,2026-01-23,6f168c2c-529c-4ec8-9932-90d1b493cf87,HABIT_UPDATE,/api/v1/habits,200,Mobile · Android,3/4 scheduled habits completed
d132b6b3-7a57-4028-a652-40aba73cb262,2026-01-24,6f168c2c-529c-4ec8-9932-90d1b493cf87,USER_LOGIN,/api/v1/auth/login,200,Web · Windows,Successful login
d4ad2b2f-d33f-4b63-acae-74e2cf1df46e,2026-01-24,6f168c2c-529c-4ec8-9932-90d1b493cf87,HABIT_UPDATE,/api/v1/habits,200,Mobile · Android,3/4 scheduled habits completed
ffc45db5-6700-4aaf-a41b-7a61ea55e741,2026-01-25,6f168c2c-529c-4ec8-9932-90d1b493cf87,USER_LOGIN,/api/v1/auth/login,200,Web · Windows,Successful login
307f979c-d012-48ad-a407-c140b45aed60,2026-01-25,6f168c2c-529c-4ec8-9932-90d1b493cf87,FINANCIAL_LOG,/api/v1/financial,201,Mobile · Android,2 transactions represented
bf901f10-02b3-4073-aa39-ffb4dbc63f31,2026-01-25,6f168c2c-529c-4ec8-9932-90d1b493cf87,HABIT_UPDATE,/api/v1/habits,200,Web · Windows,4/5 scheduled habits completed
8ea06cf9-cbb4-4bb2-addd-ef5952e8d285,2026-01-26,6f168c2c-529c-4ec8-9932-90d1b493cf87,USER_LOGIN,/api/v1/auth/login,200,Mobile · Android,Successful login
f50ea5dc-3055-4bc8-a051-6a5e347be6f6,2026-01-26,6f168c2c-529c-4ec8-9932-90d1b493cf87,FINANCIAL_LOG,/api/v1/financial,201,Mobile · Android,2 transactions represented
b7f478f9-f661-45f2-a0c5-0afff45a41aa,2026-01-26,6f168c2c-529c-4ec8-9932-90d1b493cf87,STUDY_LOG,/api/v1/study,201,Web · Windows,1.3 study hours logged
3b6be800-03e7-40c9-af38-250884e756f9,2026-01-26,6f168c2c-529c-4ec8-9932-90d1b493cf87,HABIT_UPDATE,/api/v1/habits,200,Mobile · Android,4/4 scheduled habits completed
67c1c767-2edd-448a-a4c6-1abd4b797d4a,2026-01-27,6f168c2c-529c-4ec8-9932-90d1b493cf87,USER_LOGIN,/api/v1/auth/login,200,Mobile · Android,Successful login
e39d4e37-3a7b-4a74-a97a-1497efeb5cc5,2026-01-27,6f168c2c-529c-4ec8-9932-90d1b493cf87,FINANCIAL_LOG,/api/v1/financial,201,Mobile · Android,2 transactions represented
67a6e6fd-4f82-4a95-a90c-f2ff939223f9,2026-01-27,6f168c2c-529c-4ec8-9932-90d1b493cf87,STUDY_LOG,/api/v1/study,201,Web · Windows,3.1 study hours logged
f008ca3a-c5e2-4dbb-a6c2-acc231863f27,2026-01-27,6f168c2c-529c-4ec8-9932-90d1b493cf87,HABIT_UPDATE,/api/v1/habits,200,Web · Windows,2/4 scheduled habits completed
daa99c7b-3fd8-4cd2-ab61-8b9feecf7a4e,2026-01-28,6f168c2c-529c-4ec8-9932-90d1b493cf87,USER_LOGIN,/api/v1/auth/login,200,Web · Windows,Successful login
e63ab037-3dbc-41fb-ac0a-c3eabfa02c84,2026-01-28,6f168c2c-529c-4ec8-9932-90d1b493cf87,FINANCIAL_LOG,/api/v1/financial,201,Web · Windows,1 transactions represented
d05bfb41-0aea-4839-ab68-683fcb7d1eba,2026-01-28,6f168c2c-529c-4ec8-9932-90d1b493cf87,HABIT_UPDATE,/api/v1/habits,200,Web · Windows,2/4 scheduled habits completed
89ee7bd9-1ca5-433f-afff-9dc91d6c2fb3,2026-01-29,6f168c2c-529c-4ec8-9932-90d1b493cf87,USER_LOGIN,/api/v1/auth/login,200,Web · Windows,Successful login
157ffbbc-4e69-45bf-a874-f1a873d56634,2026-01-29,6f168c2c-529c-4ec8-9932-90d1b493cf87,FINANCIAL_LOG,/api/v1/financial,201,Mobile · Android,1 transactions represented
e8f85c80-0a6b-49dc-a377-39ee84ec3d2e,2026-01-29,6f168c2c-529c-4ec8-9932-90d1b493cf87,STUDY_LOG,/api/v1/study,201,Web · Windows,2.1 study hours logged
ca0dbe45-61e6-469c-a425-b1c4b0b5bbe5,2026-01-29,6f168c2c-529c-4ec8-9932-90d1b493cf87,HABIT_UPDATE,/api/v1/habits,200,Web · Windows,3/4 scheduled habits completed
1119a5ee-abf8-4c85-ab85-3df0d4a00ec1,2026-01-30,6f168c2c-529c-4ec8-9932-90d1b493cf87,USER_LOGIN,/api/v1/auth/login,200,Web · Windows,Successful login
0a95baa0-6c0b-452e-a30f-3fe9886e5762,2026-01-30,6f168c2c-529c-4ec8-9932-90d1b493cf87,FINANCIAL_LOG,/api/v1/financial,201,Mobile · Android,3 transactions represented
e6cfc122-607a-4a12-aec3-3f81168d2fc8,2026-01-30,6f168c2c-529c-4ec8-9932-90d1b493cf87,STUDY_LOG,/api/v1/study,201,Web · Windows,1.6 study hours logged
2684d2d6-e087-464a-a0d0-bf53abf8ba1d,2026-01-30,6f168c2c-529c-4ec8-9932-90d1b493cf87,HABIT_UPDATE,/api/v1/habits,200,Web · Windows,4/4 scheduled habits completed
4e3283eb-0993-4719-a010-d3b031b32ad7,2026-01-31,6f168c2c-529c-4ec8-9932-90d1b493cf87,USER_LOGIN,/api/v1/auth/login,200,Web · Windows,Successful login
385c55be-a915-4e07-a46e-e8756d4ae152,2026-01-31,6f168c2c-529c-4ec8-9932-90d1b493cf87,FINANCIAL_LOG,/api/v1/financial,201,Web · Windows,3 transactions represented
a8f7e470-c958-4903-a40b-7cc9fd051dd9,2026-01-31,6f168c2c-529c-4ec8-9932-90d1b493cf87,HABIT_UPDATE,/api/v1/habits,200,Web · Windows,2/4 scheduled habits completed
499dd9ec-a7db-44b1-aa7f-a610a2f856b3,2026-02-01,6f168c2c-529c-4ec8-9932-90d1b493cf87,USER_LOGIN,/api/v1/auth/login,200,Web · Windows,Successful login
7f99ec15-f0da-4b0d-a22e-03c7f01464d2,2026-02-01,6f168c2c-529c-4ec8-9932-90d1b493cf87,FINANCIAL_LOG,/api/v1/financial,201,Web · Windows,1 transactions represented
1e4a9a14-1842-409e-a30c-bab4581c44ec,2026-02-01,6f168c2c-529c-4ec8-9932-90d1b493cf87,STUDY_LOG,/api/v1/study,201,Web · Windows,2.3 study hours logged
ec12ffa8-0332-414f-a61e-b9576f2922e7,2026-02-01,6f168c2c-529c-4ec8-9932-90d1b493cf87,HABIT_UPDATE,/api/v1/habits,200,Web · Windows,3/5 scheduled habits completed
9ee28cea-31e6-4929-a028-f25192af255c,2026-02-02,6f168c2c-529c-4ec8-9932-90d1b493cf87,USER_LOGIN,/api/v1/auth/login,200,Mobile · Android,Successful login
7c3ae634-e947-4243-a9d2-2aafea39ab2c,2026-02-02,6f168c2c-529c-4ec8-9932-90d1b493cf87,FINANCIAL_LOG,/api/v1/financial,201,Web · Windows,3 transactions represented
01462dbc-93a9-45b6-acee-3f53ddfe8076,2026-02-02,6f168c2c-529c-4ec8-9932-90d1b493cf87,HABIT_UPDATE,/api/v1/habits,200,Mobile · Android,3/4 scheduled habits completed
999a5fb3-1d43-4765-a020-637a503888aa,2026-02-03,6f168c2c-529c-4ec8-9932-90d1b493cf87,USER_LOGIN,/api/v1/auth/login,200,Mobile · Android,Successful login
127e864f-16ac-4f75-a2b3-5ab79da0d476,2026-02-03,6f168c2c-529c-4ec8-9932-90d1b493cf87,FINANCIAL_LOG,/api/v1/financial,201,Web · Windows,1 transactions represented
1408d71f-854d-486a-aaf3-7380b320e60d,2026-02-03,6f168c2c-529c-4ec8-9932-90d1b493cf87,STUDY_LOG,/api/v1/study,201,Mobile · Android,2 study hours logged
54efe717-2e3b-4847-ac95-fb36b9f4fe52,2026-02-03,6f168c2c-529c-4ec8-9932-90d1b493cf87,HABIT_UPDATE,/api/v1/habits,200,Web · Windows,3/4 scheduled habits completed
60ac8cf4-0f1f-4c48-ab10-a8dd3ddd3492,2026-02-04,6f168c2c-529c-4ec8-9932-90d1b493cf87,USER_LOGIN,/api/v1/auth/login,200,Web · Windows,Successful login
e5e33124-aa3a-46e8-a461-4d7a5a924c98,2026-02-04,6f168c2c-529c-4ec8-9932-90d1b493cf87,FINANCIAL_LOG,/api/v1/financial,201,Web · Windows,1 transactions represented
73224614-144d-45b1-a51d-eebd643caade,2026-02-04,6f168c2c-529c-4ec8-9932-90d1b493cf87,STUDY_LOG,/api/v1/study,201,Web · Windows,2.1 study hours logged
57ebae03-9a33-4755-acc4-21f9efe9f8b1,2026-02-04,6f168c2c-529c-4ec8-9932-90d1b493cf87,HABIT_UPDATE,/api/v1/habits,200,Web · Windows,3/4 scheduled habits completed
f6e52c3d-08cd-465f-a1ae-a2389381a33e,2026-02-05,6f168c2c-529c-4ec8-9932-90d1b493cf87,USER_LOGIN,/api/v1/auth/login,200,Mobile · Android,Successful login
2894aa48-fe07-41a2-a688-7395a0887f25,2026-02-05,6f168c2c-529c-4ec8-9932-90d1b493cf87,FINANCIAL_LOG,/api/v1/financial,201,Web · Windows,2 transactions represented
bb377208-3511-4fba-ab5d-813721ba9f98,2026-02-05,6f168c2c-529c-4ec8-9932-90d1b493cf87,HABIT_UPDATE,/api/v1/habits,200,Web · Windows,3/4 scheduled habits completed
aeb1ff35-9a76-4b90-aab6-73095d933144,2026-02-06,6f168c2c-529c-4ec8-9932-90d1b493cf87,USER_LOGIN,/api/v1/auth/login,200,Web · Windows,Successful login
04e184e9-bbf8-4e92-a1df-89c7dcc83834,2026-02-06,6f168c2c-529c-4ec8-9932-90d1b493cf87,FINANCIAL_LOG,/api/v1/financial,201,Mobile · Android,1 transactions represented
064e7216-79e2-478c-a9c0-2c62d010035c,2026-02-06,6f168c2c-529c-4ec8-9932-90d1b493cf87,STUDY_LOG,/api/v1/study,201,Web · Windows,1.9 study hours logged
8b4659a1-5bc1-4253-ae0f-9a72dd6a566d,2026-02-06,6f168c2c-529c-4ec8-9932-90d1b493cf87,HABIT_UPDATE,/api/v1/habits,200,Web · Windows,3/4 scheduled habits completed
9e0da942-b9f6-4c93-a44a-6e5024873b3c,2026-02-07,6f168c2c-529c-4ec8-9932-90d1b493cf87,USER_LOGIN,/api/v1/auth/login,200,Mobile · Android,Successful login
37e2c94a-1a0c-42aa-afea-94b58cec1345,2026-02-07,6f168c2c-529c-4ec8-9932-90d1b493cf87,FINANCIAL_LOG,/api/v1/financial,201,Web · Windows,2 transactions represented
37ef017b-8f09-4193-a891-90df2537c92b,2026-02-07,6f168c2c-529c-4ec8-9932-90d1b493cf87,HABIT_UPDATE,/api/v1/habits,200,Web · Windows,2/4 scheduled habits completed
8b67b8ca-c69f-47a3-a583-0b0bb0a746fb,2026-02-08,6f168c2c-529c-4ec8-9932-90d1b493cf87,USER_LOGIN,/api/v1/auth/login,200,Mobile · Android,Successful login
0c1d5ff1-9880-4766-aaa4-6988d828348e,2026-02-08,6f168c2c-529c-4ec8-9932-90d1b493cf87,FINANCIAL_LOG,/api/v1/financial,201,Web · Windows,1 transactions represented
24656fe3-4d64-48de-ad9f-498560d9bf98,2026-02-08,6f168c2c-529c-4ec8-9932-90d1b493cf87,HABIT_UPDATE,/api/v1/habits,200,Mobile · Android,3/5 scheduled habits completed
1cc6008f-6580-41c3-a29e-6c005553cacc,2026-02-09,6f168c2c-529c-4ec8-9932-90d1b493cf87,FINANCIAL_LOG,/api/v1/financial,201,Web · Windows,2 transactions represented
9b50a9ed-6abb-494a-a329-791e143934a5,2026-02-09,6f168c2c-529c-4ec8-9932-90d1b493cf87,STUDY_LOG,/api/v1/study,201,Mobile · Android,1.7 study hours logged
3344a7c4-23f6-430f-a561-306797ddb56c,2026-02-09,6f168c2c-529c-4ec8-9932-90d1b493cf87,HABIT_UPDATE,/api/v1/habits,200,Web · Windows,1/4 scheduled habits completed
f434a7da-8cdd-4a1b-adb4-0f57b1931b0d,2026-02-09,6f168c2c-529c-4ec8-9932-90d1b493cf87,ALERT_READ,/api/v1/alerts,200,Web · Windows,1 alert(s) reviewed
1dde5aaf-2c2b-469b-a887-78421cd6dadc,2026-02-10,6f168c2c-529c-4ec8-9932-90d1b493cf87,USER_LOGIN,/api/v1/auth/login,200,Web · Windows,Successful login
16b19430-1fc2-4b00-a9a9-5467f2a06c5b,2026-02-10,6f168c2c-529c-4ec8-9932-90d1b493cf87,FINANCIAL_LOG,/api/v1/financial,201,Web · Windows,2 transactions represented
88efff80-06f5-426b-aa8b-1e737b2536c4,2026-02-10,6f168c2c-529c-4ec8-9932-90d1b493cf87,STUDY_LOG,/api/v1/study,201,Mobile · Android,3.1 study hours logged
54739c76-4366-4448-a6f5-9ac6462dab80,2026-02-10,6f168c2c-529c-4ec8-9932-90d1b493cf87,HABIT_UPDATE,/api/v1/habits,200,Mobile · Android,3/4 scheduled habits completed
e633a9ef-b6cf-4c44-a576-111feccb5f72,2026-02-11,6f168c2c-529c-4ec8-9932-90d1b493cf87,USER_LOGIN,/api/v1/auth/login,200,Web · Windows,Successful login
8547ce67-07ec-4acd-ad70-060a098fd5c8,2026-02-11,6f168c2c-529c-4ec8-9932-90d1b493cf87,FINANCIAL_LOG,/api/v1/financial,201,Web · Windows,2 transactions represented
99411ae2-63e3-48e4-ab24-e610666f5858,2026-02-11,6f168c2c-529c-4ec8-9932-90d1b493cf87,HABIT_UPDATE,/api/v1/habits,200,Mobile · Android,3/4 scheduled habits completed
b80f8221-470c-4b75-aa94-39ae246b6b79,2026-02-12,6f168c2c-529c-4ec8-9932-90d1b493cf87,USER_LOGIN,/api/v1/auth/login,200,Mobile · Android,Successful login
283a4c96-97ff-4ac9-a01b-b157bf74e46c,2026-02-12,6f168c2c-529c-4ec8-9932-90d1b493cf87,FINANCIAL_LOG,/api/v1/financial,201,Mobile · Android,1 transactions represented
baf27acf-1e88-4990-a17d-baf7914ad394,2026-02-12,6f168c2c-529c-4ec8-9932-90d1b493cf87,HABIT_UPDATE,/api/v1/habits,200,Web · Windows,3/4 scheduled habits completed
48d72bb7-094b-44ee-ae71-8978488e2498,2026-02-13,6f168c2c-529c-4ec8-9932-90d1b493cf87,USER_LOGIN,/api/v1/auth/login,200,Mobile · Android,Successful login
75cb5486-9da9-465e-a04f-c058cfd40f4b,2026-02-13,6f168c2c-529c-4ec8-9932-90d1b493cf87,FINANCIAL_LOG,/api/v1/financial,201,Web · Windows,2 transactions represented
0d6348d9-81f9-4f32-a80f-324b37b50d82,2026-02-13,6f168c2c-529c-4ec8-9932-90d1b493cf87,STUDY_LOG,/api/v1/study,201,Web · Windows,3 study hours logged
b4ab94a6-0758-412a-a401-d72983fd3327,2026-02-13,6f168c2c-529c-4ec8-9932-90d1b493cf87,HABIT_UPDATE,/api/v1/habits,200,Mobile · Android,4/4 scheduled habits completed
cfdd6df5-34df-4a8b-a2c7-ca877f65df37,2026-02-14,6f168c2c-529c-4ec8-9932-90d1b493cf87,FINANCIAL_LOG,/api/v1/financial,201,Web · Windows,2 transactions represented
383f8206-2889-4863-af95-d26632960eff,2026-02-14,6f168c2c-529c-4ec8-9932-90d1b493cf87,HABIT_UPDATE,/api/v1/habits,200,Web · Windows,3/4 scheduled habits completed
35fd00da-07db-4f59-a716-6ee85e2cafaa,2026-02-15,6f168c2c-529c-4ec8-9932-90d1b493cf87,USER_LOGIN,/api/v1/auth/login,200,Web · Windows,Successful login
c890b577-f164-431e-a5cc-711808ecdd85,2026-02-15,6f168c2c-529c-4ec8-9932-90d1b493cf87,FINANCIAL_LOG,/api/v1/financial,201,Web · Windows,2 transactions represented
7d53c740-8660-44a0-aa90-cb2faddaddd9,2026-02-15,6f168c2c-529c-4ec8-9932-90d1b493cf87,HABIT_UPDATE,/api/v1/habits,200,Web · Windows,3/5 scheduled habits completed
c9c0739f-d3a9-45b4-aba5-4d710f360f15,2026-02-16,6f168c2c-529c-4ec8-9932-90d1b493cf87,USER_LOGIN,/api/v1/auth/login,200,Mobile · Android,Successful login
b6efab04-7fce-4d02-a096-c55d0cb5b715,2026-02-16,6f168c2c-529c-4ec8-9932-90d1b493cf87,FINANCIAL_LOG,/api/v1/financial,201,Web · Windows,1 transactions represented
a91007c3-6b5a-4d95-acc0-9714709032f9,2026-02-16,6f168c2c-529c-4ec8-9932-90d1b493cf87,STUDY_LOG,/api/v1/study,201,Mobile · Android,1.1 study hours logged
01775043-9f10-4ffd-aa7e-067e0ac0400f,2026-02-16,6f168c2c-529c-4ec8-9932-90d1b493cf87,HABIT_UPDATE,/api/v1/habits,200,Web · Windows,4/4 scheduled habits completed
42135518-a808-4afe-a0a1-2e2f0329652b,2026-02-17,6f168c2c-529c-4ec8-9932-90d1b493cf87,USER_LOGIN,/api/v1/auth/login,200,Web · Windows,Successful login
56ae8378-dc8b-4032-ae8f-36272f907edb,2026-02-17,6f168c2c-529c-4ec8-9932-90d1b493cf87,FINANCIAL_LOG,/api/v1/financial,201,Mobile · Android,1 transactions represented
37f353dc-4976-46a2-a012-b1091f0f2e2c,2026-02-17,6f168c2c-529c-4ec8-9932-90d1b493cf87,HABIT_UPDATE,/api/v1/habits,200,Mobile · Android,4/4 scheduled habits completed
e0d1a7b7-de37-4c79-a477-f3e54355392a,2026-02-18,6f168c2c-529c-4ec8-9932-90d1b493cf87,USER_LOGIN,/api/v1/auth/login,200,Web · Windows,Successful login
1737272e-0f1e-4693-a601-9b4337fb36f9,2026-02-18,6f168c2c-529c-4ec8-9932-90d1b493cf87,FINANCIAL_LOG,/api/v1/financial,201,Mobile · Android,3 transactions represented
b5d15c6e-6f17-4b48-aa16-e7013dfb79a0,2026-02-18,6f168c2c-529c-4ec8-9932-90d1b493cf87,STUDY_LOG,/api/v1/study,201,Web · Windows,1.9 study hours logged
905722cf-3659-4dbb-a39c-d5f8d3a2c6ea,2026-02-18,6f168c2c-529c-4ec8-9932-90d1b493cf87,HABIT_UPDATE,/api/v1/habits,200,Web · Windows,3/4 scheduled habits completed
8e65af2f-fbcb-4849-ad06-8dba36da5653,2026-02-19,6f168c2c-529c-4ec8-9932-90d1b493cf87,USER_LOGIN,/api/v1/auth/login,200,Web · Windows,Successful login
9a3f7636-b747-4b9d-a1d9-f6196b4ea0db,2026-02-19,6f168c2c-529c-4ec8-9932-90d1b493cf87,FINANCIAL_LOG,/api/v1/financial,201,Web · Windows,2 transactions represented
7f150f7f-21d5-4e03-a57c-81dc034f30c3,2026-02-19,6f168c2c-529c-4ec8-9932-90d1b493cf87,HABIT_UPDATE,/api/v1/habits,200,Mobile · Android,4/4 scheduled habits completed
7ed0cf06-7166-414e-a92d-9f55b12f49fe,2026-02-20,6f168c2c-529c-4ec8-9932-90d1b493cf87,USER_LOGIN,/api/v1/auth/login,200,Web · Windows,Successful login
b67f6830-eece-44d3-aede-6bd1e22941de,2026-02-20,6f168c2c-529c-4ec8-9932-90d1b493cf87,FINANCIAL_LOG,/api/v1/financial,201,Mobile · Android,2 transactions represented
ba43a104-4269-4fbc-a33b-e6f711077c20,2026-02-20,6f168c2c-529c-4ec8-9932-90d1b493cf87,STUDY_LOG,/api/v1/study,201,Web · Windows,2.4 study hours logged
4b1b48df-7eb7-47e0-aa55-26f453e77b88,2026-02-20,6f168c2c-529c-4ec8-9932-90d1b493cf87,HABIT_UPDATE,/api/v1/habits,200,Mobile · Android,3/4 scheduled habits completed
7acff2e9-ce9b-43bd-ab20-6f840a039fec,2026-02-21,6f168c2c-529c-4ec8-9932-90d1b493cf87,USER_LOGIN,/api/v1/auth/login,200,Mobile · Android,Successful login
a3dcb398-634e-4103-a0d6-aba29bd1d85d,2026-02-21,6f168c2c-529c-4ec8-9932-90d1b493cf87,FINANCIAL_LOG,/api/v1/financial,201,Web · Windows,2 transactions represented
0b0b9428-0237-43f7-ac72-554b490fc241,2026-02-21,6f168c2c-529c-4ec8-9932-90d1b493cf87,HABIT_UPDATE,/api/v1/habits,200,Web · Windows,3/4 scheduled habits completed
5d0f6408-ea7e-43af-a6ea-dd580e63d403,2026-02-22,6f168c2c-529c-4ec8-9932-90d1b493cf87,USER_LOGIN,/api/v1/auth/login,200,Web · Windows,Successful login
21540c3c-fc5c-4ded-a0e4-aa769ceca7bc,2026-02-22,6f168c2c-529c-4ec8-9932-90d1b493cf87,FINANCIAL_LOG,/api/v1/financial,201,Web · Windows,1 transactions represented
cdb5ed5e-495e-4b92-a8b5-4dedaa29001b,2026-02-22,6f168c2c-529c-4ec8-9932-90d1b493cf87,STUDY_LOG,/api/v1/study,201,Web · Windows,2.2 study hours logged
9441a5ba-87eb-4545-af5e-c2aa1f1c690e,2026-02-22,6f168c2c-529c-4ec8-9932-90d1b493cf87,HABIT_UPDATE,/api/v1/habits,200,Web · Windows,5/5 scheduled habits completed
b0870b6f-e285-41eb-aa79-e6b9f3438a2e,2026-02-23,6f168c2c-529c-4ec8-9932-90d1b493cf87,USER_LOGIN,/api/v1/auth/login,200,Web · Windows,Successful login
70123eeb-8f09-4449-acdd-0581d2d1a6ad,2026-02-23,6f168c2c-529c-4ec8-9932-90d1b493cf87,FINANCIAL_LOG,/api/v1/financial,201,Web · Windows,2 transactions represented
34e54a72-c95e-44e3-aa1a-1fa0252a7ec6,2026-02-23,6f168c2c-529c-4ec8-9932-90d1b493cf87,HABIT_UPDATE,/api/v1/habits,200,Web · Windows,3/4 scheduled habits completed
c93b10d4-24dd-4e0d-a027-92d8d516dbc3,2026-02-24,6f168c2c-529c-4ec8-9932-90d1b493cf87,FINANCIAL_LOG,/api/v1/financial,201,Web · Windows,2 transactions represented
b38bdf6a-590b-411d-a2bd-1babd8841899,2026-02-24,6f168c2c-529c-4ec8-9932-90d1b493cf87,STUDY_LOG,/api/v1/study,201,Mobile · Android,2.8 study hours logged
7fb7da6e-b926-44ca-a0b8-4e5ec8ac6337,2026-02-24,6f168c2c-529c-4ec8-9932-90d1b493cf87,HABIT_UPDATE,/api/v1/habits,200,Web · Windows,4/4 scheduled habits completed
cb94c04b-c941-479f-a81b-f2a4d41080a8,2026-02-25,6f168c2c-529c-4ec8-9932-90d1b493cf87,USER_LOGIN,/api/v1/auth/login,200,Web · Windows,Successful login
d4c082d1-2be2-4859-ad1b-5be85dc5cfb4,2026-02-25,6f168c2c-529c-4ec8-9932-90d1b493cf87,FINANCIAL_LOG,/api/v1/financial,201,Mobile · Android,2 transactions represented
2d387988-9b15-49a8-ae0a-42ef7b693fa6,2026-02-25,6f168c2c-529c-4ec8-9932-90d1b493cf87,HABIT_UPDATE,/api/v1/habits,200,Web · Windows,4/4 scheduled habits completed
52b969bd-9bbf-4a8b-a2e8-ff6475a2a321,2026-02-26,6f168c2c-529c-4ec8-9932-90d1b493cf87,USER_LOGIN,/api/v1/auth/login,200,Web · Windows,Successful login
f0a2e139-a716-46d6-a476-7913e82b2f66,2026-02-26,6f168c2c-529c-4ec8-9932-90d1b493cf87,FINANCIAL_LOG,/api/v1/financial,201,Mobile · Android,2 transactions represented
ac8e758c-eb96-4bbc-a134-b5cc531af955,2026-02-26,6f168c2c-529c-4ec8-9932-90d1b493cf87,HABIT_UPDATE,/api/v1/habits,200,Web · Windows,4/4 scheduled habits completed
32a9fbcf-a63f-4efd-a3d5-95cbdee12393,2026-02-27,6f168c2c-529c-4ec8-9932-90d1b493cf87,USER_LOGIN,/api/v1/auth/login,200,Web · Windows,Successful login
8589575e-6fb0-4a8b-aeb7-5e82b9ce77b4,2026-02-27,6f168c2c-529c-4ec8-9932-90d1b493cf87,FINANCIAL_LOG,/api/v1/financial,201,Web · Windows,1 transactions represented
deec78a3-0cc6-4bbc-af34-855bccd55846,2026-02-27,6f168c2c-529c-4ec8-9932-90d1b493cf87,HABIT_UPDATE,/api/v1/habits,200,Web · Windows,3/4 scheduled habits completed
4aea5a03-5d38-42c6-a417-38a7de4e8a9c,2026-02-28,6f168c2c-529c-4ec8-9932-90d1b493cf87,HABIT_UPDATE,/api/v1/habits,200,Web · Windows,2/4 scheduled habits completed
df1c4b51-2bdf-4088-af31-adc7da482805,2026-03-01,6f168c2c-529c-4ec8-9932-90d1b493cf87,FINANCIAL_LOG,/api/v1/financial,201,Mobile · Android,1 transactions represented
c7956ce8-c395-4535-a5f7-91bb38c27d69,2026-03-01,6f168c2c-529c-4ec8-9932-90d1b493cf87,HABIT_UPDATE,/api/v1/habits,200,Web · Windows,2/5 scheduled habits completed
b7ae8f74-7250-4d5d-a194-998888218e01,2026-03-01,6f168c2c-529c-4ec8-9932-90d1b493cf87,ALERT_READ,/api/v1/alerts,200,Web · Windows,1 alert(s) reviewed
9db7ecf6-18e4-409a-a40f-f2f6b9dc7846,2026-03-02,6f168c2c-529c-4ec8-9932-90d1b493cf87,USER_LOGIN,/api/v1/auth/login,200,Web · Windows,Successful login
b7f325f6-5f44-40a3-ac84-203becdda253,2026-03-02,6f168c2c-529c-4ec8-9932-90d1b493cf87,FINANCIAL_LOG,/api/v1/financial,201,Web · Windows,3 transactions represented
d03de9db-83b6-4ef1-a8ce-d59b1ebc06e0,2026-03-02,6f168c2c-529c-4ec8-9932-90d1b493cf87,HABIT_UPDATE,/api/v1/habits,200,Web · Windows,4/4 scheduled habits completed
32b01316-c9ac-40db-ac93-10c90e285f08,2026-03-03,6f168c2c-529c-4ec8-9932-90d1b493cf87,USER_LOGIN,/api/v1/auth/login,200,Mobile · Android,Successful login
da455ff5-22f5-402b-a6e2-3028127a42ac,2026-03-03,6f168c2c-529c-4ec8-9932-90d1b493cf87,FINANCIAL_LOG,/api/v1/financial,201,Mobile · Android,2 transactions represented
f329cf8d-e7ea-4e44-a67f-3c7f7fa25c56,2026-03-03,6f168c2c-529c-4ec8-9932-90d1b493cf87,STUDY_LOG,/api/v1/study,201,Web · Windows,2.4 study hours logged
77e591b5-2d68-4d1a-adba-8217e7929ebc,2026-03-03,6f168c2c-529c-4ec8-9932-90d1b493cf87,HABIT_UPDATE,/api/v1/habits,200,Mobile · Android,3/4 scheduled habits completed
8680f82b-d8e7-401e-a24d-004c6b318abb,2026-03-04,6f168c2c-529c-4ec8-9932-90d1b493cf87,USER_LOGIN,/api/v1/auth/login,200,Web · Windows,Successful login
ca374494-156a-47c9-a157-51cc16d6dda5,2026-03-04,6f168c2c-529c-4ec8-9932-90d1b493cf87,FINANCIAL_LOG,/api/v1/financial,201,Mobile · Android,1 transactions represented
d2738747-c72c-4a85-a565-f1b96fb14cb7,2026-03-04,6f168c2c-529c-4ec8-9932-90d1b493cf87,STUDY_LOG,/api/v1/study,201,Web · Windows,1.8 study hours logged
d9abe1ac-0010-449b-aaa7-c34012969b26,2026-03-04,6f168c2c-529c-4ec8-9932-90d1b493cf87,HABIT_UPDATE,/api/v1/habits,200,Web · Windows,4/4 scheduled habits completed
7eca6128-dc48-45fd-a5ab-b19675873392,2026-03-05,6f168c2c-529c-4ec8-9932-90d1b493cf87,USER_LOGIN,/api/v1/auth/login,200,Mobile · Android,Successful login
c1547661-9560-40e8-a632-648bb00b3636,2026-03-05,6f168c2c-529c-4ec8-9932-90d1b493cf87,FINANCIAL_LOG,/api/v1/financial,201,Mobile · Android,3 transactions represented
47e05705-f5e9-42ce-aa7b-b70415f4d218,2026-03-05,6f168c2c-529c-4ec8-9932-90d1b493cf87,STUDY_LOG,/api/v1/study,201,Web · Windows,1.9 study hours logged
d973a786-fe41-45a7-adee-d1ca03149866,2026-03-05,6f168c2c-529c-4ec8-9932-90d1b493cf87,HABIT_UPDATE,/api/v1/habits,200,Web · Windows,3/4 scheduled habits completed
9970d5e6-6fb6-4d47-a85c-954466a5687e,2026-03-06,6f168c2c-529c-4ec8-9932-90d1b493cf87,USER_LOGIN,/api/v1/auth/login,200,Web · Windows,Successful login
05e855b8-bc17-4a3a-ac72-10201196dca1,2026-03-06,6f168c2c-529c-4ec8-9932-90d1b493cf87,FINANCIAL_LOG,/api/v1/financial,201,Web · Windows,2 transactions represented
46245d12-27e7-4ff8-ae67-1ae97343127b,2026-03-06,6f168c2c-529c-4ec8-9932-90d1b493cf87,STUDY_LOG,/api/v1/study,201,Mobile · Android,2.4 study hours logged
ab7798d6-f2c5-4ea6-aef0-e5d1730c7198,2026-03-06,6f168c2c-529c-4ec8-9932-90d1b493cf87,HABIT_UPDATE,/api/v1/habits,200,Mobile · Android,3/4 scheduled habits completed
8a4388d8-f077-4854-a7f5-efdfa463a28d,2026-03-07,6f168c2c-529c-4ec8-9932-90d1b493cf87,USER_LOGIN,/api/v1/auth/login,200,Mobile · Android,Successful login
55bf6a83-bf4c-4dc4-afd9-5be4a5d63e17,2026-03-07,6f168c2c-529c-4ec8-9932-90d1b493cf87,FINANCIAL_LOG,/api/v1/financial,201,Web · Windows,2 transactions represented
a2e06903-19c8-4e47-ae68-de3fd6612d6d,2026-03-07,6f168c2c-529c-4ec8-9932-90d1b493cf87,HABIT_UPDATE,/api/v1/habits,200,Web · Windows,3/4 scheduled habits completed
cfb225f4-cc8d-4e1b-aa41-0d028122f044,2026-03-08,6f168c2c-529c-4ec8-9932-90d1b493cf87,USER_LOGIN,/api/v1/auth/login,200,Web · Windows,Successful login
8ed92ed8-72c1-466b-ad56-62626fd33476,2026-03-08,6f168c2c-529c-4ec8-9932-90d1b493cf87,FINANCIAL_LOG,/api/v1/financial,201,Web · Windows,2 transactions represented
23651a4f-99c1-40ac-a8d3-eca0cb8c9a7c,2026-03-08,6f168c2c-529c-4ec8-9932-90d1b493cf87,STUDY_LOG,/api/v1/study,201,Mobile · Android,1.7 study hours logged
962bc046-526d-4e44-a0cf-fdeffb8f2287,2026-03-08,6f168c2c-529c-4ec8-9932-90d1b493cf87,HABIT_UPDATE,/api/v1/habits,200,Web · Windows,4/5 scheduled habits completed
23dc163e-9d30-4166-abdb-6aed2f8c83ef,2026-03-09,6f168c2c-529c-4ec8-9932-90d1b493cf87,USER_LOGIN,/api/v1/auth/login,200,Web · Windows,Successful login
8ae88b82-8ab6-46d9-ac16-53c87e19261f,2026-03-09,6f168c2c-529c-4ec8-9932-90d1b493cf87,FINANCIAL_LOG,/api/v1/financial,201,Web · Windows,2 transactions represented
4767844e-a964-4bcf-a3e2-25371baa2ff5,2026-03-09,6f168c2c-529c-4ec8-9932-90d1b493cf87,STUDY_LOG,/api/v1/study,201,Web · Windows,1 study hours logged
1b257a6d-b4bc-4758-a09b-5cbbb943f19b,2026-03-09,6f168c2c-529c-4ec8-9932-90d1b493cf87,HABIT_UPDATE,/api/v1/habits,200,Web · Windows,2/4 scheduled habits completed
68f9469f-2e39-45cf-a1ff-52a2b0243272,2026-03-10,6f168c2c-529c-4ec8-9932-90d1b493cf87,USER_LOGIN,/api/v1/auth/login,200,Web · Windows,Successful login
c4eab795-2d2f-41f2-ae64-71e7f274dc23,2026-03-10,6f168c2c-529c-4ec8-9932-90d1b493cf87,FINANCIAL_LOG,/api/v1/financial,201,Web · Windows,3 transactions represented
07dd217e-3dc9-4ddd-a5c7-1475a8bd144f,2026-03-10,6f168c2c-529c-4ec8-9932-90d1b493cf87,STUDY_LOG,/api/v1/study,201,Mobile · Android,1.6 study hours logged
44739d3d-66c4-4be7-a149-ebb83e5815d6,2026-03-10,6f168c2c-529c-4ec8-9932-90d1b493cf87,HABIT_UPDATE,/api/v1/habits,200,Web · Windows,3/4 scheduled habits completed
ce03a081-b91e-4f84-a570-7316135855b4,2026-03-11,6f168c2c-529c-4ec8-9932-90d1b493cf87,USER_LOGIN,/api/v1/auth/login,200,Mobile · Android,Successful login
0d61b15a-a428-4e2f-a944-cb17606bdfac,2026-03-11,6f168c2c-529c-4ec8-9932-90d1b493cf87,STUDY_LOG,/api/v1/study,201,Web · Windows,1.5 study hours logged
54ad8fa2-6494-4c47-a8d7-8c9a01cf577b,2026-03-11,6f168c2c-529c-4ec8-9932-90d1b493cf87,HABIT_UPDATE,/api/v1/habits,200,Mobile · Android,3/4 scheduled habits completed
d77a27f5-d54c-45c4-ac07-95b8d98fbafa,2026-03-12,6f168c2c-529c-4ec8-9932-90d1b493cf87,USER_LOGIN,/api/v1/auth/login,200,Web · Windows,Successful login
d89722e8-ee3b-43e6-aab9-4d473fe6048e,2026-03-12,6f168c2c-529c-4ec8-9932-90d1b493cf87,FINANCIAL_LOG,/api/v1/financial,201,Web · Windows,2 transactions represented
5bc85b36-9ebd-48cc-a2db-7d15157d3648,2026-03-12,6f168c2c-529c-4ec8-9932-90d1b493cf87,STUDY_LOG,/api/v1/study,201,Mobile · Android,2.2 study hours logged
c0d27091-1981-464b-a0d8-4856eccad094,2026-03-12,6f168c2c-529c-4ec8-9932-90d1b493cf87,HABIT_UPDATE,/api/v1/habits,200,Web · Windows,4/4 scheduled habits completed
46a6e9fb-7bb9-4618-a3c6-d324970e4ca7,2026-03-13,6f168c2c-529c-4ec8-9932-90d1b493cf87,USER_LOGIN,/api/v1/auth/login,200,Web · Windows,Successful login
70f537e0-db40-4f0f-a754-a253f8039a97,2026-03-13,6f168c2c-529c-4ec8-9932-90d1b493cf87,FINANCIAL_LOG,/api/v1/financial,201,Web · Windows,2 transactions represented
17262f79-680e-4004-ae56-acabda03e5e9,2026-03-13,6f168c2c-529c-4ec8-9932-90d1b493cf87,STUDY_LOG,/api/v1/study,201,Web · Windows,3 study hours logged
24025d27-1d1b-4f76-a6ee-f4faf8f053b5,2026-03-13,6f168c2c-529c-4ec8-9932-90d1b493cf87,HABIT_UPDATE,/api/v1/habits,200,Web · Windows,4/4 scheduled habits completed
586aaf01-fc74-450a-ac57-ded93d82ec98,2026-03-14,6f168c2c-529c-4ec8-9932-90d1b493cf87,USER_LOGIN,/api/v1/auth/login,200,Web · Windows,Successful login
54fee0d0-16e8-4f32-a413-b99636636022,2026-03-14,6f168c2c-529c-4ec8-9932-90d1b493cf87,HABIT_UPDATE,/api/v1/habits,200,Web · Windows,3/4 scheduled habits completed
63e37499-62b6-4bc7-a0c7-b651dbec1e09,2026-03-15,6f168c2c-529c-4ec8-9932-90d1b493cf87,USER_LOGIN,/api/v1/auth/login,200,Web · Windows,Successful login
525b97cc-db92-48a9-a5d1-f8503d9d59fe,2026-03-15,6f168c2c-529c-4ec8-9932-90d1b493cf87,FINANCIAL_LOG,/api/v1/financial,201,Web · Windows,1 transactions represented
4a857994-e720-439b-aa87-1a02b166f7d4,2026-03-15,6f168c2c-529c-4ec8-9932-90d1b493cf87,STUDY_LOG,/api/v1/study,201,Web · Windows,1.5 study hours logged
df0e59f9-2f3d-4cf9-a61a-4cb272f4534e,2026-03-15,6f168c2c-529c-4ec8-9932-90d1b493cf87,HABIT_UPDATE,/api/v1/habits,200,Web · Windows,2/5 scheduled habits completed
52f95707-0c4e-4185-a8ac-c733410c6594,2026-03-16,6f168c2c-529c-4ec8-9932-90d1b493cf87,USER_LOGIN,/api/v1/auth/login,200,Mobile · Android,Successful login
606c6984-9585-4f2d-a0bf-1228ffc56885,2026-03-16,6f168c2c-529c-4ec8-9932-90d1b493cf87,FINANCIAL_LOG,/api/v1/financial,201,Web · Windows,2 transactions represented
513ab74f-85c6-400f-ad38-0bdc3d265a95,2026-03-16,6f168c2c-529c-4ec8-9932-90d1b493cf87,STUDY_LOG,/api/v1/study,201,Web · Windows,2.3 study hours logged
89969c70-6bde-464e-ad10-e1c27aa5b63b,2026-03-16,6f168c2c-529c-4ec8-9932-90d1b493cf87,HABIT_UPDATE,/api/v1/habits,200,Mobile · Android,2/4 scheduled habits completed
d402ef8d-fe5c-467d-a3e3-dceeebfa72b2,2026-03-17,6f168c2c-529c-4ec8-9932-90d1b493cf87,USER_LOGIN,/api/v1/auth/login,200,Web · Windows,Successful login
bba4a2ab-3b4d-4b1f-a07c-0b04dfb889e3,2026-03-17,6f168c2c-529c-4ec8-9932-90d1b493cf87,FINANCIAL_LOG,/api/v1/financial,201,Mobile · Android,1 transactions represented
738c3e66-8a72-4ad6-a7d9-defcb08c1f6b,2026-03-17,6f168c2c-529c-4ec8-9932-90d1b493cf87,STUDY_LOG,/api/v1/study,201,Web · Windows,2.6 study hours logged
ad92b4c4-811f-4c47-aa6b-1782ae96f8e6,2026-03-17,6f168c2c-529c-4ec8-9932-90d1b493cf87,HABIT_UPDATE,/api/v1/habits,200,Web · Windows,3/4 scheduled habits completed
086655a0-49bc-462d-a09d-bfaab1ec61a8,2026-03-18,6f168c2c-529c-4ec8-9932-90d1b493cf87,USER_LOGIN,/api/v1/auth/login,200,Web · Windows,Successful login
88ed8e09-66fa-45d1-abcf-36e9cd809db1,2026-03-18,6f168c2c-529c-4ec8-9932-90d1b493cf87,FINANCIAL_LOG,/api/v1/financial,201,Web · Windows,2 transactions represented
bd7a38e4-e959-45ea-add9-21a5074e4e7c,2026-03-18,6f168c2c-529c-4ec8-9932-90d1b493cf87,STUDY_LOG,/api/v1/study,201,Web · Windows,2.5 study hours logged
f6235fbd-4a07-4775-af1d-32b6ba12a334,2026-03-18,6f168c2c-529c-4ec8-9932-90d1b493cf87,HABIT_UPDATE,/api/v1/habits,200,Web · Windows,3/4 scheduled habits completed
ed908397-0304-4f73-a8f1-2368e713e459,2026-03-19,6f168c2c-529c-4ec8-9932-90d1b493cf87,USER_LOGIN,/api/v1/auth/login,200,Web · Windows,Successful login
66268658-525f-4d82-ab7e-30f58addb5e5,2026-03-19,6f168c2c-529c-4ec8-9932-90d1b493cf87,FINANCIAL_LOG,/api/v1/financial,201,Web · Windows,2 transactions represented
b5574356-873b-4b4f-ae2a-f2f658899783,2026-03-19,6f168c2c-529c-4ec8-9932-90d1b493cf87,HABIT_UPDATE,/api/v1/habits,200,Web · Windows,3/4 scheduled habits completed
8d470154-e49d-418d-af86-b951ef78e25d,2026-03-20,6f168c2c-529c-4ec8-9932-90d1b493cf87,USER_LOGIN,/api/v1/auth/login,200,Web · Windows,Successful login
8d9092c7-2c76-4af7-ac04-98525f449d65,2026-03-20,6f168c2c-529c-4ec8-9932-90d1b493cf87,FINANCIAL_LOG,/api/v1/financial,201,Web · Windows,2 transactions represented
87ed7983-f351-468a-a17f-55e9643b823b,2026-03-20,6f168c2c-529c-4ec8-9932-90d1b493cf87,STUDY_LOG,/api/v1/study,201,Mobile · Android,1.8 study hours logged
d685d6e6-d6ff-47c1-a7ee-652fa5fee792,2026-03-20,6f168c2c-529c-4ec8-9932-90d1b493cf87,HABIT_UPDATE,/api/v1/habits,200,Web · Windows,2/4 scheduled habits completed
2337e8ec-3d2c-4e2b-afc5-c0a1c4a999c6,2026-03-21,6f168c2c-529c-4ec8-9932-90d1b493cf87,USER_LOGIN,/api/v1/auth/login,200,Web · Windows,Successful login
d6918814-e4e9-45fc-abf1-3efd1ba54175,2026-03-21,6f168c2c-529c-4ec8-9932-90d1b493cf87,FINANCIAL_LOG,/api/v1/financial,201,Web · Windows,1 transactions represented
d5f6de23-1b43-4030-a081-470671a5c3c8,2026-03-21,6f168c2c-529c-4ec8-9932-90d1b493cf87,HABIT_UPDATE,/api/v1/habits,200,Mobile · Android,2/4 scheduled habits completed
8ecf9021-2a71-4d70-a30e-b76bcf8478b7,2026-03-22,6f168c2c-529c-4ec8-9932-90d1b493cf87,USER_LOGIN,/api/v1/auth/login,200,Web · Windows,Successful login
be46b25a-fe34-47de-a6c7-3d8447e6b28c,2026-03-22,6f168c2c-529c-4ec8-9932-90d1b493cf87,STUDY_LOG,/api/v1/study,201,Web · Windows,3.1 study hours logged
6dee947e-6a2a-4400-a16b-8cde4328ab39,2026-03-22,6f168c2c-529c-4ec8-9932-90d1b493cf87,HABIT_UPDATE,/api/v1/habits,200,Mobile · Android,4/5 scheduled habits completed
71be70f5-3ec6-43f9-a89c-2b87d6ba2659,2026-03-23,6f168c2c-529c-4ec8-9932-90d1b493cf87,USER_LOGIN,/api/v1/auth/login,200,Web · Windows,Successful login
85242df9-e50d-4197-a4b5-3afeed927add,2026-03-23,6f168c2c-529c-4ec8-9932-90d1b493cf87,FINANCIAL_LOG,/api/v1/financial,201,Web · Windows,2 transactions represented
e1435e08-9fb8-4057-aa04-78f375f0c53c,2026-03-23,6f168c2c-529c-4ec8-9932-90d1b493cf87,STUDY_LOG,/api/v1/study,201,Web · Windows,2.9 study hours logged
84628c18-9f8b-4b5c-a53d-698ae633e293,2026-03-23,6f168c2c-529c-4ec8-9932-90d1b493cf87,HABIT_UPDATE,/api/v1/habits,200,Web · Windows,4/4 scheduled habits completed
5667aecb-5721-4722-af2c-b3f8ef26bbbe,2026-03-24,6f168c2c-529c-4ec8-9932-90d1b493cf87,USER_LOGIN,/api/v1/auth/login,200,Web · Windows,Successful login
571df07f-a453-4f4b-adad-e7d5e7141c5b,2026-03-24,6f168c2c-529c-4ec8-9932-90d1b493cf87,FINANCIAL_LOG,/api/v1/financial,201,Mobile · Android,1 transactions represented
a68b0871-6f68-4824-a1b0-62645562e6ce,2026-03-24,6f168c2c-529c-4ec8-9932-90d1b493cf87,STUDY_LOG,/api/v1/study,201,Mobile · Android,2 study hours logged
db9f4e32-5fc5-422b-ac07-13cf8b135cc6,2026-03-24,6f168c2c-529c-4ec8-9932-90d1b493cf87,HABIT_UPDATE,/api/v1/habits,200,Web · Windows,3/4 scheduled habits completed
043a2cf5-51b8-4437-aca3-eab7278b43c2,2026-03-25,6f168c2c-529c-4ec8-9932-90d1b493cf87,USER_LOGIN,/api/v1/auth/login,200,Web · Windows,Successful login
b384dc6f-ad65-4cc6-a730-60d434ae2a13,2026-03-25,6f168c2c-529c-4ec8-9932-90d1b493cf87,FINANCIAL_LOG,/api/v1/financial,201,Web · Windows,1 transactions represented
8f3f20ac-cf63-4138-ae7e-4eafa577092b,2026-03-25,6f168c2c-529c-4ec8-9932-90d1b493cf87,STUDY_LOG,/api/v1/study,201,Web · Windows,3.1 study hours logged
d398085b-9cf3-4a82-aedc-5735c3b07785,2026-03-25,6f168c2c-529c-4ec8-9932-90d1b493cf87,HABIT_UPDATE,/api/v1/habits,200,Web · Windows,3/4 scheduled habits completed
0e36ec07-796e-4236-a62f-18a5b97a417f,2026-03-26,6f168c2c-529c-4ec8-9932-90d1b493cf87,USER_LOGIN,/api/v1/auth/login,200,Web · Windows,Successful login
b9ec3c2b-213d-41c7-a0c2-aa76bd8376d7,2026-03-26,6f168c2c-529c-4ec8-9932-90d1b493cf87,FINANCIAL_LOG,/api/v1/financial,201,Mobile · Android,3 transactions represented
2602284f-6fd9-4ee0-acd0-4690d44f90ea,2026-03-26,6f168c2c-529c-4ec8-9932-90d1b493cf87,HABIT_UPDATE,/api/v1/habits,200,Web · Windows,3/4 scheduled habits completed
b685458a-f92a-4328-a492-5bc6c74239bc,2026-03-27,6f168c2c-529c-4ec8-9932-90d1b493cf87,USER_LOGIN,/api/v1/auth/login,200,Web · Windows,Successful login
25837643-fd4f-49b8-afef-10cc2db0b66c,2026-03-27,6f168c2c-529c-4ec8-9932-90d1b493cf87,FINANCIAL_LOG,/api/v1/financial,201,Mobile · Android,1 transactions represented
025ed5a0-f093-4dd5-ace5-45eaab910a16,2026-03-27,6f168c2c-529c-4ec8-9932-90d1b493cf87,HABIT_UPDATE,/api/v1/habits,200,Web · Windows,3/4 scheduled habits completed
878226dc-5fbf-4d97-ae40-d8e50e252650,2026-03-28,6f168c2c-529c-4ec8-9932-90d1b493cf87,USER_LOGIN,/api/v1/auth/login,200,Web · Windows,Successful login
45dc9a1d-eb9b-4935-a948-d95eacb2a280,2026-03-28,6f168c2c-529c-4ec8-9932-90d1b493cf87,HABIT_UPDATE,/api/v1/habits,200,Web · Windows,2/4 scheduled habits completed
0ebfe107-790a-4824-a46d-08c4c9692276,2026-03-29,6f168c2c-529c-4ec8-9932-90d1b493cf87,FINANCIAL_LOG,/api/v1/financial,201,Web · Windows,1 transactions represented
f4a4b576-fb3b-4e1e-ab9b-0a38035dfe57,2026-03-29,6f168c2c-529c-4ec8-9932-90d1b493cf87,STUDY_LOG,/api/v1/study,201,Mobile · Android,2 study hours logged
1540d9d7-134b-4fbc-a3cf-983567966591,2026-03-29,6f168c2c-529c-4ec8-9932-90d1b493cf87,HABIT_UPDATE,/api/v1/habits,200,Web · Windows,5/5 scheduled habits completed
2e53cf85-4034-47ba-afb0-2f67b25f15ea,2026-03-30,6f168c2c-529c-4ec8-9932-90d1b493cf87,USER_LOGIN,/api/v1/auth/login,200,Web · Windows,Successful login
b121c08c-d016-4bc8-a6ab-6a585bd389ff,2026-03-30,6f168c2c-529c-4ec8-9932-90d1b493cf87,FINANCIAL_LOG,/api/v1/financial,201,Mobile · Android,1 transactions represented
16beac99-80fd-4468-a1a6-fbfa8e440f4b,2026-03-30,6f168c2c-529c-4ec8-9932-90d1b493cf87,HABIT_UPDATE,/api/v1/habits,200,Web · Windows,2/4 scheduled habits completed
c594e138-0d8a-4d0c-ac66-a5e1be94e990,2026-03-31,6f168c2c-529c-4ec8-9932-90d1b493cf87,USER_LOGIN,/api/v1/auth/login,200,Mobile · Android,Successful login
6e2efdb6-b78d-485b-ac7e-a7b038488b9e,2026-03-31,6f168c2c-529c-4ec8-9932-90d1b493cf87,FINANCIAL_LOG,/api/v1/financial,201,Web · Windows,1 transactions represented
a449c692-f25d-4b23-a703-97b6304902af,2026-03-31,6f168c2c-529c-4ec8-9932-90d1b493cf87,STUDY_LOG,/api/v1/study,201,Web · Windows,2.4 study hours logged
6f40f1d8-21a2-49e5-ac90-31c60cdfc815,2026-03-31,6f168c2c-529c-4ec8-9932-90d1b493cf87,HABIT_UPDATE,/api/v1/habits,200,Mobile · Android,3/4 scheduled habits completed
7d09be5a-ebb6-44af-a03a-702fc84b0dca,2026-04-01,6f168c2c-529c-4ec8-9932-90d1b493cf87,USER_LOGIN,/api/v1/auth/login,200,Web · Windows,Successful login
72dc0583-9525-4a75-a888-d3384147efec,2026-04-01,6f168c2c-529c-4ec8-9932-90d1b493cf87,FINANCIAL_LOG,/api/v1/financial,201,Web · Windows,2 transactions represented
4dc92408-75f0-4ccb-a4e5-3e951315ffcb,2026-04-01,6f168c2c-529c-4ec8-9932-90d1b493cf87,STUDY_LOG,/api/v1/study,201,Mobile · Android,3 study hours logged
0820dbcc-48c0-400d-ada2-10fb46c2098a,2026-04-01,6f168c2c-529c-4ec8-9932-90d1b493cf87,HABIT_UPDATE,/api/v1/habits,200,Mobile · Android,3/4 scheduled habits completed
8688c380-7961-4d88-ab6c-b5a9e92590d9,2026-04-02,6f168c2c-529c-4ec8-9932-90d1b493cf87,USER_LOGIN,/api/v1/auth/login,200,Web · Windows,Successful login
59678c68-8de1-4a5c-acc7-0f3899984b46,2026-04-02,6f168c2c-529c-4ec8-9932-90d1b493cf87,FINANCIAL_LOG,/api/v1/financial,201,Web · Windows,2 transactions represented
ad2920a7-f6c5-428c-ac40-a860ac53d531,2026-04-02,6f168c2c-529c-4ec8-9932-90d1b493cf87,STUDY_LOG,/api/v1/study,201,Web · Windows,1.3 study hours logged
ae417e23-3460-44c5-a996-55403ad9e9ec,2026-04-02,6f168c2c-529c-4ec8-9932-90d1b493cf87,HABIT_UPDATE,/api/v1/habits,200,Mobile · Android,3/4 scheduled habits completed
4071e2be-a1c5-4a73-ad1c-0023c979e62d,2026-04-02,6f168c2c-529c-4ec8-9932-90d1b493cf87,ALERT_READ,/api/v1/alerts,200,Web · Windows,1 alert(s) reviewed
482960ef-e37c-43de-afa9-433cf48f49d9,2026-04-03,6f168c2c-529c-4ec8-9932-90d1b493cf87,USER_LOGIN,/api/v1/auth/login,200,Web · Windows,Successful login
b34038ef-aebe-4d43-a937-cabb43285b29,2026-04-03,6f168c2c-529c-4ec8-9932-90d1b493cf87,FINANCIAL_LOG,/api/v1/financial,201,Web · Windows,2 transactions represented
1561f220-36c1-4b5c-af07-317343812136,2026-04-03,6f168c2c-529c-4ec8-9932-90d1b493cf87,STUDY_LOG,/api/v1/study,201,Web · Windows,1.8 study hours logged
6595efa7-4862-43f5-a341-fe2a1f07ff86,2026-04-03,6f168c2c-529c-4ec8-9932-90d1b493cf87,HABIT_UPDATE,/api/v1/habits,200,Web · Windows,2/4 scheduled habits completed
7d02048e-14cd-4116-ae3d-7b75c58aec0a,2026-04-04,6f168c2c-529c-4ec8-9932-90d1b493cf87,USER_LOGIN,/api/v1/auth/login,200,Web · Windows,Successful login
c745e3f8-45ca-4f74-a188-b9c2a3698088,2026-04-04,6f168c2c-529c-4ec8-9932-90d1b493cf87,FINANCIAL_LOG,/api/v1/financial,201,Web · Windows,2 transactions represented
e3e06d50-837e-45d2-affd-b91fdfe05e0b,2026-04-04,6f168c2c-529c-4ec8-9932-90d1b493cf87,HABIT_UPDATE,/api/v1/habits,200,Mobile · Android,2/4 scheduled habits completed
3c6a7c78-159f-4830-a2cf-7c4bf9909241,2026-04-05,6f168c2c-529c-4ec8-9932-90d1b493cf87,USER_LOGIN,/api/v1/auth/login,200,Web · Windows,Successful login
9eac0ad3-50f3-44fd-a559-52a2c4fce092,2026-04-05,6f168c2c-529c-4ec8-9932-90d1b493cf87,FINANCIAL_LOG,/api/v1/financial,201,Web · Windows,2 transactions represented
231ded75-42df-4f79-ab0a-dd48ffb883dd,2026-04-05,6f168c2c-529c-4ec8-9932-90d1b493cf87,HABIT_UPDATE,/api/v1/habits,200,Web · Windows,5/5 scheduled habits completed
8716d971-be68-4b00-a264-953410933696,2026-04-06,6f168c2c-529c-4ec8-9932-90d1b493cf87,USER_LOGIN,/api/v1/auth/login,200,Web · Windows,Successful login
d3c92841-5eb3-4c98-a3f0-577dad291a4f,2026-04-06,6f168c2c-529c-4ec8-9932-90d1b493cf87,FINANCIAL_LOG,/api/v1/financial,201,Web · Windows,1 transactions represented
2902abdf-c5d0-4ca4-a45d-79bfebd1d119,2026-04-06,6f168c2c-529c-4ec8-9932-90d1b493cf87,STUDY_LOG,/api/v1/study,201,Web · Windows,2.3 study hours logged
1243d781-65f1-40ad-a8d8-52c012c6910e,2026-04-06,6f168c2c-529c-4ec8-9932-90d1b493cf87,HABIT_UPDATE,/api/v1/habits,200,Web · Windows,3/4 scheduled habits completed
7fe4c794-946a-4a90-a29b-06f529a2fb18,2026-04-07,6f168c2c-529c-4ec8-9932-90d1b493cf87,USER_LOGIN,/api/v1/auth/login,200,Web · Windows,Successful login
c1355967-f7eb-4f77-a45c-28687d9f996f,2026-04-07,6f168c2c-529c-4ec8-9932-90d1b493cf87,FINANCIAL_LOG,/api/v1/financial,201,Mobile · Android,2 transactions represented
591c680e-388a-4f8b-a495-39ae5cc9f222,2026-04-07,6f168c2c-529c-4ec8-9932-90d1b493cf87,STUDY_LOG,/api/v1/study,201,Web · Windows,1.7 study hours logged
54524315-6b35-46f4-a083-fb110b56ceb3,2026-04-07,6f168c2c-529c-4ec8-9932-90d1b493cf87,HABIT_UPDATE,/api/v1/habits,200,Web · Windows,4/4 scheduled habits completed
6741297e-0bc6-4b54-a414-50caa516c508,2026-04-08,6f168c2c-529c-4ec8-9932-90d1b493cf87,USER_LOGIN,/api/v1/auth/login,200,Mobile · Android,Successful login
cb854bb4-5b61-4d73-ab40-809891338775,2026-04-08,6f168c2c-529c-4ec8-9932-90d1b493cf87,FINANCIAL_LOG,/api/v1/financial,201,Web · Windows,2 transactions represented
234c8572-e930-4aa8-a1af-9512b5632034,2026-04-08,6f168c2c-529c-4ec8-9932-90d1b493cf87,STUDY_LOG,/api/v1/study,201,Web · Windows,1.8 study hours logged
7acd722f-2e84-495a-a59e-eb31d95e8389,2026-04-08,6f168c2c-529c-4ec8-9932-90d1b493cf87,HABIT_UPDATE,/api/v1/habits,200,Web · Windows,3/4 scheduled habits completed
d7147f92-d561-4852-a879-2daec234ebbb,2026-04-09,6f168c2c-529c-4ec8-9932-90d1b493cf87,USER_LOGIN,/api/v1/auth/login,200,Web · Windows,Successful login
8ed8ec12-7431-423d-aedd-abcb1d459675,2026-04-09,6f168c2c-529c-4ec8-9932-90d1b493cf87,FINANCIAL_LOG,/api/v1/financial,201,Web · Windows,1 transactions represented
c18f2879-0f15-4640-a09e-f0d5da3ca056,2026-04-09,6f168c2c-529c-4ec8-9932-90d1b493cf87,STUDY_LOG,/api/v1/study,201,Web · Windows,2.7 study hours logged
8cb5b912-a845-4138-ac47-f9bc08419cdd,2026-04-09,6f168c2c-529c-4ec8-9932-90d1b493cf87,HABIT_UPDATE,/api/v1/habits,200,Mobile · Android,2/4 scheduled habits completed
e7b7c297-190c-4fa5-a244-4bd1572ffcc9,2026-04-10,6f168c2c-529c-4ec8-9932-90d1b493cf87,USER_LOGIN,/api/v1/auth/login,200,Mobile · Android,Successful login
f7982318-ed06-4332-a29b-5c43b599317d,2026-04-10,6f168c2c-529c-4ec8-9932-90d1b493cf87,FINANCIAL_LOG,/api/v1/financial,201,Web · Windows,2 transactions represented
46deb20f-0f94-43f9-a706-1af59f2fc554,2026-04-10,6f168c2c-529c-4ec8-9932-90d1b493cf87,STUDY_LOG,/api/v1/study,201,Web · Windows,3.2 study hours logged
472cbe27-77a8-40dd-abbb-d37dc9eabfc6,2026-04-10,6f168c2c-529c-4ec8-9932-90d1b493cf87,HABIT_UPDATE,/api/v1/habits,200,Web · Windows,4/4 scheduled habits completed
65cdfbce-f12c-4054-aecf-466ed43c350d,2026-04-10,6f168c2c-529c-4ec8-9932-90d1b493cf87,ALERT_READ,/api/v1/alerts,200,Mobile · Android,1 alert(s) reviewed
d838855b-1797-4790-a291-087afcc3361a,2026-04-11,6f168c2c-529c-4ec8-9932-90d1b493cf87,USER_LOGIN,/api/v1/auth/login,200,Web · Windows,Successful login
910990bf-f4fb-4a1b-a3fe-acbc7c786e9b,2026-04-11,6f168c2c-529c-4ec8-9932-90d1b493cf87,HABIT_UPDATE,/api/v1/habits,200,Web · Windows,4/4 scheduled habits completed
455f0ed1-20e1-4d09-adbd-5e43eeb0abca,2026-04-12,6f168c2c-529c-4ec8-9932-90d1b493cf87,USER_LOGIN,/api/v1/auth/login,200,Web · Windows,Successful login
fdfd831a-e3e1-4a53-a1f5-fc06c3547059,2026-04-12,6f168c2c-529c-4ec8-9932-90d1b493cf87,FINANCIAL_LOG,/api/v1/financial,201,Mobile · Android,3 transactions represented
4946c7d4-fe5d-4769-acfe-fe822e8dd916,2026-04-12,6f168c2c-529c-4ec8-9932-90d1b493cf87,STUDY_LOG,/api/v1/study,201,Mobile · Android,3.2 study hours logged
181e3726-320f-470f-a884-c602977b073f,2026-04-12,6f168c2c-529c-4ec8-9932-90d1b493cf87,HABIT_UPDATE,/api/v1/habits,200,Web · Windows,4/5 scheduled habits completed
9eee2edf-4725-43a8-a5b3-9eebc5f78298,2026-04-13,6f168c2c-529c-4ec8-9932-90d1b493cf87,USER_LOGIN,/api/v1/auth/login,200,Web · Windows,Successful login
51ec1456-e317-4d45-a30e-37ef6c6dc86c,2026-04-13,6f168c2c-529c-4ec8-9932-90d1b493cf87,FINANCIAL_LOG,/api/v1/financial,201,Web · Windows,1 transactions represented
89c38369-4caa-4ed3-af04-fc563d35672e,2026-04-13,6f168c2c-529c-4ec8-9932-90d1b493cf87,STUDY_LOG,/api/v1/study,201,Web · Windows,3.1 study hours logged
476451ab-780e-4528-a9fc-b437730ad3fc,2026-04-13,6f168c2c-529c-4ec8-9932-90d1b493cf87,HABIT_UPDATE,/api/v1/habits,200,Web · Windows,4/4 scheduled habits completed
e18f83e1-6a8c-4d35-a6be-f0d1d1b9cfa0,2026-04-14,6f168c2c-529c-4ec8-9932-90d1b493cf87,USER_LOGIN,/api/v1/auth/login,200,Web · Windows,Successful login
5d56f0f1-074d-499b-a812-e81277d6ead1,2026-04-14,6f168c2c-529c-4ec8-9932-90d1b493cf87,FINANCIAL_LOG,/api/v1/financial,201,Web · Windows,1 transactions represented
c47a5086-4736-452b-a26d-395423fff81d,2026-04-14,6f168c2c-529c-4ec8-9932-90d1b493cf87,HABIT_UPDATE,/api/v1/habits,200,Web · Windows,4/4 scheduled habits completed
a10f0986-d8c0-4d64-a12c-da6ffb6066bb,2026-04-15,6f168c2c-529c-4ec8-9932-90d1b493cf87,USER_LOGIN,/api/v1/auth/login,200,Web · Windows,Successful login
952f9ee9-21ea-4f8a-a197-752a2a434f3a,2026-04-15,6f168c2c-529c-4ec8-9932-90d1b493cf87,FINANCIAL_LOG,/api/v1/financial,201,Web · Windows,1 transactions represented
3c8aac6e-5e90-4aaa-abff-d4276867dca7,2026-04-15,6f168c2c-529c-4ec8-9932-90d1b493cf87,HABIT_UPDATE,/api/v1/habits,200,Web · Windows,1/4 scheduled habits completed
c4a65a86-2cb4-41bd-a9e8-867548d05077,2026-04-16,6f168c2c-529c-4ec8-9932-90d1b493cf87,USER_LOGIN,/api/v1/auth/login,200,Web · Windows,Successful login
d43ca866-a617-45c0-a9d0-00133b09980f,2026-04-16,6f168c2c-529c-4ec8-9932-90d1b493cf87,FINANCIAL_LOG,/api/v1/financial,201,Mobile · Android,1 transactions represented
a4fdf247-a38b-43e0-a3ae-3dc28c85c9a1,2026-04-16,6f168c2c-529c-4ec8-9932-90d1b493cf87,STUDY_LOG,/api/v1/study,201,Web · Windows,2.9 study hours logged
49c5a6b6-b045-4355-afbf-98cca5bfe2d1,2026-04-16,6f168c2c-529c-4ec8-9932-90d1b493cf87,HABIT_UPDATE,/api/v1/habits,200,Web · Windows,2/4 scheduled habits completed
97c33f29-3aea-4d1a-ac71-0819bd186aa1,2026-04-17,6f168c2c-529c-4ec8-9932-90d1b493cf87,USER_LOGIN,/api/v1/auth/login,200,Web · Windows,Successful login
84c25df7-a103-4cc9-a7a8-73431dc429f7,2026-04-17,6f168c2c-529c-4ec8-9932-90d1b493cf87,FINANCIAL_LOG,/api/v1/financial,201,Mobile · Android,2 transactions represented
cadbb985-01dc-4f7e-aa04-bcd9f968ff69,2026-04-17,6f168c2c-529c-4ec8-9932-90d1b493cf87,STUDY_LOG,/api/v1/study,201,Web · Windows,3 study hours logged
27de27eb-de98-4848-a1ff-405764871b14,2026-04-17,6f168c2c-529c-4ec8-9932-90d1b493cf87,HABIT_UPDATE,/api/v1/habits,200,Mobile · Android,2/4 scheduled habits completed
35ab8c25-c253-4f98-ac88-8444c3cb9de6,2026-04-18,6f168c2c-529c-4ec8-9932-90d1b493cf87,USER_LOGIN,/api/v1/auth/login,200,Web · Windows,Successful login
296ff046-4c0d-4ffe-a0e6-afa7277a2fe9,2026-04-18,6f168c2c-529c-4ec8-9932-90d1b493cf87,HABIT_UPDATE,/api/v1/habits,200,Web · Windows,4/4 scheduled habits completed
3aaab409-f122-41ed-af39-17697a7ebd5e,2026-04-19,6f168c2c-529c-4ec8-9932-90d1b493cf87,HABIT_UPDATE,/api/v1/habits,200,Mobile · Android,5/5 scheduled habits completed
3e8f37bb-b382-45c6-a211-61482dd7178a,2026-04-20,6f168c2c-529c-4ec8-9932-90d1b493cf87,USER_LOGIN,/api/v1/auth/login,200,Web · Windows,Successful login
2d8ac93e-fa46-48a1-a0c1-3c0d93b787d9,2026-04-20,6f168c2c-529c-4ec8-9932-90d1b493cf87,STUDY_LOG,/api/v1/study,201,Mobile · Android,1.8 study hours logged
bd2a663e-f40c-4acd-a074-1bf81493dddb,2026-04-20,6f168c2c-529c-4ec8-9932-90d1b493cf87,HABIT_UPDATE,/api/v1/habits,200,Web · Windows,4/4 scheduled habits completed
ea108509-976f-4a36-aa99-5c8c6787e547,2026-04-21,6f168c2c-529c-4ec8-9932-90d1b493cf87,USER_LOGIN,/api/v1/auth/login,200,Web · Windows,Successful login
06fc03ac-5de2-4a0f-a67e-6e66d4211710,2026-04-21,6f168c2c-529c-4ec8-9932-90d1b493cf87,FINANCIAL_LOG,/api/v1/financial,201,Web · Windows,1 transactions represented
0037f0bc-d316-4806-a9a0-b168ac50d734,2026-04-21,6f168c2c-529c-4ec8-9932-90d1b493cf87,STUDY_LOG,/api/v1/study,201,Web · Windows,1.5 study hours logged
ea97ff97-1053-4f34-aa0c-ec9385e9f227,2026-04-21,6f168c2c-529c-4ec8-9932-90d1b493cf87,HABIT_UPDATE,/api/v1/habits,200,Web · Windows,3/4 scheduled habits completed
e1e07524-8679-4979-a954-a8a35f4edd7b,2026-04-22,6f168c2c-529c-4ec8-9932-90d1b493cf87,USER_LOGIN,/api/v1/auth/login,200,Web · Windows,Successful login
936f4d6e-173c-45db-a3ff-78ba95eeadbe,2026-04-22,6f168c2c-529c-4ec8-9932-90d1b493cf87,FINANCIAL_LOG,/api/v1/financial,201,Web · Windows,1 transactions represented
635095b0-27f1-49fc-a308-249ca754a227,2026-04-22,6f168c2c-529c-4ec8-9932-90d1b493cf87,STUDY_LOG,/api/v1/study,201,Mobile · Android,3.1 study hours logged
8543f747-9c30-4413-aac3-6493e2bbc1ef,2026-04-22,6f168c2c-529c-4ec8-9932-90d1b493cf87,HABIT_UPDATE,/api/v1/habits,200,Web · Windows,2/4 scheduled habits completed
83d94f6d-8f44-49d3-a369-0258aca49df7,2026-04-23,6f168c2c-529c-4ec8-9932-90d1b493cf87,USER_LOGIN,/api/v1/auth/login,200,Web · Windows,Successful login
d160b041-066c-4fad-a288-b5591162ca6c,2026-04-23,6f168c2c-529c-4ec8-9932-90d1b493cf87,FINANCIAL_LOG,/api/v1/financial,201,Mobile · Android,2 transactions represented
1f96fc90-91b4-4695-abac-68d8ae6e714f,2026-04-23,6f168c2c-529c-4ec8-9932-90d1b493cf87,STUDY_LOG,/api/v1/study,201,Mobile · Android,2.3 study hours logged
0ccb29f4-1c92-4823-a8f4-1579ca377818,2026-04-23,6f168c2c-529c-4ec8-9932-90d1b493cf87,HABIT_UPDATE,/api/v1/habits,200,Mobile · Android,1/4 scheduled habits completed
59d51958-f3b7-4e4a-ae21-95f0622b08d5,2026-04-23,6f168c2c-529c-4ec8-9932-90d1b493cf87,ALERT_READ,/api/v1/alerts,200,Web · Windows,1 alert(s) reviewed
4fb95eb9-1de0-437b-a6da-5060980bc4d3,2026-04-24,6f168c2c-529c-4ec8-9932-90d1b493cf87,USER_LOGIN,/api/v1/auth/login,200,Mobile · Android,Successful login
92c2d17c-7270-405f-a74c-fd50d449665d,2026-04-24,6f168c2c-529c-4ec8-9932-90d1b493cf87,FINANCIAL_LOG,/api/v1/financial,201,Web · Windows,2 transactions represented
6b0f76e6-7987-4798-a3ab-ded3019b8ade,2026-04-24,6f168c2c-529c-4ec8-9932-90d1b493cf87,STUDY_LOG,/api/v1/study,201,Web · Windows,1.2 study hours logged
f4187455-6b7c-4e96-a7fa-bc5e1e090e05,2026-04-24,6f168c2c-529c-4ec8-9932-90d1b493cf87,HABIT_UPDATE,/api/v1/habits,200,Web · Windows,4/4 scheduled habits completed
83a2466b-d08a-4ecb-aa68-3f18d61868e0,2026-04-25,6f168c2c-529c-4ec8-9932-90d1b493cf87,USER_LOGIN,/api/v1/auth/login,200,Mobile · Android,Successful login
063d5200-0a23-4476-ab37-b9574a46acb4,2026-04-25,6f168c2c-529c-4ec8-9932-90d1b493cf87,FINANCIAL_LOG,/api/v1/financial,201,Web · Windows,1 transactions represented
688b3b85-09ba-4386-ac33-b980d12605a3,2026-04-25,6f168c2c-529c-4ec8-9932-90d1b493cf87,HABIT_UPDATE,/api/v1/habits,200,Web · Windows,2/4 scheduled habits completed
51413ce2-14c8-4b2d-a265-ab589117bdb0,2026-04-26,6f168c2c-529c-4ec8-9932-90d1b493cf87,FINANCIAL_LOG,/api/v1/financial,201,Web · Windows,2 transactions represented
94ab685c-ea2f-47a5-ae5f-9aa55b3dc24f,2026-04-26,6f168c2c-529c-4ec8-9932-90d1b493cf87,STUDY_LOG,/api/v1/study,201,Mobile · Android,1.3 study hours logged
083394c7-2747-49db-af53-6fb6fcd262da,2026-04-26,6f168c2c-529c-4ec8-9932-90d1b493cf87,HABIT_UPDATE,/api/v1/habits,200,Web · Windows,3/5 scheduled habits completed
493842da-e2b9-48a1-a6c7-44dc06bb939e,2026-04-27,6f168c2c-529c-4ec8-9932-90d1b493cf87,USER_LOGIN,/api/v1/auth/login,200,Mobile · Android,Successful login
1b00aef4-6acc-493c-a3aa-1f71dd24f36f,2026-04-27,6f168c2c-529c-4ec8-9932-90d1b493cf87,FINANCIAL_LOG,/api/v1/financial,201,Web · Windows,2 transactions represented
bf215156-3db3-4ebf-ab2a-864bceb837b5,2026-04-27,6f168c2c-529c-4ec8-9932-90d1b493cf87,STUDY_LOG,/api/v1/study,201,Mobile · Android,1.7 study hours logged
dc23e35b-ee3c-40b4-aaff-6a62f2404a99,2026-04-27,6f168c2c-529c-4ec8-9932-90d1b493cf87,HABIT_UPDATE,/api/v1/habits,200,Mobile · Android,3/4 scheduled habits completed
ec039170-d6f9-4cc2-a88a-00dbf7fd4cea,2026-04-28,6f168c2c-529c-4ec8-9932-90d1b493cf87,USER_LOGIN,/api/v1/auth/login,200,Web · Windows,Successful login
b4343cd6-99a1-4ff5-a2ec-44842cdee09f,2026-04-28,6f168c2c-529c-4ec8-9932-90d1b493cf87,FINANCIAL_LOG,/api/v1/financial,201,Web · Windows,2 transactions represented
b28c4dbe-c118-4039-a69e-8f96c01894fe,2026-04-28,6f168c2c-529c-4ec8-9932-90d1b493cf87,STUDY_LOG,/api/v1/study,201,Web · Windows,1.7 study hours logged
44379563-28c7-4baf-a96c-63beab5a5106,2026-04-28,6f168c2c-529c-4ec8-9932-90d1b493cf87,HABIT_UPDATE,/api/v1/habits,200,Web · Windows,2/4 scheduled habits completed
b9c5ad63-47df-4f61-a25f-2ae88a7be382,2026-04-29,6f168c2c-529c-4ec8-9932-90d1b493cf87,USER_LOGIN,/api/v1/auth/login,200,Web · Windows,Successful login
17869b58-d823-4eef-af48-55fa5e3ac6db,2026-04-29,6f168c2c-529c-4ec8-9932-90d1b493cf87,FINANCIAL_LOG,/api/v1/financial,201,Web · Windows,2 transactions represented
f5517e9c-c62d-47a1-a00e-5e2489993d61,2026-04-29,6f168c2c-529c-4ec8-9932-90d1b493cf87,STUDY_LOG,/api/v1/study,201,Web · Windows,2.6 study hours logged
1d0a638e-78e7-4d0d-ad77-4b226fbdc14b,2026-04-29,6f168c2c-529c-4ec8-9932-90d1b493cf87,HABIT_UPDATE,/api/v1/habits,200,Web · Windows,2/4 scheduled habits completed
4b34dbbb-5651-4e35-a655-ea0b98d9ff0c,2026-04-30,6f168c2c-529c-4ec8-9932-90d1b493cf87,USER_LOGIN,/api/v1/auth/login,200,Mobile · Android,Successful login
17c5ee30-3dcd-4d6a-a516-ec718deec300,2026-04-30,6f168c2c-529c-4ec8-9932-90d1b493cf87,FINANCIAL_LOG,/api/v1/financial,201,Web · Windows,2 transactions represented
4898a2cc-cabb-4a04-a8d7-d10456745ff3,2026-04-30,6f168c2c-529c-4ec8-9932-90d1b493cf87,STUDY_LOG,/api/v1/study,201,Mobile · Android,2.9 study hours logged
8c4092d6-acea-4742-abad-1ffe61be695f,2026-04-30,6f168c2c-529c-4ec8-9932-90d1b493cf87,HABIT_UPDATE,/api/v1/habits,200,Mobile · Android,3/4 scheduled habits completed
1a4dc9f4-9793-45f3-a8f2-0b7387f35b3b,2026-05-01,6f168c2c-529c-4ec8-9932-90d1b493cf87,USER_LOGIN,/api/v1/auth/login,200,Web · Windows,Successful login
d846e4a4-4504-4b4d-a7ac-3d67c681c2b1,2026-05-01,6f168c2c-529c-4ec8-9932-90d1b493cf87,FINANCIAL_LOG,/api/v1/financial,201,Mobile · Android,2 transactions represented
e5191c5a-2cb0-42a9-a1b9-156f4a506967,2026-05-01,6f168c2c-529c-4ec8-9932-90d1b493cf87,STUDY_LOG,/api/v1/study,201,Web · Windows,1.3 study hours logged
07c06546-b608-4406-a14a-5431a8bb1832,2026-05-01,6f168c2c-529c-4ec8-9932-90d1b493cf87,HABIT_UPDATE,/api/v1/habits,200,Web · Windows,3/4 scheduled habits completed
85e0ef06-31c3-4ebd-aef7-8d63903c7ed0,2026-05-02,6f168c2c-529c-4ec8-9932-90d1b493cf87,USER_LOGIN,/api/v1/auth/login,200,Mobile · Android,Successful login
5c217c00-22f9-4f6a-adad-13ffffb1894b,2026-05-02,6f168c2c-529c-4ec8-9932-90d1b493cf87,FINANCIAL_LOG,/api/v1/financial,201,Web · Windows,3 transactions represented
ba410032-8791-4361-a106-aa67d56b1cbf,2026-05-02,6f168c2c-529c-4ec8-9932-90d1b493cf87,HABIT_UPDATE,/api/v1/habits,200,Web · Windows,3/4 scheduled habits completed
9f829ee9-7b4f-46c4-af94-09f803818fed,2026-05-03,6f168c2c-529c-4ec8-9932-90d1b493cf87,USER_LOGIN,/api/v1/auth/login,200,Web · Windows,Successful login
15ff0cf3-dc1c-4721-a9fa-e29017ff3b7c,2026-05-03,6f168c2c-529c-4ec8-9932-90d1b493cf87,FINANCIAL_LOG,/api/v1/financial,201,Web · Windows,2 transactions represented
4d7c5877-e02f-4289-a0e7-c52efc3ae337,2026-05-03,6f168c2c-529c-4ec8-9932-90d1b493cf87,STUDY_LOG,/api/v1/study,201,Web · Windows,2.3 study hours logged
38b0bb91-cb9c-472c-a377-ff0133930a24,2026-05-03,6f168c2c-529c-4ec8-9932-90d1b493cf87,HABIT_UPDATE,/api/v1/habits,200,Mobile · Android,4/5 scheduled habits completed
49e2d9c0-0df4-4897-a49b-2534794a6fbf,2026-05-04,6f168c2c-529c-4ec8-9932-90d1b493cf87,USER_LOGIN,/api/v1/auth/login,200,Web · Windows,Successful login
7410b213-1762-471a-acf1-9184cebbfd85,2026-05-04,6f168c2c-529c-4ec8-9932-90d1b493cf87,FINANCIAL_LOG,/api/v1/financial,201,Web · Windows,1 transactions represented
1d53b5ee-88ba-40da-a651-a18f24769976,2026-05-04,6f168c2c-529c-4ec8-9932-90d1b493cf87,HABIT_UPDATE,/api/v1/habits,200,Web · Windows,2/4 scheduled habits completed
d0e7dc1d-3d60-42a3-a395-b4086b730c66,2026-05-05,6f168c2c-529c-4ec8-9932-90d1b493cf87,USER_LOGIN,/api/v1/auth/login,200,Web · Windows,Successful login
ada7a95c-a845-4ed5-a783-5e4fa11d687f,2026-05-05,6f168c2c-529c-4ec8-9932-90d1b493cf87,FINANCIAL_LOG,/api/v1/financial,201,Web · Windows,2 transactions represented
84294694-3a52-4fde-ab80-718702ce6de4,2026-05-05,6f168c2c-529c-4ec8-9932-90d1b493cf87,STUDY_LOG,/api/v1/study,201,Web · Windows,3 study hours logged
dd71676b-cd56-4ead-a044-8e6512da77e9,2026-05-05,6f168c2c-529c-4ec8-9932-90d1b493cf87,HABIT_UPDATE,/api/v1/habits,200,Web · Windows,4/4 scheduled habits completed
b69288bf-d33e-4b16-a665-02e2fa1bbdd7,2026-05-06,6f168c2c-529c-4ec8-9932-90d1b493cf87,USER_LOGIN,/api/v1/auth/login,200,Web · Windows,Successful login
922b0e1f-6a23-48a8-ad06-1a50dc42dd20,2026-05-06,6f168c2c-529c-4ec8-9932-90d1b493cf87,FINANCIAL_LOG,/api/v1/financial,201,Mobile · Android,2 transactions represented
bfb67dab-96ff-4fbb-a88d-7d356544dd9f,2026-05-06,6f168c2c-529c-4ec8-9932-90d1b493cf87,STUDY_LOG,/api/v1/study,201,Web · Windows,2.5 study hours logged
bbfe7bf8-ef00-40e8-ab44-b6a69077d935,2026-05-06,6f168c2c-529c-4ec8-9932-90d1b493cf87,HABIT_UPDATE,/api/v1/habits,200,Web · Windows,3/4 scheduled habits completed
94ef94f9-347e-41bc-a21b-44698008b90b,2026-05-07,6f168c2c-529c-4ec8-9932-90d1b493cf87,USER_LOGIN,/api/v1/auth/login,200,Web · Windows,Successful login
b2b18b51-e4df-4d1a-a77b-e364fc861637,2026-05-07,6f168c2c-529c-4ec8-9932-90d1b493cf87,FINANCIAL_LOG,/api/v1/financial,201,Web · Windows,4 transactions represented
d709da61-2fd2-4d3f-af47-653245b71544,2026-05-07,6f168c2c-529c-4ec8-9932-90d1b493cf87,STUDY_LOG,/api/v1/study,201,Web · Windows,2.8 study hours logged
16d3d4f3-0f5b-4417-ae30-37ac7c39fe16,2026-05-07,6f168c2c-529c-4ec8-9932-90d1b493cf87,HABIT_UPDATE,/api/v1/habits,200,Web · Windows,2/4 scheduled habits completed
b5d556c0-b27e-4aa0-a599-b0339de22939,2026-05-08,6f168c2c-529c-4ec8-9932-90d1b493cf87,USER_LOGIN,/api/v1/auth/login,200,Web · Windows,Successful login
8a260b81-ac92-4d1e-a981-b3301f5465d5,2026-05-08,6f168c2c-529c-4ec8-9932-90d1b493cf87,FINANCIAL_LOG,/api/v1/financial,201,Web · Windows,3 transactions represented
527489a1-6d93-46f9-ae09-f9df8b94cdea,2026-05-08,6f168c2c-529c-4ec8-9932-90d1b493cf87,HABIT_UPDATE,/api/v1/habits,200,Mobile · Android,2/4 scheduled habits completed
c9768a6c-4bbe-4e92-aacb-1563b0a18aa3,2026-05-09,6f168c2c-529c-4ec8-9932-90d1b493cf87,USER_LOGIN,/api/v1/auth/login,200,Mobile · Android,Successful login
3e6c1662-228b-476f-adbb-8ac05c5f01f5,2026-05-09,6f168c2c-529c-4ec8-9932-90d1b493cf87,FINANCIAL_LOG,/api/v1/financial,201,Web · Windows,2 transactions represented
33d15ac3-cae6-462d-a6a2-04100c1ff135,2026-05-09,6f168c2c-529c-4ec8-9932-90d1b493cf87,STUDY_LOG,/api/v1/study,201,Web · Windows,1.5 study hours logged
82145661-6dc8-44ec-add1-7a017e726bde,2026-05-09,6f168c2c-529c-4ec8-9932-90d1b493cf87,HABIT_UPDATE,/api/v1/habits,200,Mobile · Android,3/4 scheduled habits completed
9e1371cf-85dc-40e8-a093-c3ac3daf9517,2026-05-10,6f168c2c-529c-4ec8-9932-90d1b493cf87,USER_LOGIN,/api/v1/auth/login,200,Web · Windows,Successful login
e8385bff-8d6e-4d5c-a391-9a34c7f84b0b,2026-05-10,6f168c2c-529c-4ec8-9932-90d1b493cf87,FINANCIAL_LOG,/api/v1/financial,201,Web · Windows,2 transactions represented
64e57c68-0b8e-49f5-aea1-c85eb3f4006f,2026-05-10,6f168c2c-529c-4ec8-9932-90d1b493cf87,HABIT_UPDATE,/api/v1/habits,200,Web · Windows,5/5 scheduled habits completed
dfdbbed4-2ca1-4dbc-ae02-417f39e6cc98,2026-05-10,6f168c2c-529c-4ec8-9932-90d1b493cf87,ALERT_READ,/api/v1/alerts,200,Mobile · Android,1 alert(s) reviewed
387b2099-9596-4f21-a90b-e47975bf87b2,2026-05-11,6f168c2c-529c-4ec8-9932-90d1b493cf87,USER_LOGIN,/api/v1/auth/login,200,Mobile · Android,Successful login
2d7536c5-c332-4f94-a912-933d538c0199,2026-05-11,6f168c2c-529c-4ec8-9932-90d1b493cf87,FINANCIAL_LOG,/api/v1/financial,201,Mobile · Android,1 transactions represented
cf955164-f983-46bf-acae-66f2c815ec38,2026-05-11,6f168c2c-529c-4ec8-9932-90d1b493cf87,STUDY_LOG,/api/v1/study,201,Mobile · Android,1.5 study hours logged
78ceb4b5-d319-4fa2-ad02-14c528347d36,2026-05-11,6f168c2c-529c-4ec8-9932-90d1b493cf87,HABIT_UPDATE,/api/v1/habits,200,Web · Windows,3/4 scheduled habits completed
e9fff4b0-c583-4f9d-ae66-890781ac11d5,2026-05-12,6f168c2c-529c-4ec8-9932-90d1b493cf87,USER_LOGIN,/api/v1/auth/login,200,Web · Windows,Successful login
af892970-d667-46ff-abe4-6d7ceb0f358e,2026-05-12,6f168c2c-529c-4ec8-9932-90d1b493cf87,FINANCIAL_LOG,/api/v1/financial,201,Web · Windows,2 transactions represented
a56a76f7-9352-46a7-a5d5-a6e837422aaa,2026-05-12,6f168c2c-529c-4ec8-9932-90d1b493cf87,STUDY_LOG,/api/v1/study,201,Web · Windows,2 study hours logged
0d159de9-3da2-4f2e-ad78-b5c633b3a55a,2026-05-12,6f168c2c-529c-4ec8-9932-90d1b493cf87,HABIT_UPDATE,/api/v1/habits,200,Web · Windows,3/4 scheduled habits completed
a129fc1b-c487-4651-a704-e63c94366903,2026-05-13,6f168c2c-529c-4ec8-9932-90d1b493cf87,USER_LOGIN,/api/v1/auth/login,200,Mobile · Android,Successful login
fe0f93f2-fc84-443d-a0e9-880dfcfb2bc6,2026-05-13,6f168c2c-529c-4ec8-9932-90d1b493cf87,FINANCIAL_LOG,/api/v1/financial,201,Mobile · Android,2 transactions represented
da4fed3f-0253-4734-ae2d-500cd1cdb6fe,2026-05-13,6f168c2c-529c-4ec8-9932-90d1b493cf87,HABIT_UPDATE,/api/v1/habits,200,Web · Windows,3/4 scheduled habits completed
a35dbe24-5266-46f0-a491-ac15872e9316,2026-05-13,6f168c2c-529c-4ec8-9932-90d1b493cf87,ALERT_READ,/api/v1/alerts,200,Web · Windows,1 alert(s) reviewed
6072d4cc-e90b-418d-a96b-33317c0f4d35,2026-05-14,6f168c2c-529c-4ec8-9932-90d1b493cf87,USER_LOGIN,/api/v1/auth/login,200,Mobile · Android,Successful login
9faf4de3-34b4-436b-a443-67b501c54ab4,2026-05-14,6f168c2c-529c-4ec8-9932-90d1b493cf87,FINANCIAL_LOG,/api/v1/financial,201,Mobile · Android,2 transactions represented
4a59bc95-efe8-4e71-a518-a4591daaf7c4,2026-05-14,6f168c2c-529c-4ec8-9932-90d1b493cf87,HABIT_UPDATE,/api/v1/habits,200,Web · Windows,1/4 scheduled habits completed
0afc9aaa-85a7-4aea-a021-00c15690511e,2026-05-15,6f168c2c-529c-4ec8-9932-90d1b493cf87,USER_LOGIN,/api/v1/auth/login,200,Web · Windows,Successful login
62a2a873-fa70-402e-a78c-16a7bdd54c7c,2026-05-15,6f168c2c-529c-4ec8-9932-90d1b493cf87,FINANCIAL_LOG,/api/v1/financial,201,Web · Windows,1 transactions represented
b778f1d4-8396-44a3-af53-a9f0c4af40c1,2026-05-15,6f168c2c-529c-4ec8-9932-90d1b493cf87,STUDY_LOG,/api/v1/study,201,Web · Windows,2.1 study hours logged
d47dff90-deff-41d9-a4e2-789a1a2f21eb,2026-05-15,6f168c2c-529c-4ec8-9932-90d1b493cf87,HABIT_UPDATE,/api/v1/habits,200,Web · Windows,4/4 scheduled habits completed
6a29ec36-e9fb-4f8b-a046-2dfbfa855006,2026-05-16,6f168c2c-529c-4ec8-9932-90d1b493cf87,USER_LOGIN,/api/v1/auth/login,200,Web · Windows,Successful login
ce988a37-c28a-4db8-a59c-f16759b997c5,2026-05-16,6f168c2c-529c-4ec8-9932-90d1b493cf87,HABIT_UPDATE,/api/v1/habits,200,Web · Windows,3/4 scheduled habits completed
a695f69f-25b0-4854-a750-2b242957a283,2026-05-16,6f168c2c-529c-4ec8-9932-90d1b493cf87,ALERT_READ,/api/v1/alerts,200,Mobile · Android,1 alert(s) reviewed
191d863a-c963-4bdc-a410-8c1d793836ea,2026-05-17,6f168c2c-529c-4ec8-9932-90d1b493cf87,STUDY_LOG,/api/v1/study,201,Web · Windows,2.2 study hours logged
334cbcb7-32ce-461e-ab8f-6a186ace2b54,2026-05-17,6f168c2c-529c-4ec8-9932-90d1b493cf87,HABIT_UPDATE,/api/v1/habits,200,Web · Windows,3/5 scheduled habits completed
dffc4fbb-b687-41ed-a908-7b864444768d,2026-05-18,6f168c2c-529c-4ec8-9932-90d1b493cf87,USER_LOGIN,/api/v1/auth/login,200,Web · Windows,Successful login
23148e45-9f3b-4a58-a24d-eda71c3b43cc,2026-05-18,6f168c2c-529c-4ec8-9932-90d1b493cf87,FINANCIAL_LOG,/api/v1/financial,201,Mobile · Android,2 transactions represented
c6c6b874-a490-4658-a143-64207ded6ba1,2026-05-18,6f168c2c-529c-4ec8-9932-90d1b493cf87,HABIT_UPDATE,/api/v1/habits,200,Web · Windows,4/4 scheduled habits completed
3333eebb-0a84-4226-a55a-e2bc287e98b9,2026-05-19,6f168c2c-529c-4ec8-9932-90d1b493cf87,USER_LOGIN,/api/v1/auth/login,200,Web · Windows,Successful login
fc2fc4a6-db0e-4005-a46f-49e9d5ff62f0,2026-05-19,6f168c2c-529c-4ec8-9932-90d1b493cf87,STUDY_LOG,/api/v1/study,201,Web · Windows,3.4 study hours logged
6e923d8a-816d-43f1-a155-28f81d6ee716,2026-05-19,6f168c2c-529c-4ec8-9932-90d1b493cf87,HABIT_UPDATE,/api/v1/habits,200,Web · Windows,3/4 scheduled habits completed
03d2d548-5fad-4128-ae40-f6fc21ac9b2e,2026-05-20,6f168c2c-529c-4ec8-9932-90d1b493cf87,USER_LOGIN,/api/v1/auth/login,200,Web · Windows,Successful login
e6463f5c-538d-4d68-a690-3a3303d7437a,2026-05-20,6f168c2c-529c-4ec8-9932-90d1b493cf87,FINANCIAL_LOG,/api/v1/financial,201,Web · Windows,1 transactions represented
7b73bc9e-177b-4735-a150-96e2d7e8d4c3,2026-05-20,6f168c2c-529c-4ec8-9932-90d1b493cf87,STUDY_LOG,/api/v1/study,201,Web · Windows,4 study hours logged
8180f0bb-16b9-4349-a24a-7a6b94f9ce17,2026-05-20,6f168c2c-529c-4ec8-9932-90d1b493cf87,HABIT_UPDATE,/api/v1/habits,200,Web · Windows,4/4 scheduled habits completed
114bd10a-6a65-4365-a714-48c97cda0d09,2026-05-21,6f168c2c-529c-4ec8-9932-90d1b493cf87,USER_LOGIN,/api/v1/auth/login,200,Mobile · Android,Successful login
343902fe-824b-47e9-a629-f647743b6b99,2026-05-21,6f168c2c-529c-4ec8-9932-90d1b493cf87,FINANCIAL_LOG,/api/v1/financial,201,Web · Windows,3 transactions represented
455b05f6-3609-415f-ac36-11289de07fc2,2026-05-21,6f168c2c-529c-4ec8-9932-90d1b493cf87,STUDY_LOG,/api/v1/study,201,Web · Windows,4 study hours logged
fa1ff20a-08b4-407a-ad71-dac54d29863f,2026-05-21,6f168c2c-529c-4ec8-9932-90d1b493cf87,HABIT_UPDATE,/api/v1/habits,200,Web · Windows,4/4 scheduled habits completed
81720fc5-55cc-430f-ad04-ade8a6a94035,2026-05-22,6f168c2c-529c-4ec8-9932-90d1b493cf87,USER_LOGIN,/api/v1/auth/login,200,Web · Windows,Successful login
6efbda8a-83ea-42b2-a799-50e0f8faf095,2026-05-22,6f168c2c-529c-4ec8-9932-90d1b493cf87,FINANCIAL_LOG,/api/v1/financial,201,Mobile · Android,2 transactions represented
9be89af4-844d-4413-aff0-6ae80c954eea,2026-05-22,6f168c2c-529c-4ec8-9932-90d1b493cf87,STUDY_LOG,/api/v1/study,201,Mobile · Android,3.6 study hours logged
00ed7709-7a2b-4986-a39c-6d2cb5cc5ac4,2026-05-22,6f168c2c-529c-4ec8-9932-90d1b493cf87,HABIT_UPDATE,/api/v1/habits,200,Web · Windows,4/4 scheduled habits completed
7567fddb-ca03-434f-ad65-33f7ce829b72,2026-05-23,6f168c2c-529c-4ec8-9932-90d1b493cf87,FINANCIAL_LOG,/api/v1/financial,201,Web · Windows,1 transactions represented
24da8589-16b2-4b47-aa1d-7586a6eedd8a,2026-05-23,6f168c2c-529c-4ec8-9932-90d1b493cf87,STUDY_LOG,/api/v1/study,201,Mobile · Android,1.9 study hours logged
3e2868d7-e8c8-4812-ac24-fbd22887e555,2026-05-23,6f168c2c-529c-4ec8-9932-90d1b493cf87,HABIT_UPDATE,/api/v1/habits,200,Web · Windows,3/4 scheduled habits completed
4cac79ae-bde9-4afa-aa69-d22bbeeb8a03,2026-05-24,6f168c2c-529c-4ec8-9932-90d1b493cf87,USER_LOGIN,/api/v1/auth/login,200,Web · Windows,Successful login
0ed79dec-596c-420d-ac37-e84be9b008a2,2026-05-24,6f168c2c-529c-4ec8-9932-90d1b493cf87,FINANCIAL_LOG,/api/v1/financial,201,Web · Windows,1 transactions represented
72c3de07-86a1-4d0a-ab88-8517fd4c74a0,2026-05-24,6f168c2c-529c-4ec8-9932-90d1b493cf87,STUDY_LOG,/api/v1/study,201,Web · Windows,3.7 study hours logged
e05e14ac-461e-4121-a3ce-01705447330f,2026-05-24,6f168c2c-529c-4ec8-9932-90d1b493cf87,HABIT_UPDATE,/api/v1/habits,200,Mobile · Android,3/5 scheduled habits completed
04558472-9249-47f9-a60d-fe2c511c5f9b,2026-05-25,6f168c2c-529c-4ec8-9932-90d1b493cf87,USER_LOGIN,/api/v1/auth/login,200,Web · Windows,Successful login
e068bbe7-0d1b-42a0-a398-8f0f898cb299,2026-05-25,6f168c2c-529c-4ec8-9932-90d1b493cf87,FINANCIAL_LOG,/api/v1/financial,201,Mobile · Android,1 transactions represented
033344e1-0139-412b-a232-d2fc84d57084,2026-05-25,6f168c2c-529c-4ec8-9932-90d1b493cf87,STUDY_LOG,/api/v1/study,201,Web · Windows,3.5 study hours logged
ada36de3-38e4-4ed3-a574-2d4c93b4bd4b,2026-05-25,6f168c2c-529c-4ec8-9932-90d1b493cf87,HABIT_UPDATE,/api/v1/habits,200,Web · Windows,3/4 scheduled habits completed
7691b979-b95d-4936-ac7e-b87eaba50344,2026-05-26,6f168c2c-529c-4ec8-9932-90d1b493cf87,USER_LOGIN,/api/v1/auth/login,200,Web · Windows,Successful login
fad5e9f3-e3c7-4b9f-a31b-a821112d67cb,2026-05-26,6f168c2c-529c-4ec8-9932-90d1b493cf87,FINANCIAL_LOG,/api/v1/financial,201,Mobile · Android,1 transactions represented
f826be3f-8c88-4c2d-ad1f-0f64cc563018,2026-05-26,6f168c2c-529c-4ec8-9932-90d1b493cf87,STUDY_LOG,/api/v1/study,201,Web · Windows,1.4 study hours logged
ef9982e4-a22f-494d-a604-463aa04e2577,2026-05-26,6f168c2c-529c-4ec8-9932-90d1b493cf87,HABIT_UPDATE,/api/v1/habits,200,Web · Windows,3/4 scheduled habits completed
da75bcbd-5057-4fc9-aecc-a882d923f3ce,2026-05-27,6f168c2c-529c-4ec8-9932-90d1b493cf87,USER_LOGIN,/api/v1/auth/login,200,Web · Windows,Successful login
86f68f32-e704-4670-a604-25595d642e80,2026-05-27,6f168c2c-529c-4ec8-9932-90d1b493cf87,FINANCIAL_LOG,/api/v1/financial,201,Web · Windows,2 transactions represented
5dda6c46-6f54-4640-a57b-b40e8b5bf3be,2026-05-27,6f168c2c-529c-4ec8-9932-90d1b493cf87,STUDY_LOG,/api/v1/study,201,Mobile · Android,3.7 study hours logged
5d62af75-f7f2-4ddf-afc8-40f12f7bb926,2026-05-27,6f168c2c-529c-4ec8-9932-90d1b493cf87,HABIT_UPDATE,/api/v1/habits,200,Web · Windows,3/4 scheduled habits completed
e31d335b-c58f-4774-a623-546ab64325a4,2026-05-28,6f168c2c-529c-4ec8-9932-90d1b493cf87,USER_LOGIN,/api/v1/auth/login,200,Web · Windows,Successful login
c4200ba7-4b66-4dc4-a834-45c32c6952b7,2026-05-28,6f168c2c-529c-4ec8-9932-90d1b493cf87,FINANCIAL_LOG,/api/v1/financial,201,Mobile · Android,1 transactions represented
16a71fed-67de-4a29-a359-d67e4f951d17,2026-05-28,6f168c2c-529c-4ec8-9932-90d1b493cf87,HABIT_UPDATE,/api/v1/habits,200,Mobile · Android,3/4 scheduled habits completed
6d21924b-04f4-4837-a275-54f5f4d6d3a6,2026-05-28,6f168c2c-529c-4ec8-9932-90d1b493cf87,ALERT_READ,/api/v1/alerts,200,Web · Windows,1 alert(s) reviewed
78611e5b-3e62-486d-a722-a5dbeed5c3bd,2026-05-29,6f168c2c-529c-4ec8-9932-90d1b493cf87,USER_LOGIN,/api/v1/auth/login,200,Web · Windows,Successful login
9047ba3a-5a8b-45ac-a09f-9ae724d8d212,2026-05-29,6f168c2c-529c-4ec8-9932-90d1b493cf87,FINANCIAL_LOG,/api/v1/financial,201,Mobile · Android,1 transactions represented
7b35816c-407f-46f6-a18a-9faa41766081,2026-05-29,6f168c2c-529c-4ec8-9932-90d1b493cf87,HABIT_UPDATE,/api/v1/habits,200,Web · Windows,4/4 scheduled habits completed
9a591edc-77ca-4bcd-a4a7-859a95f45620,2026-05-30,6f168c2c-529c-4ec8-9932-90d1b493cf87,FINANCIAL_LOG,/api/v1/financial,201,Web · Windows,1 transactions represented
45a0c2bf-af61-4a49-a27c-9b34a2f3c49f,2026-05-30,6f168c2c-529c-4ec8-9932-90d1b493cf87,STUDY_LOG,/api/v1/study,201,Web · Windows,3.1 study hours logged
4b287e29-bd48-4e05-a0b0-c1c74577a429,2026-05-30,6f168c2c-529c-4ec8-9932-90d1b493cf87,HABIT_UPDATE,/api/v1/habits,200,Mobile · Android,2/4 scheduled habits completed
b3f7330b-f467-4e2b-abd8-5ad49891892f,2026-05-31,6f168c2c-529c-4ec8-9932-90d1b493cf87,USER_LOGIN,/api/v1/auth/login,200,Web · Windows,Successful login
49df2373-51aa-4333-ae5a-84590b3b258c,2026-05-31,6f168c2c-529c-4ec8-9932-90d1b493cf87,FINANCIAL_LOG,/api/v1/financial,201,Web · Windows,3 transactions represented
98cdc436-3c2e-43ba-a903-ccd6194f49c5,2026-05-31,6f168c2c-529c-4ec8-9932-90d1b493cf87,STUDY_LOG,/api/v1/study,201,Web · Windows,1.7 study hours logged
ebf63e16-1677-446f-aeae-e6062e317715,2026-05-31,6f168c2c-529c-4ec8-9932-90d1b493cf87,HABIT_UPDATE,/api/v1/habits,200,Web · Windows,5/5 scheduled habits completed
03786f05-69d2-48f7-a385-7b7322023d5e,2026-06-01,6f168c2c-529c-4ec8-9932-90d1b493cf87,USER_LOGIN,/api/v1/auth/login,200,Web · Windows,Successful login
b41e8672-3cfb-4776-af90-8813024839f8,2026-06-01,6f168c2c-529c-4ec8-9932-90d1b493cf87,FINANCIAL_LOG,/api/v1/financial,201,Web · Windows,3 transactions represented
c6f31d22-9e74-4b39-afee-a81131248339,2026-06-01,6f168c2c-529c-4ec8-9932-90d1b493cf87,HABIT_UPDATE,/api/v1/habits,200,Web · Windows,3/4 scheduled habits completed
9e165a03-8826-4ef2-ae7f-bb3106f51771,2026-06-02,6f168c2c-529c-4ec8-9932-90d1b493cf87,USER_LOGIN,/api/v1/auth/login,200,Web · Windows,Successful login
f809e3d0-134f-4712-a221-ec358d64c8e4,2026-06-02,6f168c2c-529c-4ec8-9932-90d1b493cf87,FINANCIAL_LOG,/api/v1/financial,201,Web · Windows,2 transactions represented
3000746c-d4cd-4e51-a8d7-6ddb0b971601,2026-06-02,6f168c2c-529c-4ec8-9932-90d1b493cf87,STUDY_LOG,/api/v1/study,201,Web · Windows,1.3 study hours logged
93db0398-5e80-4d47-aade-91b5beac6505,2026-06-02,6f168c2c-529c-4ec8-9932-90d1b493cf87,HABIT_UPDATE,/api/v1/habits,200,Web · Windows,3/4 scheduled habits completed
e3b0283b-9e80-4033-ab53-8b89679a2c53,2026-06-03,6f168c2c-529c-4ec8-9932-90d1b493cf87,USER_LOGIN,/api/v1/auth/login,200,Web · Windows,Successful login
edce60de-f8b4-4f01-ac2c-ea3311eb29eb,2026-06-03,6f168c2c-529c-4ec8-9932-90d1b493cf87,FINANCIAL_LOG,/api/v1/financial,201,Mobile · Android,2 transactions represented
3f7d9075-f128-4579-aed2-914db6c09e83,2026-06-03,6f168c2c-529c-4ec8-9932-90d1b493cf87,STUDY_LOG,/api/v1/study,201,Web · Windows,1 study hours logged
61a0d515-07f6-416d-a950-26465a8d16f7,2026-06-03,6f168c2c-529c-4ec8-9932-90d1b493cf87,HABIT_UPDATE,/api/v1/habits,200,Mobile · Android,2/4 scheduled habits completed
237a3528-12e8-4f51-a306-6304956812ff,2026-06-04,6f168c2c-529c-4ec8-9932-90d1b493cf87,HABIT_UPDATE,/api/v1/habits,200,Web · Windows,4/4 scheduled habits completed
87b36687-4c24-4c1e-ae10-d8d4dfa41f34,2026-06-05,6f168c2c-529c-4ec8-9932-90d1b493cf87,USER_LOGIN,/api/v1/auth/login,200,Web · Windows,Successful login
9bcdb3ee-8c3c-42f7-ae8f-40f1feda4d9b,2026-06-05,6f168c2c-529c-4ec8-9932-90d1b493cf87,FINANCIAL_LOG,/api/v1/financial,201,Web · Windows,4 transactions represented
526272a8-d628-48c3-ad44-9d8ae65a86cb,2026-06-05,6f168c2c-529c-4ec8-9932-90d1b493cf87,STUDY_LOG,/api/v1/study,201,Web · Windows,3.4 study hours logged
9f024fa8-b596-4e0a-afe7-a4db44b9a08e,2026-06-05,6f168c2c-529c-4ec8-9932-90d1b493cf87,HABIT_UPDATE,/api/v1/habits,200,Web · Windows,3/4 scheduled habits completed
30b9af39-ea11-4354-a8b8-952dd8fb5933,2026-06-06,6f168c2c-529c-4ec8-9932-90d1b493cf87,STUDY_LOG,/api/v1/study,201,Web · Windows,2.6 study hours logged
af68f0fd-dff0-409c-a592-2eedfbd23ca1,2026-06-06,6f168c2c-529c-4ec8-9932-90d1b493cf87,HABIT_UPDATE,/api/v1/habits,200,Mobile · Android,4/4 scheduled habits completed
a0583b09-9075-44ac-ad93-a36c89dd10ed,2026-06-07,6f168c2c-529c-4ec8-9932-90d1b493cf87,USER_LOGIN,/api/v1/auth/login,200,Web · Windows,Successful login
8a1adb37-54b7-498e-a707-55735d6169ba,2026-06-07,6f168c2c-529c-4ec8-9932-90d1b493cf87,FINANCIAL_LOG,/api/v1/financial,201,Web · Windows,1 transactions represented
f8bee48b-0311-4af5-ad65-02fc3450a5f5,2026-06-07,6f168c2c-529c-4ec8-9932-90d1b493cf87,STUDY_LOG,/api/v1/study,201,Web · Windows,2.6 study hours logged
9fd4fe12-4c99-4cb2-a895-2ea05ffef4af,2026-06-07,6f168c2c-529c-4ec8-9932-90d1b493cf87,HABIT_UPDATE,/api/v1/habits,200,Web · Windows,3/5 scheduled habits completed
3ef11726-e332-44fd-a84f-373e0c83725f,2026-06-08,6f168c2c-529c-4ec8-9932-90d1b493cf87,USER_LOGIN,/api/v1/auth/login,200,Mobile · Android,Successful login
79aeb51b-61de-4794-a640-a1d6f050106f,2026-06-08,6f168c2c-529c-4ec8-9932-90d1b493cf87,FINANCIAL_LOG,/api/v1/financial,201,Web · Windows,3 transactions represented
e07ee3cd-a625-4a1d-a35f-99faa1679d68,2026-06-08,6f168c2c-529c-4ec8-9932-90d1b493cf87,HABIT_UPDATE,/api/v1/habits,200,Web · Windows,3/4 scheduled habits completed
412e063d-7933-4429-a54b-cecb715685c0,2026-06-09,6f168c2c-529c-4ec8-9932-90d1b493cf87,USER_LOGIN,/api/v1/auth/login,200,Web · Windows,Successful login
2bb419ba-2a49-49c3-a977-a872558a2108,2026-06-09,6f168c2c-529c-4ec8-9932-90d1b493cf87,FINANCIAL_LOG,/api/v1/financial,201,Mobile · Android,2 transactions represented
9f10020b-06ed-42fa-aaae-3f0ee125f880,2026-06-09,6f168c2c-529c-4ec8-9932-90d1b493cf87,STUDY_LOG,/api/v1/study,201,Web · Windows,1.4 study hours logged
4727da65-abe5-4d20-a384-9b7cce3c52ee,2026-06-09,6f168c2c-529c-4ec8-9932-90d1b493cf87,HABIT_UPDATE,/api/v1/habits,200,Mobile · Android,3/4 scheduled habits completed
33f5d004-5592-44c8-a79f-3888e1a81d47,2026-06-10,6f168c2c-529c-4ec8-9932-90d1b493cf87,USER_LOGIN,/api/v1/auth/login,200,Web · Windows,Successful login
e57ac793-2f6b-45d0-a6da-6ec9639a5922,2026-06-10,6f168c2c-529c-4ec8-9932-90d1b493cf87,FINANCIAL_LOG,/api/v1/financial,201,Web · Windows,2 transactions represented
df51a199-2a6b-4eec-aa87-43c9615bd1ac,2026-06-10,6f168c2c-529c-4ec8-9932-90d1b493cf87,STUDY_LOG,/api/v1/study,201,Mobile · Android,2.9 study hours logged
f04472df-23e3-4db7-a5c2-a51a93854ed4,2026-06-10,6f168c2c-529c-4ec8-9932-90d1b493cf87,HABIT_UPDATE,/api/v1/habits,200,Web · Windows,2/4 scheduled habits completed
45a70eba-b0b9-4df0-aab0-95d0075ecaa0,2026-06-11,6f168c2c-529c-4ec8-9932-90d1b493cf87,USER_LOGIN,/api/v1/auth/login,200,Web · Windows,Successful login
f9666d39-6a87-438e-abf1-26e6861da114,2026-06-11,6f168c2c-529c-4ec8-9932-90d1b493cf87,STUDY_LOG,/api/v1/study,201,Mobile · Android,2.7 study hours logged
040b7cda-7bd8-4356-a04a-f9e11e47291b,2026-06-11,6f168c2c-529c-4ec8-9932-90d1b493cf87,HABIT_UPDATE,/api/v1/habits,200,Web · Windows,2/4 scheduled habits completed
e2d56266-bc0f-482a-a8cb-aa0d35f03487,2026-06-12,6f168c2c-529c-4ec8-9932-90d1b493cf87,USER_LOGIN,/api/v1/auth/login,200,Mobile · Android,Successful login
f644d0d7-b282-469f-acad-297f4bf6518d,2026-06-12,6f168c2c-529c-4ec8-9932-90d1b493cf87,FINANCIAL_LOG,/api/v1/financial,201,Web · Windows,1 transactions represented
16be32a0-afb0-4779-a49f-c10f35e50017,2026-06-12,6f168c2c-529c-4ec8-9932-90d1b493cf87,STUDY_LOG,/api/v1/study,201,Web · Windows,2.3 study hours logged
5e794324-8e98-45c2-a11d-c8280c665fc5,2026-06-12,6f168c2c-529c-4ec8-9932-90d1b493cf87,HABIT_UPDATE,/api/v1/habits,200,Web · Windows,2/4 scheduled habits completed
cc580676-3a97-4b89-a0d7-190c339d7b98,2026-06-13,6f168c2c-529c-4ec8-9932-90d1b493cf87,USER_LOGIN,/api/v1/auth/login,200,Web · Windows,Successful login
1f21011c-b09c-4d8e-ac71-3aab16c0547d,2026-06-13,6f168c2c-529c-4ec8-9932-90d1b493cf87,FINANCIAL_LOG,/api/v1/financial,201,Web · Windows,2 transactions represented
76ab29d8-2771-4a8b-ac3f-478d7691b044,2026-06-13,6f168c2c-529c-4ec8-9932-90d1b493cf87,STUDY_LOG,/api/v1/study,201,Web · Windows,2.6 study hours logged
441968cc-5499-425d-a225-8c1563034a8b,2026-06-13,6f168c2c-529c-4ec8-9932-90d1b493cf87,HABIT_UPDATE,/api/v1/habits,200,Web · Windows,4/4 scheduled habits completed
d83174fc-0b2d-4e3a-af7c-48c180c473cb,2026-06-14,6f168c2c-529c-4ec8-9932-90d1b493cf87,FINANCIAL_LOG,/api/v1/financial,201,Web · Windows,1 transactions represented
7980195d-df9d-49d2-a3c2-5300c2818f71,2026-06-14,6f168c2c-529c-4ec8-9932-90d1b493cf87,STUDY_LOG,/api/v1/study,201,Mobile · Android,1.9 study hours logged
760c5055-5872-4c8f-a8f4-9aa3cb6dee44,2026-06-14,6f168c2c-529c-4ec8-9932-90d1b493cf87,HABIT_UPDATE,/api/v1/habits,200,Web · Windows,5/5 scheduled habits completed
60b541df-3d2b-4914-af32-7fb99092a625,2026-06-15,6f168c2c-529c-4ec8-9932-90d1b493cf87,USER_LOGIN,/api/v1/auth/login,200,Web · Windows,Successful login
fce925cc-61a8-470b-a9ea-a31ac78a629b,2026-06-15,6f168c2c-529c-4ec8-9932-90d1b493cf87,FINANCIAL_LOG,/api/v1/financial,201,Web · Windows,2 transactions represented
810029dc-7167-4d62-a568-0c9ca45045e2,2026-06-15,6f168c2c-529c-4ec8-9932-90d1b493cf87,STUDY_LOG,/api/v1/study,201,Mobile · Android,1.4 study hours logged
e76aee7a-e463-480c-a6bc-e03f5e01a7f7,2026-06-15,6f168c2c-529c-4ec8-9932-90d1b493cf87,HABIT_UPDATE,/api/v1/habits,200,Web · Windows,1/4 scheduled habits completed
3c5390b8-087d-4f86-ab46-92f8e1bf2276,2026-06-16,6f168c2c-529c-4ec8-9932-90d1b493cf87,USER_LOGIN,/api/v1/auth/login,200,Mobile · Android,Successful login
70eb499f-f2de-40f5-a940-5cbce4869c91,2026-06-16,6f168c2c-529c-4ec8-9932-90d1b493cf87,FINANCIAL_LOG,/api/v1/financial,201,Web · Windows,3 transactions represented
8f077fda-6432-4a0e-ad64-8d8fa2b3a5ca,2026-06-16,6f168c2c-529c-4ec8-9932-90d1b493cf87,STUDY_LOG,/api/v1/study,201,Web · Windows,1 study hours logged
c71baf42-1655-4a78-a57f-4ce8d30795b4,2026-06-16,6f168c2c-529c-4ec8-9932-90d1b493cf87,HABIT_UPDATE,/api/v1/habits,200,Web · Windows,1/4 scheduled habits completed
09004269-2a2d-4f43-a9c6-d39a3bf2c92f,2026-06-16,6f168c2c-529c-4ec8-9932-90d1b493cf87,ALERT_READ,/api/v1/alerts,200,Web · Windows,1 alert(s) reviewed
b5d0543b-88c9-4e10-a80a-7caa51b87d85,2026-06-17,6f168c2c-529c-4ec8-9932-90d1b493cf87,USER_LOGIN,/api/v1/auth/login,200,Web · Windows,Successful login
6697aa33-c1cd-4948-a286-5975bbcf743e,2026-06-17,6f168c2c-529c-4ec8-9932-90d1b493cf87,FINANCIAL_LOG,/api/v1/financial,201,Mobile · Android,2 transactions represented
a69b1151-62b6-4f03-a26f-9b177de14a25,2026-06-17,6f168c2c-529c-4ec8-9932-90d1b493cf87,STUDY_LOG,/api/v1/study,201,Web · Windows,1.8 study hours logged
104b3107-802f-4570-a1e9-0b7b8c285203,2026-06-17,6f168c2c-529c-4ec8-9932-90d1b493cf87,HABIT_UPDATE,/api/v1/habits,200,Web · Windows,3/4 scheduled habits completed
74fb8c43-c051-4012-af0a-a7d1488c5529,2026-06-18,6f168c2c-529c-4ec8-9932-90d1b493cf87,USER_LOGIN,/api/v1/auth/login,200,Web · Windows,Successful login
a5556a1b-e74f-45b7-af66-6c48eb0e9c40,2026-06-18,6f168c2c-529c-4ec8-9932-90d1b493cf87,FINANCIAL_LOG,/api/v1/financial,201,Web · Windows,1 transactions represented
89dca0b7-6833-4035-aad9-9a058783c929,2026-06-18,6f168c2c-529c-4ec8-9932-90d1b493cf87,STUDY_LOG,/api/v1/study,201,Mobile · Android,1.2 study hours logged
eaa68836-2b70-4520-a590-7ebbc3b04d09,2026-06-18,6f168c2c-529c-4ec8-9932-90d1b493cf87,HABIT_UPDATE,/api/v1/habits,200,Web · Windows,3/4 scheduled habits completed
6b66affd-bb3d-4cfb-a94a-fa1d5adb65b6,2026-06-19,6f168c2c-529c-4ec8-9932-90d1b493cf87,USER_LOGIN,/api/v1/auth/login,200,Web · Windows,Successful login
ba642019-4d11-4009-ab56-bb01c7307f9e,2026-06-19,6f168c2c-529c-4ec8-9932-90d1b493cf87,FINANCIAL_LOG,/api/v1/financial,201,Mobile · Android,1 transactions represented
af9d22c6-47b3-4a74-a82b-6ea639d6592f,2026-06-19,6f168c2c-529c-4ec8-9932-90d1b493cf87,STUDY_LOG,/api/v1/study,201,Web · Windows,3.3 study hours logged
e038bdac-26a3-450a-afd5-9d903edf0d50,2026-06-19,6f168c2c-529c-4ec8-9932-90d1b493cf87,HABIT_UPDATE,/api/v1/habits,200,Web · Windows,3/4 scheduled habits completed
e6158240-e7d0-4441-a3fc-a2f19feac7a6,2026-06-20,6f168c2c-529c-4ec8-9932-90d1b493cf87,USER_LOGIN,/api/v1/auth/login,200,Mobile · Android,Successful login
7027b796-a7a5-49d1-adeb-295ea077977a,2026-06-20,6f168c2c-529c-4ec8-9932-90d1b493cf87,FINANCIAL_LOG,/api/v1/financial,201,Web · Windows,2 transactions represented
81a29fa9-17ad-4661-a792-13aa14d17242,2026-06-20,6f168c2c-529c-4ec8-9932-90d1b493cf87,HABIT_UPDATE,/api/v1/habits,200,Web · Windows,2/4 scheduled habits completed
7169e6fe-6036-4101-a871-2d3a814a9c3c,2026-06-21,6f168c2c-529c-4ec8-9932-90d1b493cf87,STUDY_LOG,/api/v1/study,201,Web · Windows,2.4 study hours logged
abd6757d-5272-4f1c-a4b2-c97d7d2e5bdd,2026-06-21,6f168c2c-529c-4ec8-9932-90d1b493cf87,HABIT_UPDATE,/api/v1/habits,200,Web · Windows,4/5 scheduled habits completed
e8e9ddd3-7e86-45fe-a46a-55c91293914f,2026-06-22,6f168c2c-529c-4ec8-9932-90d1b493cf87,USER_LOGIN,/api/v1/auth/login,200,Web · Windows,Successful login
b11828d4-3385-4b1a-a86f-31715122fff1,2026-06-22,6f168c2c-529c-4ec8-9932-90d1b493cf87,STUDY_LOG,/api/v1/study,201,Mobile · Android,3.8 study hours logged
5cbe7f9a-6ec9-4b84-ab72-c432358d095e,2026-06-22,6f168c2c-529c-4ec8-9932-90d1b493cf87,HABIT_UPDATE,/api/v1/habits,200,Web · Windows,3/4 scheduled habits completed
ef307a41-c792-4446-afd3-92a16bfbcb08,2026-06-23,6f168c2c-529c-4ec8-9932-90d1b493cf87,USER_LOGIN,/api/v1/auth/login,200,Web · Windows,Successful login
fddb879b-f2c9-4128-a61b-13366086598b,2026-06-23,6f168c2c-529c-4ec8-9932-90d1b493cf87,FINANCIAL_LOG,/api/v1/financial,201,Web · Windows,2 transactions represented
a2ab5066-ab02-4f84-af70-0eb82ec11192,2026-06-23,6f168c2c-529c-4ec8-9932-90d1b493cf87,STUDY_LOG,/api/v1/study,201,Web · Windows,2.2 study hours logged
617ebe68-f95a-40fc-a15a-7546f1b6d40b,2026-06-23,6f168c2c-529c-4ec8-9932-90d1b493cf87,HABIT_UPDATE,/api/v1/habits,200,Web · Windows,4/4 scheduled habits completed
54d3e8c5-e78c-48d5-a5db-212741f07df5,2026-06-24,6f168c2c-529c-4ec8-9932-90d1b493cf87,USER_LOGIN,/api/v1/auth/login,200,Web · Windows,Successful login
a6051991-5321-4e7b-a6ba-e42506d97b3e,2026-06-24,6f168c2c-529c-4ec8-9932-90d1b493cf87,FINANCIAL_LOG,/api/v1/financial,201,Web · Windows,2 transactions represented
293ffee2-2113-4ee5-a4db-5f710123cad2,2026-06-24,6f168c2c-529c-4ec8-9932-90d1b493cf87,STUDY_LOG,/api/v1/study,201,Web · Windows,2.3 study hours logged
1157068a-305c-49ca-aafd-4de7dfbad0ff,2026-06-24,6f168c2c-529c-4ec8-9932-90d1b493cf87,HABIT_UPDATE,/api/v1/habits,200,Web · Windows,4/4 scheduled habits completed
c6974ba2-4e74-4e16-a37f-b7b7f3d1012a,2026-06-25,6f168c2c-529c-4ec8-9932-90d1b493cf87,USER_LOGIN,/api/v1/auth/login,200,Mobile · Android,Successful login
f24e5676-fb75-4f66-acb7-3a4cec780c22,2026-06-25,6f168c2c-529c-4ec8-9932-90d1b493cf87,FINANCIAL_LOG,/api/v1/financial,201,Web · Windows,1 transactions represented
4718c0a4-df46-4d95-ae47-fdc3e7502f7a,2026-06-25,6f168c2c-529c-4ec8-9932-90d1b493cf87,STUDY_LOG,/api/v1/study,201,Mobile · Android,1.7 study hours logged
83c43206-4bea-4427-a71a-65e705a683f9,2026-06-25,6f168c2c-529c-4ec8-9932-90d1b493cf87,HABIT_UPDATE,/api/v1/habits,200,Mobile · Android,4/4 scheduled habits completed
1d0eca9e-916b-4735-a77c-6bbd59ba4e7d,2026-06-26,6f168c2c-529c-4ec8-9932-90d1b493cf87,USER_LOGIN,/api/v1/auth/login,200,Web · Windows,Successful login
875a13c1-f563-4528-a63c-b66dfc784942,2026-06-26,6f168c2c-529c-4ec8-9932-90d1b493cf87,FINANCIAL_LOG,/api/v1/financial,201,Mobile · Android,1 transactions represented
a25948a8-eb91-4b92-a425-ae828e382ada,2026-06-26,6f168c2c-529c-4ec8-9932-90d1b493cf87,HABIT_UPDATE,/api/v1/habits,200,Web · Windows,3/4 scheduled habits completed
8772373e-6132-4ec9-a476-77068d265721,2026-06-27,6f168c2c-529c-4ec8-9932-90d1b493cf87,USER_LOGIN,/api/v1/auth/login,200,Mobile · Android,Successful login
8c5d77d8-4e08-4285-a904-1293ebf81726,2026-06-27,6f168c2c-529c-4ec8-9932-90d1b493cf87,HABIT_UPDATE,/api/v1/habits,200,Web · Windows,3/4 scheduled habits completed
7932db71-1433-461a-a7fc-334db51b8a9d,2026-06-28,6f168c2c-529c-4ec8-9932-90d1b493cf87,FINANCIAL_LOG,/api/v1/financial,201,Web · Windows,2 transactions represented
93aeebed-01c6-4e61-af8b-bdc634f5624e,2026-06-28,6f168c2c-529c-4ec8-9932-90d1b493cf87,STUDY_LOG,/api/v1/study,201,Web · Windows,1.1 study hours logged
eb19ec91-15ab-4a67-a31e-f6a2ac0f470a,2026-06-28,6f168c2c-529c-4ec8-9932-90d1b493cf87,HABIT_UPDATE,/api/v1/habits,200,Web · Windows,4/5 scheduled habits completed
ec97d24c-6b60-4d74-a347-6f4bf9ff12ad,2026-06-29,6f168c2c-529c-4ec8-9932-90d1b493cf87,USER_LOGIN,/api/v1/auth/login,200,Web · Windows,Successful login
66c0a738-f494-40fd-ae50-dd54534e020e,2026-06-29,6f168c2c-529c-4ec8-9932-90d1b493cf87,FINANCIAL_LOG,/api/v1/financial,201,Web · Windows,4 transactions represented
99cf25ac-3aad-4c3e-a196-02274fb1a74c,2026-06-29,6f168c2c-529c-4ec8-9932-90d1b493cf87,STUDY_LOG,/api/v1/study,201,Web · Windows,1.5 study hours logged
08cc207e-2728-472c-a365-f36c692d6d2d,2026-06-29,6f168c2c-529c-4ec8-9932-90d1b493cf87,HABIT_UPDATE,/api/v1/habits,200,Mobile · Android,3/4 scheduled habits completed
f7ad870e-8de2-4b49-aa92-c094226f6f1c,2026-06-30,6f168c2c-529c-4ec8-9932-90d1b493cf87,USER_LOGIN,/api/v1/auth/login,200,Web · Windows,Successful login
0035a372-270b-4c7e-a4fc-358b736705b4,2026-06-30,6f168c2c-529c-4ec8-9932-90d1b493cf87,FINANCIAL_LOG,/api/v1/financial,201,Mobile · Android,2 transactions represented
53f4a0f4-a08b-4812-ab15-00fa06e08216,2026-06-30,6f168c2c-529c-4ec8-9932-90d1b493cf87,STUDY_LOG,/api/v1/study,201,Mobile · Android,2.9 study hours logged
1fdff5f5-bce8-4a0a-a476-d7a7cae0319f,2026-06-30,6f168c2c-529c-4ec8-9932-90d1b493cf87,HABIT_UPDATE,/api/v1/habits,200,Web · Windows,3/4 scheduled habits completed
e27cfc10-7831-4106-ac6b-4163b749a514,2026-07-01,6f168c2c-529c-4ec8-9932-90d1b493cf87,USER_LOGIN,/api/v1/auth/login,200,Web · Windows,Successful login
7f9de86b-cfea-40f3-a8ef-8ecbae696af9,2026-07-01,6f168c2c-529c-4ec8-9932-90d1b493cf87,FINANCIAL_LOG,/api/v1/financial,201,Mobile · Android,1 transactions represented
762c1621-ab05-4b5a-a80f-25c93d178cda,2026-07-01,6f168c2c-529c-4ec8-9932-90d1b493cf87,STUDY_LOG,/api/v1/study,201,Web · Windows,2.3 study hours logged
730e0a52-c46a-45c2-a15c-fc00ab4122ac,2026-07-01,6f168c2c-529c-4ec8-9932-90d1b493cf87,HABIT_UPDATE,/api/v1/habits,200,Web · Windows,3/4 scheduled habits completed
5b821d6d-7802-49d8-a60a-3b1a1d29b08c,2026-07-02,6f168c2c-529c-4ec8-9932-90d1b493cf87,USER_LOGIN,/api/v1/auth/login,200,Web · Windows,Successful login
263af8ec-09e5-4855-acfa-4d8a0717c6b6,2026-07-02,6f168c2c-529c-4ec8-9932-90d1b493cf87,FINANCIAL_LOG,/api/v1/financial,201,Web · Windows,3 transactions represented
88a93847-eb0f-40fa-a99c-05a001f2d9aa,2026-07-02,6f168c2c-529c-4ec8-9932-90d1b493cf87,HABIT_UPDATE,/api/v1/habits,200,Web · Windows,3/4 scheduled habits completed
94aa00cb-d9ad-4289-acc1-7ff56153a849,2026-07-02,6f168c2c-529c-4ec8-9932-90d1b493cf87,ALERT_READ,/api/v1/alerts,200,Mobile · Android,1 alert(s) reviewed
71f19565-efba-44ff-a71b-cde0fa95bba4,2026-07-03,6f168c2c-529c-4ec8-9932-90d1b493cf87,USER_LOGIN,/api/v1/auth/login,200,Web · Windows,Successful login
b4c90538-c3f7-426f-a4f3-2169d2b281bc,2026-07-03,6f168c2c-529c-4ec8-9932-90d1b493cf87,FINANCIAL_LOG,/api/v1/financial,201,Web · Windows,3 transactions represented
8555bf42-35cd-455a-a11b-56227d0f51cf,2026-07-03,6f168c2c-529c-4ec8-9932-90d1b493cf87,STUDY_LOG,/api/v1/study,201,Web · Windows,2.6 study hours logged
69f13956-3b7b-4a1e-a514-e809537cfdfd,2026-07-03,6f168c2c-529c-4ec8-9932-90d1b493cf87,HABIT_UPDATE,/api/v1/habits,200,Web · Windows,3/4 scheduled habits completed
a9d3995e-a613-405e-a1e8-39a52d31f832,2026-07-04,6f168c2c-529c-4ec8-9932-90d1b493cf87,USER_LOGIN,/api/v1/auth/login,200,Mobile · Android,Successful login
f053a032-fa25-4172-a9e6-abc471e3c44a,2026-07-04,6f168c2c-529c-4ec8-9932-90d1b493cf87,FINANCIAL_LOG,/api/v1/financial,201,Mobile · Android,2 transactions represented
30cc2b2b-9fb0-4641-a2db-4aec29fab60c,2026-07-04,6f168c2c-529c-4ec8-9932-90d1b493cf87,HABIT_UPDATE,/api/v1/habits,200,Web · Windows,4/4 scheduled habits completed
67a09750-96ef-427c-a3bb-3fb0174d358d,2026-07-05,6f168c2c-529c-4ec8-9932-90d1b493cf87,USER_LOGIN,/api/v1/auth/login,200,Web · Windows,Successful login
e9f2655a-20aa-441a-a231-5a9e3a5e5d99,2026-07-05,6f168c2c-529c-4ec8-9932-90d1b493cf87,FINANCIAL_LOG,/api/v1/financial,201,Mobile · Android,3 transactions represented
a845e543-e128-47b5-aba0-60b22ca81ed0,2026-07-05,6f168c2c-529c-4ec8-9932-90d1b493cf87,HABIT_UPDATE,/api/v1/habits,200,Web · Windows,5/5 scheduled habits completed
d5809945-73a1-4226-a518-4dbe01ca00ae,2026-07-06,6f168c2c-529c-4ec8-9932-90d1b493cf87,USER_LOGIN,/api/v1/auth/login,200,Web · Windows,Successful login
d8390dea-22e4-4d7a-a7d7-50efed87fbf9,2026-07-06,6f168c2c-529c-4ec8-9932-90d1b493cf87,FINANCIAL_LOG,/api/v1/financial,201,Mobile · Android,2 transactions represented
aca2665c-d53a-4c52-a782-ce27d8012857,2026-07-06,6f168c2c-529c-4ec8-9932-90d1b493cf87,STUDY_LOG,/api/v1/study,201,Web · Windows,1.1 study hours logged
c790279a-a1ca-4dab-a424-7d720ff9fd3a,2026-07-06,6f168c2c-529c-4ec8-9932-90d1b493cf87,HABIT_UPDATE,/api/v1/habits,200,Mobile · Android,3/4 scheduled habits completed
f108ff6a-d08c-4fc7-ab25-5d85cb5ed84d,2026-07-07,6f168c2c-529c-4ec8-9932-90d1b493cf87,USER_LOGIN,/api/v1/auth/login,200,Web · Windows,Successful login
85182428-54ce-4a41-aed0-0ddf0ac78afd,2026-07-07,6f168c2c-529c-4ec8-9932-90d1b493cf87,FINANCIAL_LOG,/api/v1/financial,201,Mobile · Android,2 transactions represented
9c3444cd-1314-42de-a83e-e21259a061a4,2026-07-07,6f168c2c-529c-4ec8-9932-90d1b493cf87,HABIT_UPDATE,/api/v1/habits,200,Web · Windows,3/4 scheduled habits completed
e7c2520b-71ab-410c-a8bb-619b2ed3dc2a,2026-07-08,6f168c2c-529c-4ec8-9932-90d1b493cf87,USER_LOGIN,/api/v1/auth/login,200,Mobile · Android,Successful login
7b80eff0-b4da-4e0b-a005-495e62b90b55,2026-07-08,6f168c2c-529c-4ec8-9932-90d1b493cf87,FINANCIAL_LOG,/api/v1/financial,201,Mobile · Android,2 transactions represented
84fafeb6-45f6-49eb-adc3-8b36f73d4edb,2026-07-08,6f168c2c-529c-4ec8-9932-90d1b493cf87,STUDY_LOG,/api/v1/study,201,Mobile · Android,1.4 study hours logged
14c06cf7-af99-4efe-aa50-2985708fcaf3,2026-07-08,6f168c2c-529c-4ec8-9932-90d1b493cf87,HABIT_UPDATE,/api/v1/habits,200,Web · Windows,4/4 scheduled habits completed
1b89b162-1e40-4976-abc3-1dc1284c5130,2026-07-09,6f168c2c-529c-4ec8-9932-90d1b493cf87,USER_LOGIN,/api/v1/auth/login,200,Mobile · Android,Successful login
f294f5a6-329d-45b3-ab71-9a5016e7f989,2026-07-09,6f168c2c-529c-4ec8-9932-90d1b493cf87,FINANCIAL_LOG,/api/v1/financial,201,Web · Windows,2 transactions represented
5aff2654-1081-469d-a084-2cb1845e7f7e,2026-07-09,6f168c2c-529c-4ec8-9932-90d1b493cf87,STUDY_LOG,/api/v1/study,201,Web · Windows,2.8 study hours logged
957e7097-bb27-4c5f-aac0-88ad5eab092b,2026-07-09,6f168c2c-529c-4ec8-9932-90d1b493cf87,HABIT_UPDATE,/api/v1/habits,200,Web · Windows,2/4 scheduled habits completed
b564ace4-8c36-41d6-addc-4051bc00b7b5,2026-07-10,6f168c2c-529c-4ec8-9932-90d1b493cf87,USER_LOGIN,/api/v1/auth/login,200,Web · Windows,Successful login
4ea5d6e3-4ccc-40da-a974-dd9124cba758,2026-07-10,6f168c2c-529c-4ec8-9932-90d1b493cf87,FINANCIAL_LOG,/api/v1/financial,201,Mobile · Android,3 transactions represented
36cf0540-b330-4a9c-a830-df5a211616c6,2026-07-10,6f168c2c-529c-4ec8-9932-90d1b493cf87,STUDY_LOG,/api/v1/study,201,Web · Windows,2.3 study hours logged
d1c21832-2d88-4caa-a7dc-30015b0a211d,2026-07-10,6f168c2c-529c-4ec8-9932-90d1b493cf87,HABIT_UPDATE,/api/v1/habits,200,Web · Windows,2/4 scheduled habits completed
c043934b-6908-45c3-a336-8096e5d97e43,2026-07-11,6f168c2c-529c-4ec8-9932-90d1b493cf87,USER_LOGIN,/api/v1/auth/login,200,Web · Windows,Successful login
497f46ed-479f-4f23-a4cd-dcb4c6d99936,2026-07-11,6f168c2c-529c-4ec8-9932-90d1b493cf87,FINANCIAL_LOG,/api/v1/financial,201,Mobile · Android,1 transactions represented
7d6011d9-b417-494b-a63b-977a824f6535,2026-07-11,6f168c2c-529c-4ec8-9932-90d1b493cf87,HABIT_UPDATE,/api/v1/habits,200,Mobile · Android,3/4 scheduled habits completed
c92851b7-002e-4923-ada8-3246bccafac5,2026-07-12,6f168c2c-529c-4ec8-9932-90d1b493cf87,FINANCIAL_LOG,/api/v1/financial,201,Mobile · Android,1 transactions represented
47b1da45-3e44-49bb-a1ae-454d506eee4e,2026-07-12,6f168c2c-529c-4ec8-9932-90d1b493cf87,HABIT_UPDATE,/api/v1/habits,200,Web · Windows,5/5 scheduled habits completed
1b4a7990-6c64-4d84-aa78-2f810c699f15,2026-07-13,6f168c2c-529c-4ec8-9932-90d1b493cf87,USER_LOGIN,/api/v1/auth/login,200,Mobile · Android,Successful login
c772e155-8ad9-41bf-a03a-c1d1f1007197,2026-07-13,6f168c2c-529c-4ec8-9932-90d1b493cf87,FINANCIAL_LOG,/api/v1/financial,201,Web · Windows,2 transactions represented
3d57b239-b803-496b-a0f4-b5f6d909fe2e,2026-07-13,6f168c2c-529c-4ec8-9932-90d1b493cf87,STUDY_LOG,/api/v1/study,201,Web · Windows,3.1 study hours logged
16b27afb-d347-46c6-a458-08db08c8cbd6,2026-07-13,6f168c2c-529c-4ec8-9932-90d1b493cf87,HABIT_UPDATE,/api/v1/habits,200,Web · Windows,2/4 scheduled habits completed
2162af56-7f98-469d-ae78-657ddd4651ba,2026-07-14,6f168c2c-529c-4ec8-9932-90d1b493cf87,USER_LOGIN,/api/v1/auth/login,200,Web · Windows,Successful login
e131f51f-948a-4c37-a077-02624934ac04,2026-07-14,6f168c2c-529c-4ec8-9932-90d1b493cf87,STUDY_LOG,/api/v1/study,201,Web · Windows,2.1 study hours logged
109e5ccf-0318-4261-a0b0-3c7053e9dca5,2026-07-14,6f168c2c-529c-4ec8-9932-90d1b493cf87,HABIT_UPDATE,/api/v1/habits,200,Web · Windows,4/4 scheduled habits completed
23c33286-17a5-47dc-ada6-b531133bad62,2026-07-15,6f168c2c-529c-4ec8-9932-90d1b493cf87,USER_LOGIN,/api/v1/auth/login,200,Web · Windows,Successful login
76ddffe2-888b-485f-a5fa-c600b8863862,2026-07-15,6f168c2c-529c-4ec8-9932-90d1b493cf87,FINANCIAL_LOG,/api/v1/financial,201,Web · Windows,3 transactions represented
b8075f03-a436-4fc3-ac3e-ef666225274f,2026-07-15,6f168c2c-529c-4ec8-9932-90d1b493cf87,STUDY_LOG,/api/v1/study,201,Web · Windows,1.1 study hours logged
f639d14e-9d0f-411c-a5ba-298ed1e9d55d,2026-07-15,6f168c2c-529c-4ec8-9932-90d1b493cf87,HABIT_UPDATE,/api/v1/habits,200,Mobile · Android,4/4 scheduled habits completed
b73b27e1-3be2-4eed-a85c-e238ed022581,2026-07-16,6f168c2c-529c-4ec8-9932-90d1b493cf87,FINANCIAL_LOG,/api/v1/financial,201,Web · Windows,1 transactions represented
536cd58c-ab76-48c1-acea-0cd428aeae4e,2026-07-16,6f168c2c-529c-4ec8-9932-90d1b493cf87,STUDY_LOG,/api/v1/study,201,Web · Windows,1.3 study hours logged
344e7618-f1b8-4c0f-aa6f-bad30ebcb037,2026-07-16,6f168c2c-529c-4ec8-9932-90d1b493cf87,HABIT_UPDATE,/api/v1/habits,200,Web · Windows,3/4 scheduled habits completed
42d799cd-6cbd-46b5-a0da-ee228c626681,2026-07-17,6f168c2c-529c-4ec8-9932-90d1b493cf87,USER_LOGIN,/api/v1/auth/login,200,Web · Windows,Successful login
780559c2-a882-4e01-a583-260bfb50b78f,2026-07-17,6f168c2c-529c-4ec8-9932-90d1b493cf87,FINANCIAL_LOG,/api/v1/financial,201,Web · Windows,1 transactions represented
2229824d-85f9-47d5-af78-39ca9707d3bc,2026-07-17,6f168c2c-529c-4ec8-9932-90d1b493cf87,STUDY_LOG,/api/v1/study,201,Web · Windows,2.6 study hours logged
2540a07e-7312-41c3-a0e2-7573a2974bd2,2026-07-17,6f168c2c-529c-4ec8-9932-90d1b493cf87,HABIT_UPDATE,/api/v1/habits,200,Web · Windows,3/4 scheduled habits completed
df0c8238-95b7-49af-a936-04518d72c405,2026-07-18,6f168c2c-529c-4ec8-9932-90d1b493cf87,USER_LOGIN,/api/v1/auth/login,200,Web · Windows,Successful login
3f21e2e7-ab02-4390-ab8f-c93ca5cd4a39,2026-07-18,6f168c2c-529c-4ec8-9932-90d1b493cf87,FINANCIAL_LOG,/api/v1/financial,201,Web · Windows,3 transactions represented
f26e37df-bd8f-4137-a107-a4be4ad4d472,2026-07-18,6f168c2c-529c-4ec8-9932-90d1b493cf87,HABIT_UPDATE,/api/v1/habits,200,Web · Windows,3/4 scheduled habits completed
a539b48b-2241-422f-a799-8452b6c448d0,2026-07-19,6f168c2c-529c-4ec8-9932-90d1b493cf87,USER_LOGIN,/api/v1/auth/login,200,Mobile · Android,Successful login
17872612-1a94-4249-af0a-6e29e2eb4c94,2026-07-19,6f168c2c-529c-4ec8-9932-90d1b493cf87,FINANCIAL_LOG,/api/v1/financial,201,Web · Windows,1 transactions represented
98f35322-6d17-4a97-af6a-ea71b2ba910e,2026-07-19,6f168c2c-529c-4ec8-9932-90d1b493cf87,HABIT_UPDATE,/api/v1/habits,200,Mobile · Android,4/5 scheduled habits completed
e0cda4b9-92fc-44ce-a2b5-9705d215af5d,2026-07-20,6f168c2c-529c-4ec8-9932-90d1b493cf87,USER_LOGIN,/api/v1/auth/login,200,Web · Windows,Successful login
6b7dc52c-e5d2-4b92-a87c-9fe2bc67b2c4,2026-07-20,6f168c2c-529c-4ec8-9932-90d1b493cf87,FINANCIAL_LOG,/api/v1/financial,201,Web · Windows,1 transactions represented
aef6abe6-7f20-4c40-aa19-b43fdbaaffad,2026-07-20,6f168c2c-529c-4ec8-9932-90d1b493cf87,STUDY_LOG,/api/v1/study,201,Web · Windows,2.6 study hours logged
d9b03457-9c40-4f53-aa70-dc0418089547,2026-07-20,6f168c2c-529c-4ec8-9932-90d1b493cf87,HABIT_UPDATE,/api/v1/habits,200,Web · Windows,3/4 scheduled habits completed
66717115-5fe3-4dbb-a7b5-59e9bbbb46e5,2026-07-21,6f168c2c-529c-4ec8-9932-90d1b493cf87,USER_LOGIN,/api/v1/auth/login,200,Web · Windows,Successful login
95884df7-6988-4471-a138-af876e77ab57,2026-07-21,6f168c2c-529c-4ec8-9932-90d1b493cf87,FINANCIAL_LOG,/api/v1/financial,201,Web · Windows,3 transactions represented
76c13a51-de49-4d86-a916-fcc1a2df9fe3,2026-07-21,6f168c2c-529c-4ec8-9932-90d1b493cf87,STUDY_LOG,/api/v1/study,201,Web · Windows,2.3 study hours logged
012a6c1a-1a5e-4294-a82b-aa83df7d6c21,2026-07-21,6f168c2c-529c-4ec8-9932-90d1b493cf87,HABIT_UPDATE,/api/v1/habits,200,Web · Windows,4/4 scheduled habits completed
61b43573-27af-4fad-a025-30080e3de54e,2026-07-22,6f168c2c-529c-4ec8-9932-90d1b493cf87,USER_LOGIN,/api/v1/auth/login,200,Mobile · Android,Successful login
5e5b4a93-14d9-4435-a85e-ff8ae95c54b7,2026-07-22,6f168c2c-529c-4ec8-9932-90d1b493cf87,FINANCIAL_LOG,/api/v1/financial,201,Mobile · Android,2 transactions represented
3fa6ff36-69b7-40b0-a3ee-f20d2950f290,2026-07-22,6f168c2c-529c-4ec8-9932-90d1b493cf87,STUDY_LOG,/api/v1/study,201,Web · Windows,1.9 study hours logged
4b6fb2fa-3121-4742-aa3f-19816aea8e54,2026-07-22,6f168c2c-529c-4ec8-9932-90d1b493cf87,HABIT_UPDATE,/api/v1/habits,200,Mobile · Android,3/4 scheduled habits completed
4a48200f-0cdc-4f47-ab68-5ef09f1e3d1f,2026-07-23,6f168c2c-529c-4ec8-9932-90d1b493cf87,USER_LOGIN,/api/v1/auth/login,200,Web · Windows,Successful login
1ace8560-fc61-40b7-a028-d87ee8f6d53f,2026-07-23,6f168c2c-529c-4ec8-9932-90d1b493cf87,FINANCIAL_LOG,/api/v1/financial,201,Web · Windows,1 transactions represented
30f782ea-04c5-4b26-accd-9306b054c58e,2026-07-23,6f168c2c-529c-4ec8-9932-90d1b493cf87,STUDY_LOG,/api/v1/study,201,Web · Windows,3.1 study hours logged
77cb05a2-0e6d-4c39-a03a-a4497bee104c,2026-07-23,6f168c2c-529c-4ec8-9932-90d1b493cf87,HABIT_UPDATE,/api/v1/habits,200,Mobile · Android,1/4 scheduled habits completed
b09e5ee0-6ed4-48ce-a282-ee8eb2ca7026,2026-07-24,6f168c2c-529c-4ec8-9932-90d1b493cf87,USER_LOGIN,/api/v1/auth/login,200,Web · Windows,Successful login
70a01d1c-85c4-4653-a1b5-ffb7533c8ea8,2026-07-24,6f168c2c-529c-4ec8-9932-90d1b493cf87,FINANCIAL_LOG,/api/v1/financial,201,Web · Windows,1 transactions represented
136c3a7f-fa00-4fb7-af09-26533512f9f0,2026-07-24,6f168c2c-529c-4ec8-9932-90d1b493cf87,HABIT_UPDATE,/api/v1/habits,200,Web · Windows,2/4 scheduled habits completed
36250879-fc45-4747-aedf-f4624027322a,2026-07-25,6f168c2c-529c-4ec8-9932-90d1b493cf87,USER_LOGIN,/api/v1/auth/login,200,Web · Windows,Successful login
630a6bfd-459d-4684-ae51-bb6154596716,2026-07-25,6f168c2c-529c-4ec8-9932-90d1b493cf87,FINANCIAL_LOG,/api/v1/financial,201,Web · Windows,1 transactions represented
b9d79060-3f96-4984-a418-ffda346ee7af,2026-07-25,6f168c2c-529c-4ec8-9932-90d1b493cf87,HABIT_UPDATE,/api/v1/habits,200,Mobile · Android,2/4 scheduled habits completed
158c72a9-26f1-4133-a93b-e03dec9a78f6,2026-07-26,6f168c2c-529c-4ec8-9932-90d1b493cf87,USER_LOGIN,/api/v1/auth/login,200,Web · Windows,Successful login
fc847108-5965-42ff-a8ea-6ec9ad91224a,2026-07-26,6f168c2c-529c-4ec8-9932-90d1b493cf87,FINANCIAL_LOG,/api/v1/financial,201,Web · Windows,2 transactions represented
461390c7-b2d4-49ca-ac2a-5b8ad0315732,2026-07-26,6f168c2c-529c-4ec8-9932-90d1b493cf87,STUDY_LOG,/api/v1/study,201,Web · Windows,1.9 study hours logged
319e9bd5-b0d8-40f1-a781-20c458a27fb7,2026-07-26,6f168c2c-529c-4ec8-9932-90d1b493cf87,HABIT_UPDATE,/api/v1/habits,200,Web · Windows,5/5 scheduled habits completed
78cf8373-b48e-4eac-a545-a5d36b49a469,2026-07-27,6f168c2c-529c-4ec8-9932-90d1b493cf87,USER_LOGIN,/api/v1/auth/login,200,Web · Windows,Successful login
ad6550a9-58e2-4053-a121-ba5fbacfa033,2026-07-27,6f168c2c-529c-4ec8-9932-90d1b493cf87,FINANCIAL_LOG,/api/v1/financial,201,Web · Windows,3 transactions represented
1eafcb58-c465-47a7-a73b-c56e1070140e,2026-07-27,6f168c2c-529c-4ec8-9932-90d1b493cf87,STUDY_LOG,/api/v1/study,201,Web · Windows,3.1 study hours logged
f1aee08d-0c0a-4fe6-a341-ae3b640d2b1d,2026-07-27,6f168c2c-529c-4ec8-9932-90d1b493cf87,HABIT_UPDATE,/api/v1/habits,200,Web · Windows,3/4 scheduled habits completed
4f20ccda-ce8c-4796-af9f-d728dd7c9ba4,2026-07-28,6f168c2c-529c-4ec8-9932-90d1b493cf87,USER_LOGIN,/api/v1/auth/login,200,Web · Windows,Successful login
0864906b-9669-45bc-a983-46f690fdeae2,2026-07-28,6f168c2c-529c-4ec8-9932-90d1b493cf87,FINANCIAL_LOG,/api/v1/financial,201,Web · Windows,2 transactions represented
ceed6ff7-9855-417c-a606-5e050f3d58d2,2026-07-28,6f168c2c-529c-4ec8-9932-90d1b493cf87,STUDY_LOG,/api/v1/study,201,Mobile · Android,2 study hours logged
0e5ddc63-b2c4-4f77-ad0c-236ee46dbe46,2026-07-28,6f168c2c-529c-4ec8-9932-90d1b493cf87,HABIT_UPDATE,/api/v1/habits,200,Web · Windows,4/4 scheduled habits completed
4a054dfb-8973-4ca6-ad10-5648e2aa7dcd,2026-07-29,6f168c2c-529c-4ec8-9932-90d1b493cf87,USER_LOGIN,/api/v1/auth/login,200,Web · Windows,Successful login
0296d689-ef1c-4452-a145-e99e44da396a,2026-07-29,6f168c2c-529c-4ec8-9932-90d1b493cf87,FINANCIAL_LOG,/api/v1/financial,201,Web · Windows,1 transactions represented
fd761e11-6933-4497-a3bd-0321b7543ca7,2026-07-29,6f168c2c-529c-4ec8-9932-90d1b493cf87,HABIT_UPDATE,/api/v1/habits,200,Mobile · Android,3/4 scheduled habits completed
2bd56e47-dfbe-46e9-a9f3-9c995d006780,2026-07-30,6f168c2c-529c-4ec8-9932-90d1b493cf87,USER_LOGIN,/api/v1/auth/login,200,Web · Windows,Successful login
b53a3a57-d242-4cf6-a843-87985ce3f8fe,2026-07-30,6f168c2c-529c-4ec8-9932-90d1b493cf87,FINANCIAL_LOG,/api/v1/financial,201,Web · Windows,2 transactions represented
b706ad44-caee-46d0-a039-bc279afda08f,2026-07-30,6f168c2c-529c-4ec8-9932-90d1b493cf87,STUDY_LOG,/api/v1/study,201,Mobile · Android,1.9 study hours logged
f6049516-f047-41ec-a843-edf569abb5bb,2026-07-30,6f168c2c-529c-4ec8-9932-90d1b493cf87,HABIT_UPDATE,/api/v1/habits,200,Mobile · Android,3/4 scheduled habits completed
69d7636e-f6dc-4130-a4ce-099cafee9461,2026-07-31,6f168c2c-529c-4ec8-9932-90d1b493cf87,USER_LOGIN,/api/v1/auth/login,200,Web · Windows,Successful login
be3b5515-b509-4c99-a176-e849ea3a2960,2026-07-31,6f168c2c-529c-4ec8-9932-90d1b493cf87,FINANCIAL_LOG,/api/v1/financial,201,Web · Windows,2 transactions represented
5ef16ee6-f299-4f30-a882-50a869f7e7d1,2026-07-31,6f168c2c-529c-4ec8-9932-90d1b493cf87,HABIT_UPDATE,/api/v1/habits,200,Web · Windows,0/4 scheduled habits completed
40b9c64a-59a0-47a7-a3cc-4e6f0eb26e77,2026-08-01,6f168c2c-529c-4ec8-9932-90d1b493cf87,USER_LOGIN,/api/v1/auth/login,200,Web · Windows,Successful login
4546c519-3778-441b-a308-60fdc2ef4c2e,2026-08-01,6f168c2c-529c-4ec8-9932-90d1b493cf87,FINANCIAL_LOG,/api/v1/financial,201,Web · Windows,3 transactions represented
6afb6af1-892c-4605-a4be-4e624d2c78d4,2026-08-01,6f168c2c-529c-4ec8-9932-90d1b493cf87,HABIT_UPDATE,/api/v1/habits,200,Mobile · Android,3/4 scheduled habits completed
4d64008a-2264-47c8-a39c-fddf555cf982,2026-08-02,6f168c2c-529c-4ec8-9932-90d1b493cf87,USER_LOGIN,/api/v1/auth/login,200,Web · Windows,Successful login
bcf264e8-a7ed-4c60-ad10-aa528abd042b,2026-08-02,6f168c2c-529c-4ec8-9932-90d1b493cf87,FINANCIAL_LOG,/api/v1/financial,201,Web · Windows,2 transactions represented
d78b0d28-41e2-4964-adf3-aceda5e9d442,2026-08-02,6f168c2c-529c-4ec8-9932-90d1b493cf87,STUDY_LOG,/api/v1/study,201,Mobile · Android,2.3 study hours logged
e26d5ff9-135f-4e1a-a294-8ca2b01c24d1,2026-08-02,6f168c2c-529c-4ec8-9932-90d1b493cf87,HABIT_UPDATE,/api/v1/habits,200,Mobile · Android,4/5 scheduled habits completed
3faef010-79b9-49a8-aeba-c47fe2efe548,2026-08-02,6f168c2c-529c-4ec8-9932-90d1b493cf87,ALERT_READ,/api/v1/alerts,200,Web · Windows,1 alert(s) reviewed
d5d4c1ec-1707-405d-a5d3-4396eb9aef3e,2026-08-03,6f168c2c-529c-4ec8-9932-90d1b493cf87,USER_LOGIN,/api/v1/auth/login,200,Web · Windows,Successful login
a243f50d-76fa-46b2-ac81-5480710b2e8c,2026-08-03,6f168c2c-529c-4ec8-9932-90d1b493cf87,FINANCIAL_LOG,/api/v1/financial,201,Mobile · Android,2 transactions represented
0cd967a8-545b-4879-a39c-07ad7bf67369,2026-08-03,6f168c2c-529c-4ec8-9932-90d1b493cf87,STUDY_LOG,/api/v1/study,201,Web · Windows,3.1 study hours logged
25d0a32b-33ef-47a0-af3a-106e328d29ef,2026-08-03,6f168c2c-529c-4ec8-9932-90d1b493cf87,HABIT_UPDATE,/api/v1/habits,200,Mobile · Android,4/4 scheduled habits completed
442ecb6d-6bb0-4078-ad3f-1ba40b7370c1,2026-08-04,6f168c2c-529c-4ec8-9932-90d1b493cf87,USER_LOGIN,/api/v1/auth/login,200,Mobile · Android,Successful login
543d8d00-1f39-44b1-aea8-270380ae4e89,2026-08-04,6f168c2c-529c-4ec8-9932-90d1b493cf87,FINANCIAL_LOG,/api/v1/financial,201,Web · Windows,2 transactions represented
762a06e0-4a00-44a9-a70b-638f7496c4a9,2026-08-04,6f168c2c-529c-4ec8-9932-90d1b493cf87,STUDY_LOG,/api/v1/study,201,Mobile · Android,2 study hours logged
be32d2a3-d515-44a7-a1de-068f4edba544,2026-08-04,6f168c2c-529c-4ec8-9932-90d1b493cf87,HABIT_UPDATE,/api/v1/habits,200,Web · Windows,4/4 scheduled habits completed
bdfe04e4-6ced-41c5-a65f-7fb843759873,2026-08-05,6f168c2c-529c-4ec8-9932-90d1b493cf87,USER_LOGIN,/api/v1/auth/login,200,Web · Windows,Successful login
5a309a74-f7e1-46a6-a086-03439b3a04df,2026-08-05,6f168c2c-529c-4ec8-9932-90d1b493cf87,FINANCIAL_LOG,/api/v1/financial,201,Web · Windows,4 transactions represented
f98a7dfc-7686-4cbc-abe9-080e58eb1f04,2026-08-05,6f168c2c-529c-4ec8-9932-90d1b493cf87,STUDY_LOG,/api/v1/study,201,Web · Windows,1.4 study hours logged
0db65c4a-0105-4c80-ac4c-9667babe761d,2026-08-05,6f168c2c-529c-4ec8-9932-90d1b493cf87,HABIT_UPDATE,/api/v1/habits,200,Web · Windows,3/4 scheduled habits completed
bd639d53-152a-4406-a70d-c7b5f2434cb3,2026-08-06,6f168c2c-529c-4ec8-9932-90d1b493cf87,USER_LOGIN,/api/v1/auth/login,200,Web · Windows,Successful login
2f31a019-38aa-4063-a9ad-4638df412465,2026-08-06,6f168c2c-529c-4ec8-9932-90d1b493cf87,FINANCIAL_LOG,/api/v1/financial,201,Web · Windows,1 transactions represented
b5828251-b156-4acf-a50d-b226ef475744,2026-08-06,6f168c2c-529c-4ec8-9932-90d1b493cf87,STUDY_LOG,/api/v1/study,201,Web · Windows,2.6 study hours logged
ba4594cb-6672-49b8-a30d-5474e0397c8f,2026-08-06,6f168c2c-529c-4ec8-9932-90d1b493cf87,HABIT_UPDATE,/api/v1/habits,200,Web · Windows,3/4 scheduled habits completed
f4e28465-67d6-4794-ad89-88f75ead3033,2026-08-07,6f168c2c-529c-4ec8-9932-90d1b493cf87,USER_LOGIN,/api/v1/auth/login,200,Web · Windows,Successful login
574878cd-fe6b-4da8-a06c-44aeb2d9486e,2026-08-07,6f168c2c-529c-4ec8-9932-90d1b493cf87,FINANCIAL_LOG,/api/v1/financial,201,Mobile · Android,2 transactions represented
f1bc15d1-7b34-48de-a816-90ac1e1bca91,2026-08-07,6f168c2c-529c-4ec8-9932-90d1b493cf87,STUDY_LOG,/api/v1/study,201,Mobile · Android,2.5 study hours logged
9c408965-46b0-429a-acf8-a16465ecf424,2026-08-07,6f168c2c-529c-4ec8-9932-90d1b493cf87,HABIT_UPDATE,/api/v1/habits,200,Mobile · Android,4/4 scheduled habits completed
94c11222-6ac0-4d4d-a08a-77b16271ec37,2026-08-08,6f168c2c-529c-4ec8-9932-90d1b493cf87,USER_LOGIN,/api/v1/auth/login,200,Web · Windows,Successful login
14fc45aa-a1c7-4139-aaa2-e54f76be0430,2026-08-08,6f168c2c-529c-4ec8-9932-90d1b493cf87,FINANCIAL_LOG,/api/v1/financial,201,Web · Windows,1 transactions represented
61eafcbc-2e6d-4569-a947-53747b0b0950,2026-08-08,6f168c2c-529c-4ec8-9932-90d1b493cf87,HABIT_UPDATE,/api/v1/habits,200,Web · Windows,4/4 scheduled habits completed
52228b0d-5769-4ada-a560-8ee1240f9651,2026-08-09,6f168c2c-529c-4ec8-9932-90d1b493cf87,USER_LOGIN,/api/v1/auth/login,200,Web · Windows,Successful login
ccff7716-4fb4-491f-abfb-8358a2664c31,2026-08-09,6f168c2c-529c-4ec8-9932-90d1b493cf87,FINANCIAL_LOG,/api/v1/financial,201,Web · Windows,1 transactions represented
e20b8ff9-e382-45ec-a657-959db5f0f3b4,2026-08-09,6f168c2c-529c-4ec8-9932-90d1b493cf87,STUDY_LOG,/api/v1/study,201,Mobile · Android,1.1 study hours logged
a115a040-5bc8-4b9f-aed5-ee8a5bccc4db,2026-08-09,6f168c2c-529c-4ec8-9932-90d1b493cf87,HABIT_UPDATE,/api/v1/habits,200,Mobile · Android,4/5 scheduled habits completed
cd6d07e1-4f85-4b54-acff-6e1cb3aa71fc,2026-08-10,6f168c2c-529c-4ec8-9932-90d1b493cf87,USER_LOGIN,/api/v1/auth/login,200,Mobile · Android,Successful login
c0d46e6f-1eb2-460e-a125-c65c1e7d2f28,2026-08-10,6f168c2c-529c-4ec8-9932-90d1b493cf87,FINANCIAL_LOG,/api/v1/financial,201,Web · Windows,2 transactions represented
1dc46b5c-8fbd-4f9c-a0cc-ef6301114f6c,2026-08-10,6f168c2c-529c-4ec8-9932-90d1b493cf87,HABIT_UPDATE,/api/v1/habits,200,Mobile · Android,3/4 scheduled habits completed
b0383f98-906d-4deb-aaca-4b3f52eb1524,2026-08-11,6f168c2c-529c-4ec8-9932-90d1b493cf87,USER_LOGIN,/api/v1/auth/login,200,Mobile · Android,Successful login
9c218a17-0810-4fc9-afa0-5ad2d89a3c19,2026-08-11,6f168c2c-529c-4ec8-9932-90d1b493cf87,FINANCIAL_LOG,/api/v1/financial,201,Web · Windows,2 transactions represented
82b4a3ca-677c-4461-acea-dca4210f719f,2026-08-11,6f168c2c-529c-4ec8-9932-90d1b493cf87,STUDY_LOG,/api/v1/study,201,Web · Windows,2.3 study hours logged
cdd2dbf3-a6b7-4ea9-a2bc-eefbb0759fca,2026-08-11,6f168c2c-529c-4ec8-9932-90d1b493cf87,HABIT_UPDATE,/api/v1/habits,200,Web · Windows,4/4 scheduled habits completed
6392ff14-e286-4f1d-ab14-8ea63a0a1cb3,2026-08-12,6f168c2c-529c-4ec8-9932-90d1b493cf87,USER_LOGIN,/api/v1/auth/login,200,Mobile · Android,Successful login
fd0ac844-2d99-4340-ae74-34c8552d04f9,2026-08-12,6f168c2c-529c-4ec8-9932-90d1b493cf87,FINANCIAL_LOG,/api/v1/financial,201,Web · Windows,2 transactions represented
00d74029-1d56-4350-a847-36b937e5f2e4,2026-08-12,6f168c2c-529c-4ec8-9932-90d1b493cf87,HABIT_UPDATE,/api/v1/habits,200,Web · Windows,3/4 scheduled habits completed
d483741c-b6c1-4042-a3c5-4f052c39f72e,2026-08-13,6f168c2c-529c-4ec8-9932-90d1b493cf87,USER_LOGIN,/api/v1/auth/login,200,Web · Windows,Successful login
1f3bdb82-5631-42f3-ab5f-21d8445a5e49,2026-08-13,6f168c2c-529c-4ec8-9932-90d1b493cf87,FINANCIAL_LOG,/api/v1/financial,201,Web · Windows,1 transactions represented
cec9d24c-4f38-44e0-a28c-515182e4a785,2026-08-13,6f168c2c-529c-4ec8-9932-90d1b493cf87,HABIT_UPDATE,/api/v1/habits,200,Mobile · Android,4/4 scheduled habits completed
5c95afd3-f3b6-46fc-a075-87774d7f2d90,2026-08-14,6f168c2c-529c-4ec8-9932-90d1b493cf87,USER_LOGIN,/api/v1/auth/login,200,Web · Windows,Successful login
b00038a1-4739-47dd-a034-ab7435da4031,2026-08-14,6f168c2c-529c-4ec8-9932-90d1b493cf87,FINANCIAL_LOG,/api/v1/financial,201,Web · Windows,1 transactions represented
757795f5-64b2-44a2-aece-e67d78ae1d71,2026-08-14,6f168c2c-529c-4ec8-9932-90d1b493cf87,STUDY_LOG,/api/v1/study,201,Web · Windows,3.2 study hours logged
e1eca7d4-8806-4197-aedc-c2d4de000242,2026-08-14,6f168c2c-529c-4ec8-9932-90d1b493cf87,HABIT_UPDATE,/api/v1/habits,200,Web · Windows,4/4 scheduled habits completed
27b1addf-adf7-4166-a122-3304bc172d61,2026-08-15,6f168c2c-529c-4ec8-9932-90d1b493cf87,HABIT_UPDATE,/api/v1/habits,200,Web · Windows,4/4 scheduled habits completed
821fe8b8-e660-4e7f-acbf-94458d7a8c6d,2026-08-16,6f168c2c-529c-4ec8-9932-90d1b493cf87,USER_LOGIN,/api/v1/auth/login,200,Web · Windows,Successful login
b1a50665-4c97-411d-a258-f7e1e88a53e8,2026-08-16,6f168c2c-529c-4ec8-9932-90d1b493cf87,FINANCIAL_LOG,/api/v1/financial,201,Mobile · Android,2 transactions represented
7a382d81-0262-44ca-a67a-2737a72d788b,2026-08-16,6f168c2c-529c-4ec8-9932-90d1b493cf87,HABIT_UPDATE,/api/v1/habits,200,Web · Windows,5/5 scheduled habits completed
589b3e05-f66c-4681-a7f8-3115fa26da58,2026-08-17,6f168c2c-529c-4ec8-9932-90d1b493cf87,USER_LOGIN,/api/v1/auth/login,200,Web · Windows,Successful login
2edbbf34-43ae-4077-ab11-5eccada5d79b,2026-08-17,6f168c2c-529c-4ec8-9932-90d1b493cf87,FINANCIAL_LOG,/api/v1/financial,201,Web · Windows,2 transactions represented
bee8c7d3-4a01-4867-a57c-6bb0b21b486b,2026-08-17,6f168c2c-529c-4ec8-9932-90d1b493cf87,HABIT_UPDATE,/api/v1/habits,200,Web · Windows,3/4 scheduled habits completed
2857bee9-d373-4217-a97a-29640ac839a9,2026-08-18,6f168c2c-529c-4ec8-9932-90d1b493cf87,USER_LOGIN,/api/v1/auth/login,200,Web · Windows,Successful login
21404d9c-4ddf-4573-af70-8656ecf5c27d,2026-08-18,6f168c2c-529c-4ec8-9932-90d1b493cf87,FINANCIAL_LOG,/api/v1/financial,201,Mobile · Android,2 transactions represented
86ce2606-de2a-4dda-a53a-b0853cc765d0,2026-08-18,6f168c2c-529c-4ec8-9932-90d1b493cf87,STUDY_LOG,/api/v1/study,201,Mobile · Android,2 study hours logged
891cfdcb-cd6e-4ae7-a07e-8fce5cfda1df,2026-08-18,6f168c2c-529c-4ec8-9932-90d1b493cf87,HABIT_UPDATE,/api/v1/habits,200,Web · Windows,4/4 scheduled habits completed
83d5fb01-2b0d-4a94-a1d1-8a7a50022d81,2026-08-19,6f168c2c-529c-4ec8-9932-90d1b493cf87,USER_LOGIN,/api/v1/auth/login,200,Mobile · Android,Successful login
050628f9-62dd-48bf-a707-458b45d44541,2026-08-19,6f168c2c-529c-4ec8-9932-90d1b493cf87,FINANCIAL_LOG,/api/v1/financial,201,Mobile · Android,1 transactions represented
162e9a25-6b57-4274-a011-a49e8853e0cd,2026-08-19,6f168c2c-529c-4ec8-9932-90d1b493cf87,STUDY_LOG,/api/v1/study,201,Web · Windows,2.1 study hours logged
eb6e06ed-c98e-420e-ade6-a865088ced2c,2026-08-19,6f168c2c-529c-4ec8-9932-90d1b493cf87,HABIT_UPDATE,/api/v1/habits,200,Mobile · Android,4/4 scheduled habits completed
68175167-933a-4f74-a8db-616a148ff07f,2026-08-20,6f168c2c-529c-4ec8-9932-90d1b493cf87,USER_LOGIN,/api/v1/auth/login,200,Web · Windows,Successful login
49ea4b2f-ab73-4ae7-a4fb-a2a29a83d5bf,2026-08-20,6f168c2c-529c-4ec8-9932-90d1b493cf87,FINANCIAL_LOG,/api/v1/financial,201,Web · Windows,2 transactions represented
a1de1edd-153b-47b4-a39a-e71e1d43cb84,2026-08-20,6f168c2c-529c-4ec8-9932-90d1b493cf87,STUDY_LOG,/api/v1/study,201,Mobile · Android,2 study hours logged
df8fcb96-6506-4d6f-ae48-d5587d158653,2026-08-20,6f168c2c-529c-4ec8-9932-90d1b493cf87,HABIT_UPDATE,/api/v1/habits,200,Web · Windows,3/4 scheduled habits completed
9ec143d8-2d2f-4376-a677-82458b340808,2026-08-21,6f168c2c-529c-4ec8-9932-90d1b493cf87,USER_LOGIN,/api/v1/auth/login,200,Mobile · Android,Successful login
6bcc7767-217f-4e31-ad8b-cd11a195bba4,2026-08-21,6f168c2c-529c-4ec8-9932-90d1b493cf87,FINANCIAL_LOG,/api/v1/financial,201,Web · Windows,1 transactions represented
3fb25afd-27a8-4a66-a9ec-680a9e91f439,2026-08-21,6f168c2c-529c-4ec8-9932-90d1b493cf87,STUDY_LOG,/api/v1/study,201,Web · Windows,1.2 study hours logged
c62eac00-329c-449d-ae24-57c314ad2e2e,2026-08-21,6f168c2c-529c-4ec8-9932-90d1b493cf87,HABIT_UPDATE,/api/v1/habits,200,Mobile · Android,4/4 scheduled habits completed
62d8edec-1eb1-4268-a7d0-b4e43d7da5a2,2026-08-22,6f168c2c-529c-4ec8-9932-90d1b493cf87,USER_LOGIN,/api/v1/auth/login,200,Web · Windows,Successful login
acaf4c79-6e7c-486b-ad5e-4312b4c10bb5,2026-08-22,6f168c2c-529c-4ec8-9932-90d1b493cf87,FINANCIAL_LOG,/api/v1/financial,201,Web · Windows,2 transactions represented
2e0ea5cb-d2fb-4222-a540-d0d0be520c1e,2026-08-22,6f168c2c-529c-4ec8-9932-90d1b493cf87,HABIT_UPDATE,/api/v1/habits,200,Web · Windows,3/4 scheduled habits completed
101c8258-6f15-4dbc-ab95-5b374ad7f668,2026-08-23,6f168c2c-529c-4ec8-9932-90d1b493cf87,USER_LOGIN,/api/v1/auth/login,200,Web · Windows,Successful login
b557b0ee-3348-4ee8-a667-aefcf7287089,2026-08-23,6f168c2c-529c-4ec8-9932-90d1b493cf87,FINANCIAL_LOG,/api/v1/financial,201,Web · Windows,3 transactions represented
99842402-e084-46dd-a075-ae2f8be3713c,2026-08-23,6f168c2c-529c-4ec8-9932-90d1b493cf87,STUDY_LOG,/api/v1/study,201,Web · Windows,2.2 study hours logged
64829390-8154-4351-ac8b-e1cb43d8c915,2026-08-23,6f168c2c-529c-4ec8-9932-90d1b493cf87,HABIT_UPDATE,/api/v1/habits,200,Web · Windows,4/5 scheduled habits completed
b6bfa0f8-1495-40c9-a4d0-a20f43783f85,2026-08-24,6f168c2c-529c-4ec8-9932-90d1b493cf87,USER_LOGIN,/api/v1/auth/login,200,Web · Windows,Successful login
959026f3-aaeb-4394-ac57-d4177730c0ed,2026-08-24,6f168c2c-529c-4ec8-9932-90d1b493cf87,FINANCIAL_LOG,/api/v1/financial,201,Web · Windows,1 transactions represented
1e3948d4-b852-4f27-aa44-c844e3475b70,2026-08-24,6f168c2c-529c-4ec8-9932-90d1b493cf87,HABIT_UPDATE,/api/v1/habits,200,Mobile · Android,4/4 scheduled habits completed
bb47eaa4-4e5e-400b-a6f4-4fcc4bda4e5e,2026-08-25,6f168c2c-529c-4ec8-9932-90d1b493cf87,USER_LOGIN,/api/v1/auth/login,200,Web · Windows,Successful login
feb181c5-6404-4c08-a8df-f26b84272c6b,2026-08-25,6f168c2c-529c-4ec8-9932-90d1b493cf87,FINANCIAL_LOG,/api/v1/financial,201,Web · Windows,1 transactions represented
e1c2c741-f72d-467d-a9b1-950d9cb815ac,2026-08-25,6f168c2c-529c-4ec8-9932-90d1b493cf87,STUDY_LOG,/api/v1/study,201,Mobile · Android,1.5 study hours logged
7e0661cf-c5ee-44da-a80a-ae60d1ba7d5b,2026-08-25,6f168c2c-529c-4ec8-9932-90d1b493cf87,HABIT_UPDATE,/api/v1/habits,200,Web · Windows,3/4 scheduled habits completed
3e88f41d-0d4e-4869-ac07-dce21b49dd2b,2026-08-26,6f168c2c-529c-4ec8-9932-90d1b493cf87,USER_LOGIN,/api/v1/auth/login,200,Web · Windows,Successful login
cdcc9aaa-ee79-4909-a464-795da0754526,2026-08-26,6f168c2c-529c-4ec8-9932-90d1b493cf87,FINANCIAL_LOG,/api/v1/financial,201,Mobile · Android,2 transactions represented
908dcc65-4a1a-4c73-ad09-46eb3b16b979,2026-08-26,6f168c2c-529c-4ec8-9932-90d1b493cf87,STUDY_LOG,/api/v1/study,201,Mobile · Android,1.4 study hours logged
d0404cbd-6819-450e-a222-b88d2a9a14e7,2026-08-26,6f168c2c-529c-4ec8-9932-90d1b493cf87,HABIT_UPDATE,/api/v1/habits,200,Web · Windows,3/4 scheduled habits completed
8473fda2-106f-4dd1-ae47-0b60b8179b3f,2026-08-27,6f168c2c-529c-4ec8-9932-90d1b493cf87,USER_LOGIN,/api/v1/auth/login,200,Mobile · Android,Successful login
ae74678e-ce2e-496a-ab6b-a930c53f51ec,2026-08-27,6f168c2c-529c-4ec8-9932-90d1b493cf87,FINANCIAL_LOG,/api/v1/financial,201,Web · Windows,2 transactions represented
e32f5951-7c81-49dc-a954-ef0c4bd94924,2026-08-27,6f168c2c-529c-4ec8-9932-90d1b493cf87,STUDY_LOG,/api/v1/study,201,Web · Windows,2.5 study hours logged
9d00e11b-f39f-4141-a91b-2ded274e6fb0,2026-08-27,6f168c2c-529c-4ec8-9932-90d1b493cf87,HABIT_UPDATE,/api/v1/habits,200,Web · Windows,3/4 scheduled habits completed
37418cff-c3fd-4560-ace5-7d75f5adfebc,2026-08-28,6f168c2c-529c-4ec8-9932-90d1b493cf87,USER_LOGIN,/api/v1/auth/login,200,Web · Windows,Successful login
037b9097-6fed-4c5b-a58d-9161dbd62d49,2026-08-28,6f168c2c-529c-4ec8-9932-90d1b493cf87,STUDY_LOG,/api/v1/study,201,Web · Windows,2.2 study hours logged
02298a8d-fb52-4c25-a1e3-b07e2748d051,2026-08-28,6f168c2c-529c-4ec8-9932-90d1b493cf87,HABIT_UPDATE,/api/v1/habits,200,Web · Windows,3/4 scheduled habits completed
25022d44-28db-4a6c-addf-dd1f9b13a99e,2026-08-29,6f168c2c-529c-4ec8-9932-90d1b493cf87,USER_LOGIN,/api/v1/auth/login,200,Web · Windows,Successful login
ea73adb0-cad6-4991-aedb-2fb0f4412443,2026-08-29,6f168c2c-529c-4ec8-9932-90d1b493cf87,HABIT_UPDATE,/api/v1/habits,200,Web · Windows,4/4 scheduled habits completed
a1ed4ed2-783e-490d-a71a-2215b236f069,2026-08-30,6f168c2c-529c-4ec8-9932-90d1b493cf87,FINANCIAL_LOG,/api/v1/financial,201,Web · Windows,1 transactions represented
e315cd85-8fa3-4ce4-abb6-e27359f8e78f,2026-08-30,6f168c2c-529c-4ec8-9932-90d1b493cf87,STUDY_LOG,/api/v1/study,201,Mobile · Android,1.2 study hours logged
14a0f08f-b276-42dd-a61a-071ae053c91a,2026-08-30,6f168c2c-529c-4ec8-9932-90d1b493cf87,HABIT_UPDATE,/api/v1/habits,200,Mobile · Android,5/5 scheduled habits completed
df206375-f608-479e-a390-acc0549c32d5,2026-08-31,6f168c2c-529c-4ec8-9932-90d1b493cf87,USER_LOGIN,/api/v1/auth/login,200,Web · Windows,Successful login
7f7f0a5f-f325-45bd-a877-4dbdeb329f78,2026-08-31,6f168c2c-529c-4ec8-9932-90d1b493cf87,FINANCIAL_LOG,/api/v1/financial,201,Web · Windows,1 transactions represented
55f5188c-d11f-4c0b-ae87-9cd1155aa166,2026-08-31,6f168c2c-529c-4ec8-9932-90d1b493cf87,STUDY_LOG,/api/v1/study,201,Web · Windows,2.1 study hours logged
168e3e5c-a572-43eb-a8c5-b6c2f3e13931,2026-08-31,6f168c2c-529c-4ec8-9932-90d1b493cf87,HABIT_UPDATE,/api/v1/habits,200,Mobile · Android,3/4 scheduled habits completed
cac60111-499e-4885-aadd-b4494ed797c1,2026-09-01,6f168c2c-529c-4ec8-9932-90d1b493cf87,USER_LOGIN,/api/v1/auth/login,200,Mobile · Android,Successful login
6a7f7892-dbf3-471a-a369-6cf667ea478c,2026-09-01,6f168c2c-529c-4ec8-9932-90d1b493cf87,FINANCIAL_LOG,/api/v1/financial,201,Mobile · Android,3 transactions represented
a29e3f9c-c6c6-4aaa-ab5e-1b408f0a6259,2026-09-01,6f168c2c-529c-4ec8-9932-90d1b493cf87,STUDY_LOG,/api/v1/study,201,Web · Windows,1.6 study hours logged
f658ff7d-9b51-454a-a08f-c019aef3ce2b,2026-09-01,6f168c2c-529c-4ec8-9932-90d1b493cf87,HABIT_UPDATE,/api/v1/habits,200,Web · Windows,4/4 scheduled habits completed
c8373da4-01a8-4908-a3ae-ed1522a39fda,2026-09-02,6f168c2c-529c-4ec8-9932-90d1b493cf87,USER_LOGIN,/api/v1/auth/login,200,Web · Windows,Successful login
6c8f9f4f-1bae-4fba-a57f-8dab8c76bc00,2026-09-02,6f168c2c-529c-4ec8-9932-90d1b493cf87,FINANCIAL_LOG,/api/v1/financial,201,Web · Windows,4 transactions represented
4b2516bd-deb9-449e-a261-07bceec6dd34,2026-09-02,6f168c2c-529c-4ec8-9932-90d1b493cf87,STUDY_LOG,/api/v1/study,201,Web · Windows,2.9 study hours logged
0f0c0640-69a4-43e4-a320-568815b725de,2026-09-02,6f168c2c-529c-4ec8-9932-90d1b493cf87,HABIT_UPDATE,/api/v1/habits,200,Web · Windows,4/4 scheduled habits completed
e9fe1d78-5c7a-46c8-a25b-79c0d94ce92d,2026-09-03,6f168c2c-529c-4ec8-9932-90d1b493cf87,USER_LOGIN,/api/v1/auth/login,200,Web · Windows,Successful login
a028c8bc-3f66-4a81-a719-63b3ff48f04b,2026-09-03,6f168c2c-529c-4ec8-9932-90d1b493cf87,FINANCIAL_LOG,/api/v1/financial,201,Web · Windows,1 transactions represented
7106ccf2-3359-4b60-a64f-6c0b090c9011,2026-09-03,6f168c2c-529c-4ec8-9932-90d1b493cf87,STUDY_LOG,/api/v1/study,201,Mobile · Android,2.8 study hours logged
5309ca92-95c3-4a87-a89a-1d899b35ad6f,2026-09-03,6f168c2c-529c-4ec8-9932-90d1b493cf87,HABIT_UPDATE,/api/v1/habits,200,Web · Windows,3/4 scheduled habits completed
5ebda48b-3c8c-4d1b-a053-8b8757324148,2026-09-04,6f168c2c-529c-4ec8-9932-90d1b493cf87,USER_LOGIN,/api/v1/auth/login,200,Web · Windows,Successful login
a2a60355-b621-45fb-aa0c-450cbc14e206,2026-09-04,6f168c2c-529c-4ec8-9932-90d1b493cf87,FINANCIAL_LOG,/api/v1/financial,201,Web · Windows,2 transactions represented
657b114d-a19f-4093-a13d-d5123a1c5a19,2026-09-04,6f168c2c-529c-4ec8-9932-90d1b493cf87,STUDY_LOG,/api/v1/study,201,Web · Windows,2.6 study hours logged
9fcba05e-4152-4923-a105-12c1704bcd30,2026-09-04,6f168c2c-529c-4ec8-9932-90d1b493cf87,HABIT_UPDATE,/api/v1/habits,200,Web · Windows,3/4 scheduled habits completed
6b57ae31-539e-43b9-ac2f-b1f3c4089dee,2026-09-05,6f168c2c-529c-4ec8-9932-90d1b493cf87,USER_LOGIN,/api/v1/auth/login,200,Mobile · Android,Successful login
9ffbd4bb-e2da-4a29-a625-bdba63790b65,2026-09-05,6f168c2c-529c-4ec8-9932-90d1b493cf87,FINANCIAL_LOG,/api/v1/financial,201,Web · Windows,4 transactions represented
f8029f77-b08d-42a9-a77e-23b1ac481579,2026-09-05,6f168c2c-529c-4ec8-9932-90d1b493cf87,HABIT_UPDATE,/api/v1/habits,200,Web · Windows,2/4 scheduled habits completed