date,day_of_week,week_start,month,is_weekend,user_id,income_inr,total_expenses_inr,essential_expenses_inr,discretionary_expenses_inr,housing_inr,food_inr,transport_inr,utilities_inr,debt_payment_inr,education_inr,healthcare_inr,dining_inr,shopping_inr,entertainment_inr,subscriptions_inr,net_cash_flow_inr,daily_budget_inr,budget_variance_inr,cash_balance_inr,debt_balance_inr,study_subject,study_hours,focus_rating,focus_score,tasks_planned,tasks_completed,study_tool,learning_risk_score,exercise_scheduled,exercise_completed,exercise_minutes,exercise_streak,reading_scheduled,reading_completed,reading_minutes,reading_streak,meditation_scheduled,meditation_completed,meditation_minutes,meditation_streak,sleep_before_11_scheduled,sleep_before_11_completed,sleep_before_11_streak,budget_review_scheduled,budget_review_completed,budget_review_streak,meal_prep_scheduled,meal_prep_completed,meal_prep_streak,habit_completion_rate,average_habit_streak,sleep_hours,steps,water_liters,mood_score,stress_score,screen_time_hours,savings_goal_progress,study_goal_progress,exercise_goal_progress,reading_goal_progress,debt_goal_progress,sleep_goal_progress,overall_goal_progress_score,financial_risk_score,academic_risk_score,behavioral_risk_score,overall_risk_score,compliance_score,risk_level,active_alerts,productivity_score
2025-09-06,Saturday,2025-09-01,2025-09,true,6f168c2c-529c-4ec8-9932-90d1b493cf87,0,765,765,0,0,765,0,0,0,0,0,0,0,0,0,-765,2600,-1835,119235,180000,,0,,,0,0,,62,true,false,0,0,true,true,32,1,true,false,0,0,true,false,0,false,false,0,false,false,0,0.25,0.2,7.5,6116,1.6,3.6,2.8,6.2,0,0,0,1.28,0,1.0417,33,65,62,47,59,64,HIGH,1,38
2025-09-07,Sunday,2025-09-01,2025-09,true,6f168c2c-529c-4ec8-9932-90d1b493cf87,0,1757,899,858,0,0,0,899,0,0,0,858,0,0,0,-1757,2600,-843,117478,180000,Data Analytics,2.2,4,79,2,2,Video and notes,21,false,false,0,0,true,false,0,0,true,true,10,1,true,false,0,true,true,1,true,true,1,0.6,0.5,7.8,4740,2,4,2.2,6.2,0,0.1571,0,0,0,1.0833,19,65,21,26,41,78,MEDIUM,0,79
2025-09-08,Monday,2025-09-08,2025-09,false,6f168c2c-529c-4ec8-9932-90d1b493cf87,0,1916,1117,799,0,719,398,0,0,0,0,0,0,0,799,-1916,2100,-184,115562,180000,,0,,,0,0,,62,true,false,0,0,true,true,42,1,true,true,17,2,true,false,0,false,false,1,false,false,1,0.5,0.8,7.3,6045,1.8,4.3,1.9,5.7,0,0,0,1.5,0,1.0139,33,65,62,31,55,68,MEDIUM,0,45
2025-09-09,Tuesday,2025-09-08,2025-09,false,6f168c2c-529c-4ec8-9932-90d1b493cf87,0,1776,1776,0,0,0,0,0,0,1776,0,0,0,0,0,-1776,2100,-324,113786,180000,Data Analytics,1,4,79,3,3,Practice problems,29,true,true,29,1,true,true,43,2,true,true,16,3,true,true,1,false,false,1,false,false,1,1,1.5,7.3,10599,2.3,3.8,2.7,6.3,0,0.0714,0.2,1.5,0,1.0139,38,65,29,3,37,84,LOW,0,91
2025-09-10,Wednesday,2025-09-08,2025-09,false,6f168c2c-529c-4ec8-9932-90d1b493cf87,0,8000,8000,0,0,0,0,0,8000,0,0,0,0,0,0,-8000,2100,5900,105786,172000,Database Systems,2.1,4,80,3,3,Video and notes,20,false,false,0,1,true,false,0,0,true,true,16,4,true,true,2,false,false,1,true,true,2,0.75,1.7,7.1,4275,1.9,4.2,2.8,4.9,0,0.2214,0.2,0,0.0833,0.9861,25,75,20,16,42,79,MEDIUM,0,84
2025-09-11,Thursday,2025-09-08,2025-09,false,6f168c2c-529c-4ec8-9932-90d1b493cf87,0,102,102,0,0,0,102,0,0,0,0,0,0,0,0,-102,2100,-1998,105684,172000,Data Structures,3.1,3,64,2,2,Video and notes,36,true,false,0,0,true,true,35,1,true,true,13,5,true,false,0,false,false,1,false,false,2,0.5,1.5,6.6,6179,1.9,3.9,2.7,6.2,0,0.4429,0.2,1.4,0.0833,0.9167,44,65,36,32,47,73,MEDIUM,0,69
2025-09-12,Friday,2025-09-08,2025-09,false,6f168c2c-529c-4ec8-9932-90d1b493cf87,0,515,0,515,0,0,0,0,0,0,0,515,0,0,0,-515,2100,-1585,105169,172000,,0,,,0,0,,62,true,false,0,0,true,true,35,2,true,true,9,6,true,false,0,false,false,1,false,false,2,0.5,1.8,7.6,4983,2.1,3.6,2.1,6.2,0,0.4429,0.2,1.4,0.0833,1.0556,45,65,62,32,55,68,MEDIUM,0,45
2025-09-13,Saturday,2025-09-08,2025-09,true,6f168c2c-529c-4ec8-9932-90d1b493cf87,0,1819,581,1238,0,581,0,0,0,0,0,1238,0,0,0,-1819,2600,-781,103350,172000,,0,,,0,0,,62,true,true,47,1,true,true,23,3,true,true,18,7,true,false,0,false,false,1,false,false,2,0.75,2.3,7.7,8012,2,4.5,1.9,6.1,0,0.4429,0.4,0.92,0.0833,1.0694,47,65,62,16,50,74,MEDIUM,0,53
2025-09-14,Sunday,2025-09-08,2025-09,true,6f168c2c-529c-4ec8-9932-90d1b493cf87,0,918,351,567,0,351,0,0,0,0,0,0,0,567,0,-918,2600,-1682,102432,172000,Database Systems,2.5,3,63,5,4,Video and notes,37,false,false,0,1,true,true,44,4,true,false,0,0,true,true,1,true,true,2,true,false,0,0.6,1.3,7.1,6653,1.6,3.7,2.7,7,0,0.6214,0.4,1.5,0.0833,0.9861,52,65,37,29,47,74,MEDIUM,0,66
2025-09-15,Monday,2025-09-15,2025-09,false,6f168c2c-529c-4ec8-9932-90d1b493cf87,0,873,873,0,0,673,200,0,0,0,0,0,0,0,0,-873,2100,-1227,101559,172000,Data Analytics,2.7,3,67,3,2,Flashcards,33,true,true,38,2,true,true,44,5,true,true,12,1,true,true,2,false,false,2,false,false,0,1,2,6.7,11334,2.1,4.3,2,6,0,0.1929,0.2,1.5,0.0833,0.9306,40,65,33,3,38,83,MEDIUM,0,77
2025-09-16,Tuesday,2025-09-15,2025-09,false,6f168c2c-529c-4ec8-9932-90d1b493cf87,0,931,931,0,0,683,248,0,0,0,0,0,0,0,0,-931,2100,-1169,100628,172000,Database Systems,2.9,3,68,3,2,Practice problems,32,true,true,46,3,true,true,29,6,true,true,16,2,true,true,3,false,false,2,false,false,0,1,2.7,7.5,9140,1.9,4.2,2.4,6.2,0,0.4,0.4,1.16,0.0833,1.0417,48,65,32,3,38,83,MEDIUM,0,77
2025-09-17,Wednesday,2025-09-15,2025-09,false,6f168c2c-529c-4ec8-9932-90d1b493cf87,0,310,310,0,0,0,310,0,0,0,0,0,0,0,0,-310,2100,-1790,100318,172000,,0,,,0,0,,62,false,false,0,3,true,true,31,7,true,true,13,3,true,true,4,false,false,2,true,true,1,1,3.3,6.8,5016,2.2,3.9,2.3,5.3,0,0.4,0.4,1.24,0.0833,0.9444,47,65,62,3,47,77,MEDIUM,0,60
2025-09-18,Thursday,2025-09-15,2025-09,false,6f168c2c-529c-4ec8-9932-90d1b493cf87,6409,1426,125,1301,0,0,125,0,0,0,0,1301,0,0,0,4983,2100,-674,105301,172000,,0,,,0,0,,62,true,true,37,4,true,true,34,8,true,true,15,4,true,false,0,false,false,2,false,false,1,0.75,3.2,6.6,9460,2.1,4,2.4,5.3,0,0.4,0.6,1.36,0.0833,0.9167,50,95,62,16,63,65,HIGH,0,53
2025-09-19,Friday,2025-09-15,2025-09,false,6f168c2c-529c-4ec8-9932-90d1b493cf87,0,396,396,0,0,0,396,0,0,0,0,0,0,0,0,-396,2100,-1704,104905,172000,Mathematics,2.8,3,63,2,2,Practice problems,37,true,false,0,0,true,true,41,9,true,false,0,0,true,true,1,false,false,2,false,false,1,0.5,2.2,6.6,5818,1.7,4,3.1,6.3,0,0.6,0.6,1.5,0.0833,0.9167,53,95,37,33,60,65,HIGH,0,68
2025-09-20,Saturday,2025-09-15,2025-09,true,6f168c2c-529c-4ec8-9932-90d1b493cf87,0,1449,0,1449,0,0,0,0,0,0,0,1449,0,0,0,-1449,2600,-1151,103456,172000,,0,,,0,0,,62,true,true,35,1,true,true,34,10,true,true,10,1,true,true,2,false,false,2,false,false,1,1,2.8,7.9,10465,1.8,3.4,2.6,7,0,0.6,0.8,1.36,0.0833,1.0972,58,95,62,4,60,69,HIGH,0,60
2025-09-21,Sunday,2025-09-15,2025-09,true,6f168c2c-529c-4ec8-9932-90d1b493cf87,0,1758,0,1758,0,0,0,0,0,0,0,0,0,1758,0,-1758,2600,-842,101698,172000,Database Systems,1.5,3,60,4,3,Practice problems,44,false,false,0,1,true,false,0,0,true,true,13,2,true,false,0,true,true,3,true,true,2,0.6,1.3,7.1,4456,1.6,3.9,2.8,6.2,0,0.7071,0.8,0,0.0833,0.9861,43,95,44,26,60,66,HIGH,0,64
2025-09-22,Monday,2025-09-22,2025-09,false,6f168c2c-529c-4ec8-9932-90d1b493cf87,0,588,588,0,0,326,262,0,0,0,0,0,0,0,0,-588,2100,-1512,101110,172000,,0,,,0,0,,62,true,true,42,2,true,true,23,1,true,true,18,3,true,false,0,false,false,3,false,false,2,0.75,1.8,7.6,11489,1.7,3.2,3,5.7,0,0,0.2,0.92,0.0833,1.0556,37,95,62,16,63,65,HIGH,0,53
2025-09-23,Tuesday,2025-09-22,2025-09,false,6f168c2c-529c-4ec8-9932-90d1b493cf87,0,221,221,0,0,0,221,0,0,0,0,0,0,0,0,-221,2100,-1879,100889,172000,System Design,2.7,3,65,4,3,Video and notes,35,true,true,32,3,true,false,0,0,true,true,11,4,true,true,1,false,false,3,false,false,2,0.75,2.2,7.4,9977,1.6,3.4,2.2,5.9,0,0.1929,0.4,0,0.0833,1.0278,28,95,35,16,55,70,MEDIUM,0,71
2025-09-24,Wednesday,2025-09-22,2025-09,false,6f168c2c-529c-4ec8-9932-90d1b493cf87,0,375,375,0,0,0,375,0,0,0,0,0,0,0,0,-375,2100,-1725,100514,172000,Data Structures,1.5,4,81,3,3,Video and notes,23,false,false,0,3,true,true,37,1,true,true,16,5,true,true,2,false,false,3,true,true,3,1,2.8,7.2,5029,2.1,3.9,2.7,5.2,0,0.3,0.4,1.48,0.0833,1,46,95,23,3,48,77,MEDIUM,0,91
2025-09-25,Thursday,2025-09-22,2025-09,false,6f168c2c-529c-4ec8-9932-90d1b493cf87,0,199,199,0,0,0,199,0,0,0,0,0,0,0,0,-199,2100,-1901,100315,172000,Mathematics,1.6,4,77,3,3,Practice problems,26,true,true,30,4,true,true,35,2,true,false,0,0,true,false,0,false,false,3,false,false,3,0.5,2,7.7,10693,1.9,3.6,2.3,4.8,0,0.4143,0.6,1.4,0.0833,1.0694,52,95,26,31,56,68,MEDIUM,0,75
2025-09-26,Friday,2025-09-22,2025-09,false,6f168c2c-529c-4ec8-9932-90d1b493cf87,0,202,202,0,0,0,202,0,0,0,0,0,0,0,0,-202,2100,-1898,100113,172000,Data Analytics,1,3,60,4,3,Flashcards,48,true,false,0,0,true,true,35,3,true,true,18,1,true,true,1,false,false,3,false,false,3,0.75,1.8,7.1,4634,2,3.4,2.2,5.6,0,0.4857,0.6,1.4,0.0833,0.9861,53,95,48,16,59,68,HIGH,0,68
2025-09-27,Saturday,2025-09-22,2025-09,true,6f168c2c-529c-4ec8-9932-90d1b493cf87,0,657,657,0,0,657,0,0,0,0,0,0,0,0,0,-657,2600,-1943,99456,172000,,0,,,0,0,,62,true,true,27,1,true,false,0,0,true,true,18,2,true,true,2,false,false,3,false,false,3,0.75,1.8,7.1,10728,2,3.3,2.7,6.7,0,0.4857,0.8,0,0.0833,0.9861,39,95,62,18,64,64,HIGH,0,53
2025-09-28,Sunday,2025-09-22,2025-09,true,6f168c2c-529c-4ec8-9932-90d1b493cf87,0,365,0,365,0,0,0,0,0,0,0,365,0,0,0,-365,2600,-2235,99091,172000,Communication Skills,1.2,4,76,6,5,Practice problems,30,false,false,0,1,true,true,38,1,true,true,17,3,true,false,0,true,true,4,true,false,0,0.6,1.5,7,5216,1.8,3.1,2.8,5.7,0,0.5714,0.8,1.5,0.0833,0.9722,57,95,30,25,56,68,MEDIUM,0,73
2025-09-29,Monday,2025-09-29,2025-09,false,6f168c2c-529c-4ec8-9932-90d1b493cf87,0,1206,1206,0,0,1088,118,0,0,0,0,0,0,0,0,-1206,2100,-894,97885,172000,,0,,,0,0,,62,true,true,28,2,true,false,0,0,true,false,0,0,true,true,1,false,false,4,false,false,0,0.5,1.2,6.8,10380,2.1,3,3.1,5.5,0,0,0.2,0,0.0833,0.9444,20,95,62,32,67,60,HIGH,0,45
2025-09-30,Tuesday,2025-09-29,2025-09,false,6f168c2c-529c-4ec8-9932-90d1b493cf87,0,912,912,0,0,804,108,0,0,0,0,0,0,0,0,-912,2100,-1188,96973,172000,,0,,,0,0,,62,true,true,50,3,true,true,32,1,true,true,11,1,true,true,2,false,false,4,false,false,0,1,1.8,7.5,9069,1.7,3.5,2.8,5.8,0,0,0.4,1.28,0.0833,1.0417,41,95,62,3,59,70,HIGH,0,60
2025-10-01,Wednesday,2025-09-29,2025-10,false,6f168c2c-529c-4ec8-9932-90d1b493cf87,85000,1489,1489,0,0,252,150,0,0,0,1087,0,0,0,0,83511,2100,-611,180484,172000,Data Analytics,2.4,4,79,4,4,Flashcards,21,false,false,0,3,true,true,35,2,true,true,9,2,true,false,0,false,false,4,true,false,0,0.5,1.8,7.3,7114,1.6,3.6,3.2,5.7,1.5,0.1714,0.4,1.4,0.0833,1.0139,61,21,21,33,24,88,LOW,0,76
2025-10-02,Thursday,2025-09-29,2025-10,false,6f168c2c-529c-4ec8-9932-90d1b493cf87,0,23186,23186,0,22000,997,189,0,0,0,0,0,0,0,0,-23186,2100,21086,157298,172000,Database Systems,1.2,4,78,3,3,Flashcards,28,true,true,46,4,true,true,27,3,true,true,16,3,true,false,0,false,false,4,false,false,0,0.75,2.3,7.1,10216,1.9,3.9,2.7,6.4,1.5,0.2571,0.6,1.08,0.0833,0.9861,65,43,28,17,31,86,LOW,1,83
2025-10-03,Friday,2025-09-29,2025-10,false,6f168c2c-529c-4ec8-9932-90d1b493cf87,0,1729,1172,557,0,771,401,0,0,0,0,557,0,0,0,-1729,2100,-371,155569,172000,,0,,,0,0,,62,true,true,54,5,true,false,0,0,true,false,0,0,true,true,1,false,false,4,false,false,0,0.5,1.7,7.3,9011,1.7,4.3,2.4,5.1,1.5,0.2571,0.8,0,0.0833,1.0139,52,34,62,31,42,77,MEDIUM,0,45
2025-10-04,Saturday,2025-09-29,2025-10,true,6f168c2c-529c-4ec8-9932-90d1b493cf87,0,528,0,528,0,0,0,0,0,0,0,528,0,0,0,-528,2600,-2072,155041,172000,,0,,,0,0,,62,true,true,51,6,true,false,0,0,true,true,17,1,true,false,0,false,false,4,false,false,0,0.5,1.8,7.5,8571,1.8,3.4,2.9,6,1.5,0.2571,1,0,0.0833,1.0417,56,34,62,31,42,77,MEDIUM,0,45
2025-10-05,Sunday,2025-09-29,2025-10,true,6f168c2c-529c-4ec8-9932-90d1b493cf87,0,2943,2943,0,0,0,0,2943,0,0,0,0,0,0,0,-2943,2600,343,152098,172000,,0,,,0,0,,62,false,false,0,6,true,true,38,1,true,true,13,2,true,false,0,true,true,5,true,true,1,0.8,2.5,7.1,7035,1.9,3.4,3.2,5.9,1.5,0.2571,1,1.5,0.0833,0.9861,72,36,62,14,38,82,MEDIUM,0,54
2025-10-06,Monday,2025-10-06,2025-10,false,6f168c2c-529c-4ec8-9932-90d1b493cf87,0,0,0,0,0,0,0,0,0,0,0,0,0,0,0,0,2100,-2100,152098,172000,Mathematics,1.5,5,96,4,4,Flashcards,8,true,false,0,0,true,true,43,2,true,true,16,3,true,true,1,false,false,5,false,false,1,0.75,2,7.5,4975,1.8,3.7,2.3,4.9,1.5,0.1071,0,1.5,0.0833,1.0417,53,36,8,16,22,92,LOW,0,91
2025-10-07,Tuesday,2025-10-06,2025-10,false,6f168c2c-529c-4ec8-9932-90d1b493cf87,0,1541,1541,0,0,465,177,899,0,0,0,0,0,0,0,-1541,2100,-559,150557,172000,Mathematics,1.5,5,94,6,6,Video and notes,10,true,true,38,1,true,false,0,0,true,false,0,0,true,true,2,false,false,5,false,false,1,0.5,1.5,7.3,9479,1.7,3.8,2.6,5.1,1.5,0.2143,0.2,0,0.0833,1.0139,42,37,10,31,27,86,LOW,0,82
2025-10-08,Wednesday,2025-10-06,2025-10,false,6f168c2c-529c-4ec8-9932-90d1b493cf87,0,1896,1097,799,0,709,388,0,0,0,0,0,0,0,799,-1896,2100,-204,148661,172000,Mathematics,2.5,4,82,2,2,Practice problems,18,false,false,0,1,true,false,0,0,true,true,16,1,true,true,3,false,false,5,true,true,2,0.75,2,7.5,4866,1.7,4.3,2.2,5.6,1.5,0.3929,0.2,0,0.0833,1.0417,45,38,18,16,26,89,LOW,0,84
2025-10-09,Thursday,2025-10-06,2025-10,false,6f168c2c-529c-4ec8-9932-90d1b493cf87,0,983,983,0,0,765,218,0,0,0,0,0,0,0,0,-983,2100,-1117,147678,172000,Communication Skills,1.3,3,61,2,2,Video and notes,45,true,true,46,2,true,true,28,1,true,true,9,2,true,false,0,false,false,5,false,false,2,0.75,2,7.1,8839,1.9,3.3,3.1,5,1.5,0.4857,0.4,1.12,0.0833,0.9861,66,38,45,16,34,84,LOW,0,75
2025-10-10,Friday,2025-10-06,2025-10,false,6f168c2c-529c-4ec8-9932-90d1b493cf87,0,8000,8000,0,0,0,0,0,8000,0,0,0,0,0,0,-8000,2100,5900,139678,164000,Data Structures,3,4,81,6,5,Flashcards,19,true,false,0,0,true,true,42,2,true,false,0,0,true,true,1,false,false,5,false,false,2,0.5,1.7,6.7,7126,1.6,3.3,2.6,5.2,1.5,0.7,0.4,1.5,0.1667,0.9306,70,52,19,31,36,81,LOW,0,72
2025-10-11,Saturday,2025-10-06,2025-10,true,6f168c2c-529c-4ec8-9932-90d1b493cf87,0,0,0,0,0,0,0,0,0,0,0,0,0,0,0,0,2600,-2600,139678,164000,,0,,,0,0,,62,true,false,0,0,true,false,0,0,true,false,0,0,true,false,0,false,false,5,false,false,2,0,1.2,7.6,5271,1.8,4.5,2.1,7.1,1.5,0.7,0.4,0,0.1667,1.0556,54,42,62,66,55,64,MEDIUM,1,30
2025-10-12,Sunday,2025-10-06,2025-10,true,6f168c2c-529c-4ec8-9932-90d1b493cf87,0,1041,1041,0,0,1041,0,0,0,0,0,0,0,0,0,-1041,2600,-1559,138637,164000,Mathematics,2.6,4,82,6,5,Video and notes,18,false,false,0,0,true,true,34,1,true,true,9,1,true,true,1,true,true,6,true,false,0,0.8,1.5,7.7,5231,1.9,4,2.9,7.2,1.5,0.8857,0.4,1.36,0.1667,1.0694,74,43,18,17,28,88,LOW,0,82
2025-10-13,Monday,2025-10-13,2025-10,false,6f168c2c-529c-4ec8-9932-90d1b493cf87,0,244,244,0,0,0,244,0,0,0,0,0,0,0,0,-244,2100,-1856,138393,164000,Mathematics,1.9,4,78,6,5,Video and notes,23,true,false,0,0,true,true,42,2,true,false,0,0,true,true,2,false,false,6,false,false,0,0.5,1.7,7.5,4895,2.1,3.6,3,6.3,1.5,0.1357,0,1.5,0.1667,1.0417,55,43,23,32,34,82,LOW,0,71
2025-10-14,Tuesday,2025-10-13,2025-10,false,6f168c2c-529c-4ec8-9932-90d1b493cf87,0,158,158,0,0,0,158,0,0,0,0,0,0,0,0,-158,2100,-1942,138235,164000,,0,,,0,0,,62,true,true,27,1,true,true,41,3,true,true,17,1,true,true,3,false,false,6,false,false,0,1,2.3,7.5,10440,2.2,3.7,2,5.8,1.5,0.1357,0.2,1.5,0.1667,1.0417,58,43,62,3,38,83,MEDIUM,0,60
2025-10-15,Wednesday,2025-10-13,2025-10,false,6f168c2c-529c-4ec8-9932-90d1b493cf87,0,1180,1180,0,0,1180,0,0,0,0,0,0,0,0,0,-1180,2100,-920,137055,164000,,0,,,0,0,,62,false,false,0,1,true,true,37,4,true,true,14,2,true,true,4,false,false,6,true,true,1,1,3,6.7,3876,2.1,3.9,2.5,5.4,1.5,0.1357,0.2,1.48,0.1667,0.9306,57,44,62,3,38,83,MEDIUM,0,60
2025-10-16,Thursday,2025-10-13,2025-10,false,6f168c2c-529c-4ec8-9932-90d1b493cf87,0,375,375,0,0,0,375,0,0,0,0,0,0,0,0,-375,2100,-1725,136680,164000,,0,,,0,0,,62,true,false,0,0,true,false,0,0,true,true,14,3,true,true,5,false,false,6,false,false,1,0.5,2.5,7.1,4055,1.9,3.1,2.8,5.7,1.5,0.1357,0.2,0,0.1667,0.9861,41,44,62,31,46,74,MEDIUM,0,45
2025-10-17,Friday,2025-10-13,2025-10,false,6f168c2c-529c-4ec8-9932-90d1b493cf87,0,1406,1406,0,0,1101,305,0,0,0,0,0,0,0,0,-1406,2100,-694,135274,164000,,0,,,0,0,,62,true,true,49,1,true,true,45,1,true,false,0,0,true,true,6,false,false,6,false,false,1,0.75,2.5,6.6,10694,2.1,3.7,2.6,5.8,1.5,0.1357,0.4,1.5,0.1667,0.9167,60,45,62,16,42,79,MEDIUM,0,53
2025-10-18,Saturday,2025-10-13,2025-10,true,6f168c2c-529c-4ec8-9932-90d1b493cf87,0,518,0,518,0,0,0,0,0,0,0,0,0,518,0,-518,2600,-2082,134756,164000,,0,,,0,0,,62,true,true,41,2,true,true,37,2,true,false,0,0,true,true,7,false,false,6,false,false,1,0.75,3,7.4,8997,2.2,3.3,2.5,6.5,1.5,0.1357,0.6,1.48,0.1667,1.0278,65,45,62,18,43,78,MEDIUM,0,53
2025-10-19,Sunday,2025-10-13,2025-10,true,6f168c2c-529c-4ec8-9932-90d1b493cf87,0,1316,768,548,0,768,0,0,0,0,0,0,0,548,0,-1316,2600,-1284,133440,164000,Data Analytics,2.4,3,65,6,5,Video and notes,35,false,false,0,2,true,true,40,3,true,false,0,0,true,true,8,true,true,7,true,true,2,0.8,3.7,7.7,4409,2.1,4.2,2.8,7,1.5,0.3071,0.6,1.5,0.1667,1.0694,68,46,35,16,34,84,LOW,0,74
2025-10-20,Monday,2025-10-20,2025-10,false,6f168c2c-529c-4ec8-9932-90d1b493cf87,0,1119,0,1119,0,0,0,0,0,0,0,1119,0,0,0,-1119,2100,-981,132321,164000,,0,,,0,0,,62,true,false,0,0,true,true,37,4,true,true,9,1,true,false,0,false,false,7,false,false,2,0.5,2.3,7.5,7242,1.6,4.4,1.9,6.2,1.5,0,0,1.48,0.1667,1.0417,53,46,62,32,47,73,MEDIUM,0,45
2025-10-21,Tuesday,2025-10-20,2025-10,false,6f168c2c-529c-4ec8-9932-90d1b493cf87,0,1163,1163,0,0,933,230,0,0,0,0,0,0,0,0,-1163,2100,-937,131158,164000,Communication Skills,1,4,77,4,4,Video and notes,31,true,true,51,1,true,false,0,0,true,true,16,2,true,true,1,false,false,7,false,false,2,0.75,2.2,6.8,9792,2,3.2,2.4,5.7,1.5,0.0714,0.2,0,0.1667,0.9444,40,47,31,16,34,84,LOW,0,82
2025-10-22,Wednesday,2025-10-20,2025-10,false,6f168c2c-529c-4ec8-9932-90d1b493cf87,0,303,303,0,0,0,303,0,0,0,0,0,0,0,0,-303,2100,-1797,130855,164000,Database Systems,1.8,3,64,3,2,Flashcards,38,false,false,0,1,true,true,45,1,true,true,12,3,true,true,2,false,false,7,true,true,3,1,2.8,7.6,5181,1.7,3.5,2.4,6.2,1.5,0.2,0.2,1.5,0.1667,1.0556,59,47,38,3,32,87,LOW,0,75
2025-10-23,Thursday,2025-10-20,2025-10,false,6f168c2c-529c-4ec8-9932-90d1b493cf87,0,1629,1629,0,0,1225,404,0,0,0,0,0,0,0,0,-1629,2100,-471,129226,164000,System Design,2.3,4,83,4,4,Video and notes,17,true,true,28,2,true,true,27,2,true,true,18,4,true,true,3,false,false,7,false,false,3,1,3.5,7.6,8641,2.2,4.1,2.4,5.7,1.5,0.3643,0.4,1.08,0.1667,1.0556,66,48,17,3,26,91,LOW,0,92
2025-10-24,Friday,2025-10-20,2025-10,false,6f168c2c-529c-4ec8-9932-90d1b493cf87,0,927,927,0,0,733,194,0,0,0,0,0,0,0,0,-927,2100,-1173,128299,164000,,0,,,0,0,,62,true,true,48,3,true,true,28,3,true,false,0,0,true,false,0,false,false,7,false,false,3,0.5,2.7,6.6,9053,1.6,3.8,2.7,4.9,1.5,0.3643,0.6,1.12,0.1667,0.9167,67,48,62,31,47,73,MEDIUM,0,45
2025-10-25,Saturday,2025-10-20,2025-10,true,6f168c2c-529c-4ec8-9932-90d1b493cf87,0,711,0,711,0,0,0,0,0,0,0,711,0,0,0,-711,2600,-1889,127588,164000,,0,,,0,0,,62,true,true,38,4,true,true,32,4,true,false,0,0,true,true,1,false,false,7,false,false,3,0.75,3.2,8.1,8568,2.1,3.8,2.7,6.4,1.5,0.3643,0.8,1.28,0.1667,1.125,72,49,62,17,44,77,MEDIUM,0,53
2025-10-26,Sunday,2025-10-20,2025-10,true,6f168c2c-529c-4ec8-9932-90d1b493cf87,0,931,0,931,0,0,0,0,0,0,0,931,0,0,0,-931,2600,-1669,126657,164000,Mathematics,1.9,5,97,2,2,Video and notes,5,false,false,0,4,true,true,25,5,true,false,0,0,true,true,2,true,true,8,true,true,4,0.8,3.8,8,5055,1.8,4.3,2.5,6.6,1.5,0.5,0.8,1,0.1667,1.1111,74,49,5,15,26,90,LOW,0,93
2025-10-27,Monday,2025-10-27,2025-10,false,6f168c2c-529c-4ec8-9932-90d1b493cf87,0,335,335,0,0,0,335,0,0,0,0,0,0,0,0,-335,2100,-1765,126322,164000,Data Analytics,1.7,3,62,6,5,Video and notes,40,true,true,40,5,true,false,0,0,true,true,17,1,true,true,3,false,false,8,false,false,4,0.75,3.5,6.6,11481,2.1,3.7,2.7,6.4,1.5,0.1214,0.2,0,0.1667,0.9167,40,49,40,17,37,82,LOW,0,71
2025-10-28,Tuesday,2025-10-27,2025-10,false,6f168c2c-529c-4ec8-9932-90d1b493cf87,0,631,631,0,0,264,367,0,0,0,0,0,0,0,0,-631,2100,-1469,125691,164000,Communication Skills,2.7,4,78,2,2,Practice problems,22,true,false,0,0,true,true,23,1,true,false,0,0,true,false,0,false,false,8,false,false,4,0.25,2.2,6.5,6407,1.8,3.6,1.9,6,1.5,0.3143,0.2,0.92,0.1667,0.9028,58,50,22,47,41,75,MEDIUM,1,68
2025-10-29,Wednesday,2025-10-27,2025-10,false,6f168c2c-529c-4ec8-9932-90d1b493cf87,0,851,851,0,0,549,302,0,0,0,0,0,0,0,0,-851,2100,-1249,124840,164000,Data Structures,2.1,5,95,3,3,Flashcards,5,false,false,0,0,true,true,23,2,true,false,0,0,true,false,0,false,false,8,true,true,5,0.5,2.5,7.7,4562,1.8,4.4,2.1,5.8,1.5,0.4643,0.2,0.92,0.1667,1.0694,63,50,5,31,31,84,LOW,0,83
2025-10-30,Thursday,2025-10-27,2025-10,false,6f168c2c-529c-4ec8-9932-90d1b493cf87,0,2950,1397,1553,0,1138,259,0,0,0,0,0,1553,0,0,-2950,2100,850,121890,164000,,0,,,0,0,,62,true,false,0,0,true,true,32,3,true,false,0,0,true,true,1,false,false,8,false,false,5,0.5,2.8,7.1,6701,2.1,4,2.7,6.4,1.3843,0.4643,0.2,1.28,0.1667,0.9861,64,52,62,33,50,72,MEDIUM,0,45
2025-10-31,Friday,2025-10-27,2025-10,false,6f168c2c-529c-4ec8-9932-90d1b493cf87,0,136,136,0,0,0,136,0,0,0,0,0,0,0,0,-136,2100,-1964,121754,164000,Data Analytics,2,3,65,4,3,Video and notes,35,true,true,41,1,true,true,26,4,true,true,17,1,true,true,2,false,false,8,false,false,5,1,3.5,7.3,10538,2.2,4,1.9,5,1.3767,0.6071,0.4,1.04,0.1667,1.0139,70,52,35,3,33,87,LOW,0,78
2025-11-01,Saturday,2025-10-27,2025-11,true,6f168c2c-529c-4ec8-9932-90d1b493cf87,85000,696,696,0,0,696,0,0,0,0,0,0,0,0,0,84304,2600,-1904,206058,164000,,0,,,0,0,,62,true,false,0,0,true,true,27,5,true,true,10,2,true,true,3,false,false,8,false,false,5,0.75,3.8,7.1,6460,2,3.9,1.8,5.6,1.5,0.6071,0.4,1.08,0.1667,0.9861,69,20,62,16,31,86,LOW,0,53
2025-11-02,Sunday,2025-10-27,2025-11,true,6f168c2c-529c-4ec8-9932-90d1b493cf87,0,22438,22438,0,22000,438,0,0,0,0,0,0,0,0,0,-22438,2600,19838,183620,164000,Database Systems,3.1,3,64,2,2,Video and notes,36,false,false,0,0,true,false,0,0,true,false,0,0,true,false,0,true,true,9,true,true,6,0.4,2.5,7.4,4604,2.1,3.8,1.7,6.9,1.5,0.8286,0.4,0,0.1667,1.0278,57,42,36,41,40,77,MEDIUM,2,66
2025-11-03,Monday,2025-11-03,2025-11,false,6f168c2c-529c-4ec8-9932-90d1b493cf87,0,2900,1694,1206,0,0,357,0,0,0,1337,1206,0,0,0,-2900,2100,800,180720,164000,Database Systems,2,5,97,5,5,Video and notes,5,true,true,36,1,true,true,34,1,true,true,12,1,true,false,0,false,false,9,false,false,6,0.75,3,6.8,8079,2,3.7,1.7,5.1,1.5,0.1429,0.2,1.36,0.1667,0.9444,58,34,5,16,20,93,LOW,0,91
2025-11-04,Tuesday,2025-11-03,2025-11,false,6f168c2c-529c-4ec8-9932-90d1b493cf87,0,0,0,0,0,0,0,0,0,0,0,0,0,0,0,0,2100,-2100,180720,164000,System Design,2.8,3,67,4,3,Practice problems,33,true,true,42,2,true,true,34,2,true,true,9,2,true,true,1,false,false,9,false,false,6,1,3.7,7,9740,2.1,4.1,2.3,5.8,1.5,0.3429,0.4,1.36,0.1667,0.9722,65,34,33,3,25,92,LOW,0,79
2025-11-05,Wednesday,2025-11-03,2025-11,false,6f168c2c-529c-4ec8-9932-90d1b493cf87,0,4304,4304,0,0,948,228,3128,0,0,0,0,0,0,0,-4304,2100,2204,176416,164000,System Design,2.9,4,83,3,3,Video and notes,17,false,false,0,2,true,true,33,3,true,false,0,0,true,true,2,false,false,9,true,true,7,0.75,3.8,7.5,5702,1.7,3.7,2.8,6.1,1.5,0.55,0.4,1.32,0.1667,1.0417,69,46,17,16,29,87,LOW,0,85
2025-11-06,Thursday,2025-11-03,2025-11,false,6f168c2c-529c-4ec8-9932-90d1b493cf87,0,1939,802,1137,0,539,263,0,0,0,0,1137,0,0,0,-1939,2100,-161,174477,164000,Mathematics,2,4,82,3,3,Practice problems,18,true,true,48,3,true,true,37,4,true,true,11,1,true,true,3,false,false,9,false,false,7,1,4.5,7,10934,2.3,4.2,2.3,5.7,1.5,0.6929,0.6,1.48,0.1667,0.9722,74,37,18,3,22,94,LOW,0,92
2025-11-07,Friday,2025-11-03,2025-11,false,6f168c2c-529c-4ec8-9932-90d1b493cf87,0,1222,1222,0,0,0,323,899,0,0,0,0,0,0,0,-1222,2100,-878,173255,164000,Database Systems,3.1,3,66,4,3,Flashcards,34,true,true,28,4,true,true,44,5,true,false,0,0,true,true,4,false,false,9,false,false,7,0.75,4.8,6.9,10950,2,4.1,2.6,6.1,1.5,0.9143,0.8,1.5,0.1667,0.9583,81,38,34,16,31,86,LOW,0,71
2025-11-08,Saturday,2025-11-03,2025-11,true,6f168c2c-529c-4ec8-9932-90d1b493cf87,0,2565,0,2565,0,0,0,0,0,0,0,0,0,1766,799,-2565,2600,-35,170690,164000,,0,,,0,0,,62,true,true,46,5,true,true,38,6,true,false,0,0,true,true,5,false,false,9,false,false,7,0.75,5.3,7.7,9662,2.1,3.6,1.6,6.8,1.5,0.9143,1,1.5,0.1667,1.0694,85,39,62,19,40,80,MEDIUM,0,53
2025-11-09,Sunday,2025-11-03,2025-11,true,6f168c2c-529c-4ec8-9932-90d1b493cf87,0,0,0,0,0,0,0,0,0,0,0,0,0,0,0,0,2600,-2600,170690,164000,Communication Skills,2.9,5,100,2,2,Video and notes,5,false,false,0,5,true,true,44,7,true,true,14,1,true,true,6,true,true,10,true,true,8,1,6.2,7.6,6579,2.3,4.2,2.2,6,1.5,1.1214,1,1.5,0.1667,1.0556,86,39,5,3,19,96,LOW,0,100
2025-11-10,Monday,2025-11-10,2025-11,false,6f168c2c-529c-4ec8-9932-90d1b493cf87,0,11085,8753,2332,0,518,235,0,8000,0,0,0,2332,0,0,-11085,2100,8985,159605,156000,Data Structures,1.2,5,95,2,2,Flashcards,11,true,true,47,6,true,false,0,0,true,true,17,2,true,true,7,false,false,10,false,false,8,0.75,5.5,7,8557,1.6,3.5,2,4.7,1.5,0.0857,0.2,0,0.25,0.9722,42,55,11,16,31,86,LOW,1,90
2025-11-11,Tuesday,2025-11-10,2025-11,false,6f168c2c-529c-4ec8-9932-90d1b493cf87,0,1183,1183,0,0,969,214,0,0,0,0,0,0,0,0,-1183,2100,-917,158422,156000,,0,,,0,0,,62,true,true,29,7,true,true,40,1,true,true,17,3,true,true,8,false,false,10,false,false,8,1,6.2,6.6,9011,2.2,3.6,1.8,4.8,1.5,0.0857,0.4,1.5,0.25,0.9167,61,46,62,3,39,83,MEDIUM,0,60
2025-11-12,Wednesday,2025-11-10,2025-11,false,6f168c2c-529c-4ec8-9932-90d1b493cf87,0,0,0,0,0,0,0,0,0,0,0,0,0,0,0,0,2100,-2100,158422,156000,System Design,1.5,5,94,3,3,Practice problems,10,false,false,0,7,true,false,0,0,true,true,14,4,true,false,0,false,false,10,true,true,9,0.5,5,6.8,5719,1.7,3.4,2.7,6.3,1.5,0.1929,0.4,0,0.25,0.9444,46,46,10,32,31,84,LOW,0,82
2025-11-13,Thursday,2025-11-10,2025-11,false,6f168c2c-529c-4ec8-9932-90d1b493cf87,0,369,369,0,0,0,369,0,0,0,0,0,0,0,0,-369,2100,-1731,158053,156000,,0,,,0,0,,62,true,true,47,8,true,false,0,0,true,true,12,5,true,true,1,false,false,10,false,false,9,0.75,5.5,7.3,8258,2.1,4.3,1.9,5.1,1.5,0.1929,0.6,0,0.25,1.0139,51,46,62,16,42,79,MEDIUM,0,53
2025-11-14,Friday,2025-11-10,2025-11,false,6f168c2c-529c-4ec8-9932-90d1b493cf87,0,309,309,0,0,0,309,0,0,0,0,0,0,0,0,-309,2100,-1791,157744,156000,,0,,,0,0,,62,true,false,0,0,true,false,0,0,true,false,0,0,true,true,2,false,false,10,false,false,9,0.25,3.5,6.7,6265,2,3.3,2.3,5.9,1.5,0.1929,0.6,0,0.25,0.9306,50,46,62,47,51,69,MEDIUM,1,38
2025-11-15,Saturday,2025-11-10,2025-11,true,6f168c2c-529c-4ec8-9932-90d1b493cf87,0,328,0,328,0,0,0,0,0,0,0,328,0,0,0,-328,2600,-2272,157416,156000,,0,,,0,0,,62,true,false,0,0,true,true,41,1,true,true,13,1,true,false,0,false,false,10,false,false,9,0.5,3.5,7.5,4287,2.1,4.3,1.4,6.6,1.5,0.1929,0.6,1.5,0.25,1.0417,67,46,62,33,47,73,MEDIUM,0,45
2025-11-16,Sunday,2025-11-10,2025-11,true,6f168c2c-529c-4ec8-9932-90d1b493cf87,0,2254,0,2254,0,0,0,0,0,0,0,1275,0,979,0,-2254,2600,-346,155162,156000,,0,,,0,0,,62,false,false,0,0,true,true,44,2,true,false,0,0,true,false,0,true,true,11,true,true,10,0.6,3.8,7.8,5881,1.9,3.6,1.8,7,1.5,0.1929,0.6,1.5,0.25,1.0833,67,47,62,29,46,75,MEDIUM,0,48
2025-11-17,Monday,2025-11-17,2025-11,false,6f168c2c-529c-4ec8-9932-90d1b493cf87,0,392,392,0,0,0,392,0,0,0,0,0,0,0,0,-392,2100,-1708,154770,156000,Mathematics,3,3,66,5,4,Video and notes,34,true,true,44,1,true,true,35,3,true,true,16,1,true,false,0,false,false,11,false,false,10,0.75,4.3,6.6,10690,2,4,1.7,5.7,1.5,0.2143,0.2,1.4,0.25,0.9167,60,48,34,16,35,83,LOW,0,72
2025-11-18,Tuesday,2025-11-17,2025-11,false,6f168c2c-529c-4ec8-9932-90d1b493cf87,8369,224,224,0,0,0,224,0,0,0,0,0,0,0,0,8145,2100,-1876,162915,156000,,0,,,0,0,,62,true,true,52,2,true,true,44,4,true,true,17,2,true,true,1,false,false,11,false,false,10,1,5,6.9,8600,2.2,3.6,1.5,5.8,1.5,0.2143,0.4,1.5,0.25,0.9583,64,45,62,3,38,83,MEDIUM,0,60
2025-11-19,Wednesday,2025-11-17,2025-11,false,6f168c2c-529c-4ec8-9932-90d1b493cf87,0,1434,1434,0,0,1033,401,0,0,0,0,0,0,0,0,-1434,2100,-666,161481,156000,Database Systems,2.1,4,78,4,4,Video and notes,22,false,false,0,2,true,false,0,0,true,true,12,3,true,false,0,false,false,11,true,true,11,0.5,4.5,6.5,5559,1.8,3.5,1.8,5.9,1.5,0.3643,0.4,0,0.25,0.9028,49,46,22,31,35,81,LOW,0,75
2025-11-20,Thursday,2025-11-17,2025-11,false,6f168c2c-529c-4ec8-9932-90d1b493cf87,0,1011,300,711,0,0,300,0,0,0,0,711,0,0,0,-1011,2100,-1089,160470,156000,Communication Skills,1.2,4,76,6,5,Video and notes,30,true,true,49,3,true,false,0,0,true,false,0,0,true,true,1,false,false,11,false,false,11,0.5,4.3,7.6,9070,1.6,3.8,3,5.4,1.5,0.45,0.6,0,0.25,1.0556,55,46,30,31,37,80,LOW,0,70
2025-11-21,Friday,2025-11-17,2025-11,false,6f168c2c-529c-4ec8-9932-90d1b493cf87,0,2989,2989,0,0,676,380,0,0,1933,0,0,0,0,0,-2989,2100,889,157481,156000,Data Structures,2.8,4,82,6,5,Flashcards,18,true,true,43,4,true,true,44,1,true,false,0,0,true,true,2,false,false,11,false,false,11,0.75,4.8,7.3,8789,1.8,4.1,3.1,5.6,1.5,0.65,0.8,1.5,0.25,1.0139,78,48,18,16,30,87,LOW,0,80
2025-11-22,Saturday,2025-11-17,2025-11,true,6f168c2c-529c-4ec8-9932-90d1b493cf87,0,2023,825,1198,0,825,0,0,0,0,0,1198,0,0,0,-2023,2600,-577,155458,156000,Communication Skills,4.1,3,71,4,3,Flashcards,29,true,true,32,5,true,true,23,2,true,true,9,1,true,true,3,false,false,11,false,false,11,1,5.5,7.2,8486,2.2,3.8,3.4,7.2,1.5,0.9429,1,0.92,0.25,1,85,49,29,8,32,87,LOW,0,81
2025-11-23,Sunday,2025-11-17,2025-11,true,6f168c2c-529c-4ec8-9932-90d1b493cf87,0,1760,951,809,0,951,0,0,0,0,0,0,809,0,0,-1760,2600,-840,153698,156000,Mathematics,2.3,4,80,6,5,Flashcards,20,false,false,0,5,true,false,0,0,true,false,0,0,true,true,4,true,true,12,true,true,12,0.6,5.5,7.5,5392,1.6,3.5,2.5,6.7,1.5,1.1071,1,0,0.25,1.0417,71,50,20,28,35,82,LOW,0,75
2025-11-24,Monday,2025-11-24,2025-11,false,6f168c2c-529c-4ec8-9932-90d1b493cf87,0,640,640,0,0,359,281,0,0,0,0,0,0,0,0,-640,2100,-1460,153058,156000,Mathematics,3.5,3,70,4,3,Practice problems,30,true,true,41,6,true,true,42,1,true,true,9,1,true,true,5,false,false,12,false,false,12,1,6.2,6.6,9463,1.7,3.5,2.7,5.5,1.5,0.25,0.2,1.5,0.25,0.9167,60,50,30,3,31,88,LOW,0,80
2025-11-25,Tuesday,2025-11-24,2025-11,false,6f168c2c-529c-4ec8-9932-90d1b493cf87,0,424,424,0,0,268,156,0,0,0,0,0,0,0,0,-424,2100,-1676,152634,156000,Mathematics,2.8,4,82,4,4,Practice problems,18,true,false,0,0,true,true,28,2,true,true,14,2,true,true,6,false,false,12,false,false,12,0.75,5.7,7.1,6325,2.1,3.3,2.4,5.3,1.5,0.45,0.2,1.12,0.25,0.9861,65,50,18,16,31,86,LOW,0,84
2025-11-26,Wednesday,2025-11-24,2025-11,false,6f168c2c-529c-4ec8-9932-90d1b493cf87,0,0,0,0,0,0,0,0,0,0,0,0,0,0,0,0,2100,-2100,152634,156000,,0,,,0,0,,77,false,false,0,0,true,true,39,3,true,true,13,3,true,false,0,false,false,12,true,true,13,0.75,5.2,6.5,6657,2,3.4,3,5.5,1.5,0.45,0.2,1.5,0.25,0.9028,63,50,77,16,49,74,MEDIUM,1,53
2025-11-27,Thursday,2025-11-24,2025-11,false,6f168c2c-529c-4ec8-9932-90d1b493cf87,0,1048,1048,0,0,734,314,0,0,0,0,0,0,0,0,-1048,2100,-1052,151586,156000,Data Structures,1.7,4,77,3,3,Video and notes,25,true,false,0,0,true,true,45,4,true,false,0,0,true,true,1,false,false,12,false,false,13,0.5,5,6.5,4116,2,2.9,3.3,5,1.5,0.5714,0.2,1.5,0.25,0.9028,65,51,25,34,38,79,MEDIUM,0,75
2025-11-28,Friday,2025-11-24,2025-11,false,6f168c2c-529c-4ec8-9932-90d1b493cf87,0,1421,116,1305,0,0,116,0,0,0,0,0,1305,0,0,-1421,2100,-679,150165,156000,,0,,,0,0,,77,true,true,44,1,true,false,0,0,true,true,12,1,true,true,2,false,false,12,false,false,13,0.75,4.8,7.4,11033,2.2,3.2,2.9,5.9,1.5,0.5714,0.4,0,0.25,1.0278,54,51,77,16,49,74,MEDIUM,0,53
2025-11-29,Saturday,2025-11-24,2025-11,true,6f168c2c-529c-4ec8-9932-90d1b493cf87,0,1554,1119,435,0,1119,0,0,0,0,0,435,0,0,0,-1554,2600,-1046,148611,156000,,0,,,0,0,,77,true,true,51,2,true,true,29,1,true,false,0,0,true,false,0,false,false,12,false,false,13,0.5,4.7,7.1,9180,2.1,3,3.3,5.8,1.4921,0.5714,0.6,1.16,0.25,0.9861,73,52,77,34,54,69,MEDIUM,1,45
2025-11-30,Sunday,2025-11-24,2025-11,true,6f168c2c-529c-4ec8-9932-90d1b493cf87,0,2213,2213,0,0,0,0,0,0,0,2213,0,0,0,0,-2213,2600,-387,146398,156000,System Design,3.6,5,100,3,3,Flashcards,5,false,false,0,2,true,false,0,0,true,true,16,1,true,false,0,true,true,13,true,true,14,0.6,5,8.1,3813,2.2,3.7,2.7,6.7,1.3691,0.8286,0.6,0,0.25,1.125,61,53,5,28,32,84,LOW,0,88
2025-12-01,Monday,2025-12-01,2025-12,false,6f168c2c-529c-4ec8-9932-90d1b493cf87,85000,1143,0,1143,0,0,0,0,0,0,0,1143,0,0,0,83857,2100,-957,230255,156000,Data Analytics,3.4,4,86,4,4,Video and notes,14,true,true,28,3,true,true,25,1,true,true,16,2,true,true,1,false,false,13,false,false,14,1,5.7,7.6,9096,2,3.4,2.5,5.6,1.5,0.2429,0.2,1,0.25,1.0556,62,21,14,3,14,99,LOW,0,94
2025-12-02,Tuesday,2025-12-01,2025-12,false,6f168c2c-529c-4ec8-9932-90d1b493cf87,0,23387,23387,0,22000,1082,305,0,0,0,0,0,0,0,0,-23387,2100,21287,206868,156000,Database Systems,3.9,4,84,2,2,Video and notes,16,true,true,31,4,true,false,0,0,true,true,9,3,true,false,0,false,false,13,false,false,14,0.5,5.7,6.8,8454,1.8,3.8,3.4,6.5,1.5,0.5214,0.4,0,0.25,0.9444,52,43,16,37,33,83,LOW,1,78
2025-12-03,Wednesday,2025-12-01,2025-12,false,6f168c2c-529c-4ec8-9932-90d1b493cf87,0,1834,1471,363,0,1179,292,0,0,0,0,363,0,0,0,-1834,2100,-266,205034,156000,,0,,,0,0,,77,false,false,0,4,true,true,24,1,true,false,0,0,true,false,0,false,false,13,true,true,15,0.5,5.5,6.5,5580,1.6,2.9,3.3,5.3,1.5,0.5214,0.4,0.96,0.25,0.9028,67,34,77,34,47,73,MEDIUM,0,45
2025-12-04,Thursday,2025-12-01,2025-12,false,6f168c2c-529c-4ec8-9932-90d1b493cf87,0,544,544,0,0,394,150,0,0,0,0,0,0,0,0,-544,2100,-1556,204490,156000,Data Structures,1.5,3,62,2,2,Video and notes,42,true,true,43,5,true,false,0,0,true,true,18,1,true,true,1,false,false,13,false,false,15,0.75,5.8,6.7,10490,1.8,3.4,3,5.8,1.5,0.6286,0.6,0,0.25,0.9306,57,34,42,16,31,86,LOW,0,75
2025-12-05,Friday,2025-12-01,2025-12,false,6f168c2c-529c-4ec8-9932-90d1b493cf87,0,3449,3449,0,0,0,158,3291,0,0,0,0,0,0,0,-3449,2100,1349,201041,156000,Mathematics,3,4,85,5,5,Practice problems,15,true,true,39,6,true,true,35,1,true,true,16,2,true,true,2,false,false,13,false,false,15,1,6.5,7.3,9805,1.8,3.7,2.6,5.1,1.5,0.8429,0.8,1.4,0.25,1.0139,82,36,15,3,20,95,LOW,1,93
2025-12-06,Saturday,2025-12-01,2025-12,true,6f168c2c-529c-4ec8-9932-90d1b493cf87,0,1397,0,1397,0,0,0,0,0,0,0,1397,0,0,0,-1397,2600,-1203,199644,156000,Mathematics,3.2,3,67,5,4,Video and notes,33,true,true,40,7,true,true,42,2,true,false,0,0,true,true,3,false,false,13,false,false,15,0.75,6.7,7.3,11433,2.2,3.8,3.3,6.1,1.5,1.0714,1,1.5,0.25,1.0139,88,37,33,19,31,86,LOW,0,73
2025-12-07,Sunday,2025-12-01,2025-12,true,6f168c2c-529c-4ec8-9932-90d1b493cf87,0,1844,1338,506,0,439,0,899,0,0,0,506,0,0,0,-1844,2600,-756,197800,156000,Mathematics,1.3,4,80,6,5,Flashcards,26,false,false,0,7,true,true,33,3,true,true,16,1,true,true,4,true,true,14,true,true,16,1,7.5,8,4851,2.2,3.7,3.4,6.6,1.5,1.1643,1,1.32,0.25,1.1111,88,38,26,6,25,92,LOW,0,87
2025-12-08,Monday,2025-12-08,2025-12,false,6f168c2c-529c-4ec8-9932-90d1b493cf87,0,1016,217,799,0,0,217,0,0,0,0,0,0,0,799,-1016,2100,-1084,196784,156000,Communication Skills,1.8,4,77,2,2,Video and notes,25,true,true,43,8,true,true,45,4,true,false,0,0,true,false,0,false,false,14,false,false,16,0.5,7,7.5,10679,1.8,4.2,2.7,5.9,1.5,0.1286,0.2,1.5,0.25,1.0417,60,38,25,31,32,83,LOW,0,75
2025-12-09,Tuesday,2025-12-08,2025-12,false,6f168c2c-529c-4ec8-9932-90d1b493cf87,0,393,393,0,0,0,393,0,0,0,0,0,0,0,0,-393,2100,-1707,196391,156000,Data Structures,1.1,4,79,2,2,Practice problems,28,true,true,32,9,true,true,28,5,true,true,16,1,true,true,1,false,false,14,false,false,16,1,7.7,7.6,8415,2.1,4.2,2.9,4.9,1.5,0.2071,0.4,1.12,0.25,1.0556,64,39,28,3,26,91,LOW,0,91
2025-12-10,Wednesday,2025-12-08,2025-12,false,6f168c2c-529c-4ec8-9932-90d1b493cf87,0,11540,8352,3188,0,0,352,0,8000,0,0,0,3188,0,0,-11540,2100,9440,184851,148000,,0,,,0,0,,77,false,false,0,9,true,false,0,0,true,false,0,0,true,true,2,false,false,14,true,false,0,0.25,4.2,7.3,4990,1.9,3.9,2.8,5.4,1.5,0.2071,0.4,0,0.3333,1.0139,49,55,77,47,59,64,HIGH,2,38
2025-12-11,Thursday,2025-12-08,2025-12,false,6f168c2c-529c-4ec8-9932-90d1b493cf87,0,1470,651,819,0,402,249,0,0,0,0,819,0,0,0,-1470,2100,-630,183381,148000,Data Structures,3.8,4,85,5,5,Video and notes,15,true,true,31,10,true,true,42,1,true,false,0,0,true,true,3,false,false,14,false,false,0,0.75,4.7,7.7,10676,2.1,3.7,3,4.9,1.5,0.4786,0.6,1.5,0.3333,1.0694,74,45,15,16,28,88,LOW,0,86
2025-12-12,Friday,2025-12-08,2025-12,false,6f168c2c-529c-4ec8-9932-90d1b493cf87,0,1254,1254,0,0,1096,158,0,0,0,0,0,0,0,0,-1254,2100,-846,182127,148000,,0,,,0,0,,77,true,true,49,11,true,true,32,2,true,true,10,1,true,true,4,false,false,14,false,false,0,1,5.3,7.1,11423,2.1,3.5,3.5,5.1,1.5,0.4786,0.8,1.28,0.3333,0.9861,77,46,77,5,44,79,MEDIUM,0,60
2025-12-13,Saturday,2025-12-08,2025-12,true,6f168c2c-529c-4ec8-9932-90d1b493cf87,0,0,0,0,0,0,0,0,0,0,0,0,0,0,0,0,2600,-2600,182127,148000,Data Analytics,3.3,5,99,6,6,Practice problems,5,true,true,28,12,true,false,0,0,true,false,0,0,true,true,5,false,false,14,false,false,0,0.5,5.2,7.5,11333,1.5,3.9,3.4,6.5,1.5,0.7143,1,0,0.3333,1.0417,67,46,5,37,31,84,LOW,0,85
2025-12-14,Sunday,2025-12-08,2025-12,true,6f168c2c-529c-4ec8-9932-90d1b493cf87,0,555,0,555,0,0,0,0,0,0,0,555,0,0,0,-555,2600,-2045,181572,148000,Data Analytics,2.7,4,83,3,3,Flashcards,17,false,false,0,12,true,true,27,1,true,false,0,0,true,true,6,true,true,15,true,true,1,0.8,5.8,7.9,5220,2.1,4.2,3,5.7,1.5,0.9071,1,1.08,0.3333,1.0972,87,46,17,12,28,88,LOW,0,86
2025-12-15,Monday,2025-12-15,2025-12,false,6f168c2c-529c-4ec8-9932-90d1b493cf87,0,149,149,0,0,0,149,0,0,0,0,0,0,0,0,-149,2100,-1951,181423,148000,Data Structures,2.7,3,63,4,3,Video and notes,37,true,true,53,13,true,true,36,2,true,false,0,0,true,false,0,false,false,15,false,false,1,0.5,5.2,7.5,9432,1.6,3.8,3.5,5.3,1.5,0.1929,0.2,1.44,0.3333,1.0417,62,46,37,36,41,77,MEDIUM,0,62
2025-12-16,Tuesday,2025-12-15,2025-12,false,6f168c2c-529c-4ec8-9932-90d1b493cf87,0,406,406,0,0,0,406,0,0,0,0,0,0,0,0,-406,2100,-1694,181017,148000,System Design,2,4,82,2,2,Flashcards,18,true,true,53,14,true,true,38,3,true,true,11,1,true,true,1,false,false,15,false,false,1,1,5.8,7.2,10998,2.3,3.7,3.1,5.7,1.5,0.3357,0.4,1.5,0.3333,1,68,47,18,3,26,91,LOW,0,92
2025-12-17,Wednesday,2025-12-15,2025-12,false,6f168c2c-529c-4ec8-9932-90d1b493cf87,0,1611,947,664,0,947,0,0,0,0,0,0,664,0,0,-1611,2100,-489,179406,148000,System Design,2.7,3,67,4,3,Video and notes,33,false,false,0,14,true,true,27,4,true,true,9,2,true,true,2,false,false,15,true,true,2,1,6.5,6.6,6302,1.7,3.3,2.5,5.8,1.5,0.5286,0.4,1.08,0.3333,0.9167,70,48,33,3,31,88,LOW,0,79
2025-12-18,Thursday,2025-12-15,2025-12,false,6f168c2c-529c-4ec8-9932-90d1b493cf87,0,635,635,0,0,443,192,0,0,0,0,0,0,0,0,-635,2100,-1465,178771,148000,,0,,,0,0,,77,true,false,0,0,true,false,0,0,true,false,0,0,true,true,3,false,false,15,false,false,2,0.25,3.3,6.7,5489,1.9,3.5,2.6,5,1.5,0.5286,0.4,0,0.3333,0.9306,53,48,77,47,56,66,MEDIUM,1,38
2025-12-19,Friday,2025-12-15,2025-12,false,6f168c2c-529c-4ec8-9932-90d1b493cf87,0,2240,2240,0,0,404,314,0,0,1522,0,0,0,0,0,-2240,2100,140,176531,148000,Database Systems,1.2,4,80,5,4,Flashcards,26,true,true,32,1,true,true,27,1,true,true,16,1,true,true,4,false,false,15,false,false,2,1,4,6.7,9359,1.9,3.8,3,5.8,1.5,0.6143,0.6,1.08,0.3333,0.9306,75,49,26,3,29,89,LOW,0,86
2025-12-20,Saturday,2025-12-15,2025-12,true,6f168c2c-529c-4ec8-9932-90d1b493cf87,0,483,483,0,0,483,0,0,0,0,0,0,0,0,0,-483,2600,-2117,176048,148000,,0,,,0,0,,77,true,true,54,2,true,true,27,2,true,true,13,2,true,true,5,false,false,15,false,false,2,1,4.7,8.1,10545,2,4.3,2.8,6,1.5,0.6143,0.8,1.08,0.3333,1.125,79,49,77,3,45,79,MEDIUM,1,60
2025-12-21,Sunday,2025-12-15,2025-12,true,6f168c2c-529c-4ec8-9932-90d1b493cf87,0,735,0,735,0,0,0,0,0,0,0,735,0,0,0,-735,2600,-1865,175313,148000,Database Systems,1.4,4,79,3,3,Flashcards,26,false,false,0,2,true,true,36,3,true,true,9,3,true,false,0,true,true,16,true,true,3,0.8,4.5,7.9,7167,2,4.1,2.9,6.4,1.5,0.7143,0.8,1.44,0.3333,1.0972,81,50,26,14,33,85,LOW,0,85
2025-12-22,Monday,2025-12-22,2025-12,false,6f168c2c-529c-4ec8-9932-90d1b493cf87,0,105,105,0,0,0,105,0,0,0,0,0,0,0,0,-105,2100,-1995,175208,148000,Data Structures,3.6,4,83,4,4,Flashcards,17,true,false,0,0,true,false,0,0,true,true,12,4,true,true,1,false,false,16,false,false,3,0.5,4,6.7,4959,1.9,3.6,2.8,6.1,1.5,0.2571,0,0,0.3333,0.9306,42,50,17,31,35,81,LOW,0,77
2025-12-23,Tuesday,2025-12-22,2025-12,false,6f168c2c-529c-4ec8-9932-90d1b493cf87,0,1051,1051,0,0,856,195,0,0,0,0,0,0,0,0,-1051,2100,-1049,174157,148000,Data Structures,2,4,78,4,4,Flashcards,22,true,true,37,1,true,false,0,0,true,true,12,5,true,false,0,false,false,16,false,false,3,0.5,4.2,7.5,10164,1.8,3,3.7,6.5,1.5,0.4,0.2,0,0.3333,1.0417,49,50,22,39,39,79,MEDIUM,0,75
2025-12-24,Wednesday,2025-12-22,2025-12,false,6f168c2c-529c-4ec8-9932-90d1b493cf87,0,97,97,0,0,0,97,0,0,0,0,0,0,0,0,-97,2100,-2003,174060,148000,System Design,3.7,4,81,4,4,Practice problems,19,false,false,0,1,true,false,0,0,true,false,0,0,true,false,0,false,false,16,true,true,4,0.25,3.5,7.2,4686,1.7,3.3,3.3,5.4,1.5,0.6643,0.2,0,0.3333,1,53,50,19,49,40,76,MEDIUM,1,69
2025-12-25,Thursday,2025-12-22,2025-12,false,6f168c2c-529c-4ec8-9932-90d1b493cf87,0,180,180,0,0,0,180,0,0,0,0,0,0,0,0,-180,2100,-1920,173880,148000,Mathematics,3.9,4,88,2,2,Practice problems,12,true,true,44,2,true,true,29,1,true,true,10,1,true,true,1,false,false,16,false,false,4,1,4.2,6.9,8061,2.2,3,3.3,5.2,1.5,0.9429,0.4,1.16,0.3333,0.9583,77,50,12,3,25,92,LOW,0,95
2025-12-26,Friday,2025-12-22,2025-12,false,6f168c2c-529c-4ec8-9932-90d1b493cf87,0,556,556,0,0,556,0,0,0,0,0,0,0,0,0,-556,2100,-1544,173324,148000,Communication Skills,2.2,3,62,3,2,Video and notes,38,true,true,52,3,true,true,42,2,true,false,0,0,true,false,0,false,false,16,false,false,4,0.5,4.2,6.9,10812,2,3.7,3.6,6.3,1.4959,1.1,0.6,1.5,0.3333,0.9583,82,51,38,38,43,76,MEDIUM,0,60
2025-12-27,Saturday,2025-12-22,2025-12,true,6f168c2c-529c-4ec8-9932-90d1b493cf87,0,607,0,607,0,0,0,0,0,0,0,607,0,0,0,-607,2600,-1993,172717,148000,Communication Skills,2.1,3,63,6,5,Video and notes,37,true,true,54,4,true,true,30,3,true,false,0,0,true,true,1,false,false,16,false,false,4,0.75,4.7,8,9836,1.7,3.7,2.7,6.3,1.4622,1.25,0.8,1.2,0.3333,1.1111,86,51,37,17,37,82,LOW,0,72
2025-12-28,Sunday,2025-12-22,2025-12,true,6f168c2c-529c-4ec8-9932-90d1b493cf87,0,2150,0,2150,0,0,0,0,0,0,0,1350,0,800,0,-2150,2600,-450,170567,148000,Communication Skills,2.3,4,81,3,3,Video and notes,19,false,false,0,4,true,false,0,0,true,true,9,1,true,true,2,true,true,17,true,true,5,0.8,4.8,8,5134,1.8,3.8,2.9,5.7,1.3427,1.4143,0.8,0,0.3333,1.1111,69,52,19,12,31,86,LOW,0,85
2025-12-29,Monday,2025-12-29,2025-12,false,6f168c2c-529c-4ec8-9932-90d1b493cf87,0,419,419,0,0,323,96,0,0,0,0,0,0,0,0,-419,2100,-1681,170148,148000,Mathematics,4,3,69,2,2,Video and notes,31,true,true,31,5,true,true,24,1,true,false,0,0,true,true,3,false,false,17,false,false,5,0.75,5.2,7.3,11443,2,3.3,3.1,4.9,1.3194,0.2857,0.2,0.96,0.3333,1.0139,63,52,31,16,36,83,LOW,0,79
2025-12-30,Tuesday,2025-12-29,2025-12,false,6f168c2c-529c-4ec8-9932-90d1b493cf87,0,329,329,0,0,0,329,0,0,0,0,0,0,0,0,-329,2100,-1771,169819,148000,Data Analytics,3.7,4,83,5,5,Video and notes,17,true,true,34,6,true,true,43,2,true,false,0,0,true,false,0,false,false,17,false,false,5,0.5,5,6.5,10198,1.7,3.2,3.3,4.9,1.3012,0.55,0.4,1.5,0.3333,0.9028,70,53,17,34,37,80,LOW,0,77
2025-12-31,Wednesday,2025-12-29,2025-12,false,6f168c2c-529c-4ec8-9932-90d1b493cf87,0,375,375,0,0,0,375,0,0,0,0,0,0,0,0,-375,2100,-1725,169444,148000,,0,,,0,0,,62,false,false,0,6,true,true,38,3,true,false,0,0,true,true,1,false,false,17,true,true,6,0.75,5.5,6.6,5803,1.9,3.3,2.9,5.5,1.2803,0.55,0.4,1.5,0.3333,0.9167,70,53,62,16,45,77,MEDIUM,0,53
2026-01-01,Thursday,2025-12-29,2026-01,false,6f168c2c-529c-4ec8-9932-90d1b493cf87,85000,1119,1119,0,0,998,121,0,0,0,0,0,0,0,0,83881,2100,-981,253325,148000,Communication Skills,2.6,3,63,3,2,Flashcards,37,true,true,31,7,true,false,0,0,true,false,0,0,true,true,2,false,false,17,false,false,6,0.5,5.3,7.7,10801,1.6,4.3,2.3,4.9,1.5,0.7357,0.6,0,0.3333,1.0694,61,21,37,31,29,85,LOW,0,60
2026-01-02,Friday,2025-12-29,2026-01,false,6f168c2c-529c-4ec8-9932-90d1b493cf87,0,22375,22375,0,22000,0,375,0,0,0,0,0,0,0,0,-22375,2100,20275,230950,148000,Data Structures,2.1,5,97,4,4,Flashcards,5,true,true,32,8,true,true,26,1,true,false,0,0,true,true,3,false,false,17,false,false,6,0.75,5.8,7.4,10712,2.1,3.4,2.1,5.6,1.5,0.8857,0.8,1.04,0.3333,1.0278,84,42,5,16,24,90,LOW,1,91
2026-01-03,Saturday,2025-12-29,2026-01,true,6f168c2c-529c-4ec8-9932-90d1b493cf87,0,1300,412,888,0,412,0,0,0,0,0,888,0,0,0,-1300,2600,-1300,229650,148000,,0,,,0,0,,62,true,true,40,9,true,true,32,2,true,false,0,0,true,false,0,false,false,17,false,false,6,0.5,5.7,7.9,10444,2.1,3.6,2.1,7,1.5,0.8857,1,1.28,0.3333,1.0972,87,33,62,35,42,77,MEDIUM,0,45
2026-01-04,Sunday,2025-12-29,2026-01,true,6f168c2c-529c-4ec8-9932-90d1b493cf87,0,1029,0,1029,0,0,0,0,0,0,0,1029,0,0,0,-1029,2600,-1571,228621,148000,System Design,1.9,4,79,6,5,Video and notes,22,false,false,0,9,true,true,36,3,true,false,0,0,true,true,1,true,true,18,true,false,0,0.6,5.2,8.1,4445,2.2,3.8,2.8,6,1.5,1.0214,1,1.44,0.3333,1.125,89,34,22,25,28,87,LOW,0,74
2026-01-05,Monday,2026-01-05,2026-01,false,6f168c2c-529c-4ec8-9932-90d1b493cf87,0,4642,4642,0,0,489,307,3846,0,0,0,0,0,0,0,-4642,2100,2542,223979,148000,Data Analytics,1.2,3,61,5,4,Practice problems,45,true,true,48,10,true,true,30,4,true,true,13,1,true,false,0,false,false,18,false,false,0,0.75,5.5,6.8,10183,1.9,3.4,3.1,5.7,1.5,0.0857,0.2,1.2,0.3333,0.9444,59,46,45,16,37,82,LOW,0,70
2026-01-06,Tuesday,2026-01-05,2026-01,false,6f168c2c-529c-4ec8-9932-90d1b493cf87,0,0,0,0,0,0,0,0,0,0,0,0,0,0,0,0,2100,-2100,223979,148000,Database Systems,2.3,4,83,5,5,Flashcards,17,true,true,28,11,true,true,37,5,true,true,11,2,true,true,1,false,false,18,false,false,0,1,6.2,7.6,8277,2,4.4,2.3,6.1,1.5,0.25,0.4,1.48,0.3333,1.0556,66,36,17,3,21,94,LOW,0,92
2026-01-07,Wednesday,2026-01-05,2026-01,false,6f168c2c-529c-4ec8-9932-90d1b493cf87,0,1494,1494,0,0,436,159,899,0,0,0,0,0,0,0,-1494,2100,-606,222485,148000,,0,,,0,0,,62,false,false,0,11,true,true,38,6,true,true,11,3,true,false,0,false,false,18,true,true,1,0.75,6.5,7,4862,1.7,4.1,2.1,5.5,1.5,0.25,0.4,1.5,0.3333,0.9722,66,37,62,16,39,81,MEDIUM,0,53
2026-01-08,Thursday,2026-01-05,2026-01,false,6f168c2c-529c-4ec8-9932-90d1b493cf87,0,1031,232,799,0,0,232,0,0,0,0,0,0,0,799,-1031,2100,-1069,221454,148000,Communication Skills,2.4,3,62,2,2,Flashcards,38,true,false,0,0,true,true,25,7,true,true,15,4,true,false,0,false,false,18,false,false,1,0.5,5,7.5,4210,1.6,3.4,2.7,5.4,1.5,0.4214,0.4,1,0.3333,1.0417,69,37,38,31,36,81,LOW,0,68
2026-01-09,Friday,2026-01-05,2026-01,false,6f168c2c-529c-4ec8-9932-90d1b493cf87,0,1512,1512,0,0,1169,343,0,0,0,0,0,0,0,0,-1512,2100,-588,219942,148000,Data Structures,1.4,5,93,6,6,Flashcards,12,true,false,0,0,true,true,32,8,true,false,0,0,true,true,1,false,false,18,false,false,1,0.5,4.7,7.5,6368,1.7,3.7,2.3,5.2,1.5,0.5214,0.4,1.28,0.3333,1.0417,71,38,12,31,28,86,LOW,0,82
2026-01-10,Saturday,2026-01-05,2026-01,true,6f168c2c-529c-4ec8-9932-90d1b493cf87,0,8000,8000,0,0,0,0,0,8000,0,0,0,0,0,0,-8000,2600,5400,211942,140000,,0,,,0,0,,62,true,true,51,1,true,true,45,9,true,false,0,0,true,true,2,false,false,18,false,false,1,0.75,5.2,7.9,11089,2,3.4,3.3,6.2,1.5,0.5214,0.6,1.5,0.4167,1.0972,76,53,62,19,46,76,MEDIUM,0,53
2026-01-11,Sunday,2026-01-05,2026-01,true,6f168c2c-529c-4ec8-9932-90d1b493cf87,0,1215,371,844,0,371,0,0,0,0,0,844,0,0,0,-1215,2600,-1385,210727,140000,,0,,,0,0,,62,false,false,0,1,true,true,44,10,true,true,15,1,true,true,3,true,true,19,true,true,2,1,6,8.1,7118,2.1,3.9,2.7,6,1.5,0.5214,0.6,1.5,0.4167,1.125,76,43,62,3,38,83,MEDIUM,0,60
2026-01-12,Monday,2026-01-12,2026-01,false,6f168c2c-529c-4ec8-9932-90d1b493cf87,0,3068,3068,0,0,1080,216,0,0,1772,0,0,0,0,0,-3068,2100,968,207659,140000,,0,,,0,0,,62,true,false,0,0,true,false,0,0,true,false,0,0,true,true,4,false,false,19,false,false,2,0.25,4.2,7.1,6906,1.5,4.1,3.2,5.2,1.5,0,0,0,0.4167,0.9861,40,45,62,48,51,69,MEDIUM,1,38
2026-01-13,Tuesday,2026-01-12,2026-01,false,6f168c2c-529c-4ec8-9932-90d1b493cf87,0,1131,1131,0,0,1131,0,0,0,0,0,0,0,0,0,-1131,2100,-969,206528,140000,,0,,,0,0,,62,true,true,41,1,true,true,39,1,true,true,9,1,true,true,5,false,false,19,false,false,2,1,4.8,7.5,8414,2.2,4.3,2.1,5.3,1.5,0,0.2,1.5,0.4167,1.0417,60,45,62,3,38,83,MEDIUM,0,60
2026-01-14,Wednesday,2026-01-12,2026-01,false,6f168c2c-529c-4ec8-9932-90d1b493cf87,0,364,364,0,0,0,364,0,0,0,0,0,0,0,0,-364,2100,-1736,206164,140000,,0,,,0,0,,62,false,false,0,1,true,false,0,0,true,true,9,2,true,true,6,false,false,19,true,true,3,0.75,5.2,7.5,5393,1.8,4,2.2,5.2,1.5,0,0.2,0,0.4167,1.0417,44,46,62,16,42,79,MEDIUM,0,53
2026-01-15,Thursday,2026-01-12,2026-01,false,6f168c2c-529c-4ec8-9932-90d1b493cf87,0,261,261,0,0,261,0,0,0,0,0,0,0,0,0,-261,2100,-1839,205903,140000,System Design,2.3,3,62,6,5,Video and notes,38,true,true,39,2,true,true,41,1,true,false,0,0,true,false,0,false,false,19,false,false,3,0.5,4.2,6.6,9419,2.1,3.7,2.1,5.7,1.5,0.1643,0.4,1.5,0.4167,0.9167,65,46,38,31,39,79,MEDIUM,0,64
2026-01-16,Friday,2026-01-12,2026-01,false,6f168c2c-529c-4ec8-9932-90d1b493cf87,0,523,523,0,0,392,131,0,0,0,0,0,0,0,0,-523,2100,-1577,205380,140000,Data Structures,2.4,4,81,6,5,Practice problems,19,true,true,35,3,true,false,0,0,true,true,10,1,true,true,1,false,false,19,false,false,3,0.75,4.5,7.3,9124,1.7,3.4,2.6,5,1.5,0.3357,0.6,0,0.4167,1.0139,56,46,19,16,30,87,LOW,0,80
2026-01-17,Saturday,2026-01-12,2026-01,true,6f168c2c-529c-4ec8-9932-90d1b493cf87,0,0,0,0,0,0,0,0,0,0,0,0,0,0,0,0,2600,-2600,205380,140000,,0,,,0,0,,62,true,false,0,0,true,true,45,1,true,false,0,0,true,true,2,false,false,19,false,false,3,0.5,4.2,7.8,4687,1.9,3.5,2.5,7,1.5,0.3357,0.6,1.5,0.4167,1.0833,73,46,62,35,48,73,MEDIUM,0,45
2026-01-18,Sunday,2026-01-12,2026-01,true,6f168c2c-529c-4ec8-9932-90d1b493cf87,7569,1594,528,1066,0,528,0,0,0,0,0,0,0,1066,0,5975,2600,-1006,211355,140000,Data Analytics,1.6,4,79,5,4,Video and notes,24,false,false,0,0,true,true,42,2,true,true,18,1,true,true,3,true,true,20,true,false,0,0.8,4.3,7.3,4674,2.1,3.8,2.2,5.6,1.5,0.45,0.6,1.5,0.4167,1.0139,74,45,24,12,29,88,LOW,0,80
2026-01-19,Monday,2026-01-19,2026-01,false,6f168c2c-529c-4ec8-9932-90d1b493cf87,0,184,184,0,0,0,184,0,0,0,0,0,0,0,0,-184,2100,-1916,211171,140000,Data Analytics,2.3,4,81,5,5,Video and notes,19,true,true,47,1,true,true,27,3,true,false,0,0,true,true,4,false,false,20,false,false,0,0.75,4.7,6.6,8785,2.1,4,2.2,5.6,1.5,0.1643,0.2,1.08,0.4167,0.9167,62,45,19,16,29,87,LOW,0,84
2026-01-20,Tuesday,2026-01-19,2026-01,false,6f168c2c-529c-4ec8-9932-90d1b493cf87,0,806,806,0,0,467,339,0,0,0,0,0,0,0,0,-806,2100,-1294,210365,140000,Database Systems,1.6,3,60,3,2,Practice problems,43,true,true,47,2,true,true,28,4,true,false,0,0,true,false,0,false,false,20,false,false,0,0.5,4.3,6.8,8006,1.6,3.1,3.3,5.1,1.5,0.2786,0.4,1.12,0.4167,0.9444,67,45,43,34,41,77,MEDIUM,0,59
2026-01-21,Wednesday,2026-01-19,2026-01,false,6f168c2c-529c-4ec8-9932-90d1b493cf87,0,185,185,0,0,0,185,0,0,0,0,0,0,0,0,-185,2100,-1915,210180,140000,Communication Skills,1.9,4,78,5,4,Flashcards,23,false,false,0,2,true,true,26,5,true,true,13,1,true,false,0,false,false,20,true,false,0,0.5,4.7,7,4124,1.6,3.1,2.5,5.5,1.5,0.4143,0.4,1.04,0.4167,0.9722,70,45,23,31,34,82,LOW,0,70
2026-01-22,Thursday,2026-01-19,2026-01,false,6f168c2c-529c-4ec8-9932-90d1b493cf87,0,1023,1023,0,0,840,183,0,0,0,0,0,0,0,0,-1023,2100,-1077,209157,140000,System Design,2.6,4,82,2,2,Video and notes,18,true,false,0,0,true,true,26,6,true,true,15,2,true,true,1,false,false,20,false,false,0,0.75,4.8,7.5,4723,1.8,3.4,2.6,5.7,1.5,0.6,0.4,1.04,0.4167,1.0417,74,46,18,16,29,87,LOW,0,84
2026-01-23,Friday,2026-01-19,2026-01,false,6f168c2c-529c-4ec8-9932-90d1b493cf87,0,0,0,0,0,0,0,0,0,0,0,0,0,0,0,0,2100,-2100,209157,140000,Mathematics,1.2,3,61,5,4,Video and notes,45,true,true,49,1,true,true,28,7,true,false,0,0,true,true,2,false,false,20,false,false,0,0.75,5,6.8,9963,2.2,3.7,2.7,5.2,1.5,0.6857,0.6,1.12,0.4167,0.9444,77,46,45,16,37,82,LOW,0,70
2026-01-24,Saturday,2026-01-19,2026-01,true,6f168c2c-529c-4ec8-9932-90d1b493cf87,0,0,0,0,0,0,0,0,0,0,0,0,0,0,0,0,2600,-2600,209157,140000,,0,,,0,0,,62,true,true,52,2,true,true,39,8,true,true,14,1,true,false,0,false,false,20,false,false,0,0.75,5.2,7.4,8222,2.1,3.8,3.3,5.6,1.5,0.6857,0.8,1.5,0.4167,1.0278,82,46,62,18,43,78,MEDIUM,0,53
2026-01-25,Sunday,2026-01-19,2026-01,true,6f168c2c-529c-4ec8-9932-90d1b493cf87,0,2093,684,1409,0,684,0,0,0,0,0,1409,0,0,0,-2093,2600,-507,207064,140000,,0,,,0,0,,62,false,false,0,2,true,true,27,9,true,true,12,2,true,false,0,true,true,21,true,true,1,0.8,5.8,7.7,6662,2.2,4.2,3,6.5,1.5,0.6857,0.8,1.08,0.4167,1.0694,82,47,62,14,42,79,MEDIUM,0,54
2026-01-26,Monday,2026-01-26,2026-01,false,6f168c2c-529c-4ec8-9932-90d1b493cf87,0,1509,1509,0,0,1136,373,0,0,0,0,0,0,0,0,-1509,2100,-591,205555,140000,Data Structures,1.3,4,80,6,5,Video and notes,26,true,true,36,3,true,true,39,10,true,true,9,3,true,true,1,false,false,21,false,false,1,1,6.5,6.8,9945,2.1,3.5,2.3,5.7,1.5,0.0929,0.2,1.5,0.4167,0.9444,61,47,26,3,28,90,LOW,0,87
2026-01-27,Tuesday,2026-01-26,2026-01,false,6f168c2c-529c-4ec8-9932-90d1b493cf87,0,374,374,0,0,275,99,0,0,0,0,0,0,0,0,-374,2100,-1726,205181,140000,System Design,3.1,3,64,6,5,Practice problems,36,true,false,0,0,true,false,0,0,true,true,16,4,true,true,2,false,false,21,false,false,1,0.5,4.7,6.6,7256,1.7,3.2,3.1,5.6,1.5,0.3143,0.2,0,0.4167,0.9167,47,48,36,32,40,78,MEDIUM,0,65
2026-01-28,Wednesday,2026-01-26,2026-01,false,6f168c2c-529c-4ec8-9932-90d1b493cf87,0,377,377,0,0,0,377,0,0,0,0,0,0,0,0,-377,2100,-1723,204804,140000,,0,,,0,0,,62,false,false,0,0,true,true,32,1,true,false,0,0,true,true,3,false,false,21,true,false,0,0.5,4.2,6.9,5457,1.9,3,3,5.3,1.5,0.3143,0.2,1.28,0.4167,0.9583,65,48,62,31,47,73,MEDIUM,0,45
2026-01-29,Thursday,2026-01-26,2026-01,false,6f168c2c-529c-4ec8-9932-90d1b493cf87,0,1037,1037,0,0,1037,0,0,0,0,0,0,0,0,0,-1037,2100,-1063,203767,140000,System Design,2.1,4,80,5,4,Video and notes,20,true,true,27,1,true,true,23,2,true,true,13,1,true,false,0,false,false,21,false,false,0,0.75,4.2,6.7,10491,2,3.9,2.9,5.4,1.5,0.4643,0.4,0.92,0.4167,0.9306,69,48,20,16,31,86,LOW,0,79
2026-01-30,Friday,2026-01-26,2026-01,false,6f168c2c-529c-4ec8-9932-90d1b493cf87,0,3332,2320,1012,0,0,149,0,0,2171,0,0,1012,0,0,-3332,2100,1232,200435,140000,Mathematics,1.6,3,64,4,3,Flashcards,39,true,true,36,2,true,true,34,3,true,true,12,2,true,true,1,false,false,21,false,false,0,1,4.8,6.5,10531,2.1,3.7,2.5,5.5,1.5,0.5786,0.6,1.36,0.4167,0.9028,75,50,39,3,34,86,LOW,0,78
2026-01-31,Saturday,2026-01-26,2026-01,true,6f168c2c-529c-4ec8-9932-90d1b493cf87,0,2876,277,2599,0,277,0,0,0,0,0,1139,0,1460,0,-2876,2600,276,197559,140000,,0,,,0,0,,62,true,false,0,0,true,true,23,4,true,true,10,3,true,false,0,false,false,21,false,false,0,0.5,4.7,8,4886,2.1,3.7,2.2,6.9,1.5,0.5786,0.6,0.92,0.4167,1.1111,75,51,62,35,50,72,MEDIUM,0,45
2026-02-01,Sunday,2026-01-26,2026-02,true,6f168c2c-529c-4ec8-9932-90d1b493cf87,85000,0,0,0,0,0,0,0,0,0,0,0,0,0,0,85000,2600,-2600,282559,140000,Database Systems,2.3,5,97,4,4,Practice problems,5,false,false,0,0,true,false,0,0,true,false,0,0,true,true,1,true,true,22,true,true,1,0.6,4,7,5601,2,3.8,2.1,6.7,1.5,0.7429,0.6,0,0.4167,0.9722,62,20,5,28,18,93,LOW,0,87
2026-02-02,Monday,2026-02-02,2026-02,false,6f168c2c-529c-4ec8-9932-90d1b493cf87,0,22860,22860,0,22000,466,394,0,0,0,0,0,0,0,0,-22860,2100,20760,259699,140000,,0,,,0,0,,62,true,true,40,1,true,true,33,1,true,false,0,0,true,true,2,false,false,22,false,false,1,0.75,4.5,7.2,8078,2,3.2,2.7,5.1,1.5,0,0.2,1.32,0.4167,1,60,42,62,16,41,79,MEDIUM,1,53
2026-02-03,Tuesday,2026-02-02,2026-02,false,6f168c2c-529c-4ec8-9932-90d1b493cf87,0,624,624,0,0,624,0,0,0,0,0,0,0,0,0,-624,2100,-1476,259075,140000,Data Structures,2,4,80,3,3,Video and notes,20,true,true,36,2,true,true,41,2,true,false,0,0,true,true,3,false,false,22,false,false,1,0.75,5,7.2,10657,1.7,4.2,2.9,5.8,1.5,0.1429,0.4,1.5,0.4167,1,66,32,20,16,24,90,LOW,0,84
2026-02-04,Wednesday,2026-02-02,2026-02,false,6f168c2c-529c-4ec8-9932-90d1b493cf87,0,336,336,0,0,0,336,0,0,0,0,0,0,0,0,-336,2100,-1764,258739,140000,System Design,2.1,5,97,6,6,Video and notes,5,false,false,0,2,true,true,31,3,true,false,0,0,true,true,4,false,false,22,true,true,2,0.75,5.5,7.6,4075,1.7,3.7,2.3,4.7,1.5,0.2929,0.4,1.24,0.4167,1.0556,68,33,5,16,20,93,LOW,0,91
2026-02-05,Thursday,2026-02-02,2026-02,false,6f168c2c-529c-4ec8-9932-90d1b493cf87,0,3594,3594,0,0,0,281,3313,0,0,0,0,0,0,0,-3594,2100,1494,255145,140000,,0,,,0,0,,62,true,true,46,3,true,true,41,4,true,true,16,1,true,false,0,false,false,22,false,false,2,0.75,5.3,6.9,10876,1.8,3.2,2.2,4.7,1.5,0.2929,0.6,1.5,0.4167,0.9583,71,35,62,16,38,81,MEDIUM,0,53
2026-02-06,Friday,2026-02-02,2026-02,false,6f168c2c-529c-4ec8-9932-90d1b493cf87,0,169,169,0,0,0,169,0,0,0,0,0,0,0,0,-169,2100,-1931,254976,140000,Data Analytics,1.9,5,97,3,3,Flashcards,5,true,true,44,4,true,true,40,5,true,true,13,2,true,false,0,false,false,22,false,false,2,0.75,5.8,7.7,9665,1.8,4.4,2.1,4.7,1.5,0.4286,0.8,1.5,0.4167,1.0694,77,35,5,16,21,92,LOW,0,91
2026-02-07,Saturday,2026-02-02,2026-02,true,6f168c2c-529c-4ec8-9932-90d1b493cf87,0,2223,899,1324,0,0,0,899,0,0,0,0,0,1324,0,-2223,2600,-377,252753,140000,,0,,,0,0,,62,true,false,0,0,true,true,24,6,true,true,9,3,true,false,0,false,false,22,false,false,2,0.5,5.5,7.6,7044,1.6,3.6,2.4,6.8,1.5,0.4286,0.8,0.96,0.4167,1.0556,77,36,62,34,43,76,MEDIUM,0,45
2026-02-08,Sunday,2026-02-02,2026-02,true,6f168c2c-529c-4ec8-9932-90d1b493cf87,0,799,0,799,0,0,0,0,0,0,0,0,0,0,799,-799,2600,-1801,251954,140000,,0,,,0,0,,62,false,false,0,0,true,true,45,7,true,false,0,0,true,false,0,true,true,23,true,true,3,0.6,5.5,7.8,6556,2.1,4.5,2.2,6.3,1.5,0.4286,0.8,1.5,0.4167,1.0833,77,36,62,26,41,78,MEDIUM,0,48
2026-02-09,Monday,2026-02-09,2026-02,false,6f168c2c-529c-4ec8-9932-90d1b493cf87,0,1101,1101,0,0,794,307,0,0,0,0,0,0,0,0,-1101,2100,-999,250853,140000,Mathematics,1.7,4,75,4,3,Practice problems,27,true,false,0,0,true,false,0,0,true,true,18,1,true,false,0,false,false,23,false,false,3,0.25,4.5,6.8,4454,1.7,3.4,2.3,5.1,1.5,0.1214,0,0,0.4167,0.9444,41,37,27,47,37,78,LOW,1,60
2026-02-10,Tuesday,2026-02-09,2026-02,false,6f168c2c-529c-4ec8-9932-90d1b493cf87,0,8127,8127,0,0,0,127,0,8000,0,0,0,0,0,0,-8127,2100,6027,242726,132000,Mathematics,3.1,5,100,6,6,Practice problems,5,true,true,48,1,true,true,24,1,true,false,0,0,true,true,1,false,false,23,false,false,3,0.75,4.8,7.6,8961,1.7,4.5,1.9,5.9,1.5,0.3429,0.2,0.96,0.5,1.0556,67,51,5,16,27,88,LOW,0,93
2026-02-11,Wednesday,2026-02-09,2026-02,false,6f168c2c-529c-4ec8-9932-90d1b493cf87,0,923,923,0,0,691,232,0,0,0,0,0,0,0,0,-923,2100,-1177,241803,132000,,0,,,0,0,,62,false,false,0,1,true,true,44,2,true,true,13,1,true,false,0,false,false,23,true,true,4,0.75,5.2,7.1,4078,1.8,4,2.8,6.2,1.5,0.3429,0.2,1.5,0.5,0.9861,67,42,62,16,41,79,MEDIUM,0,53
2026-02-12,Thursday,2026-02-09,2026-02,false,6f168c2c-529c-4ec8-9932-90d1b493cf87,0,290,290,0,0,0,290,0,0,0,0,0,0,0,0,-290,2100,-1810,241513,132000,,0,,,0,0,,62,true,false,0,0,true,true,36,3,true,true,11,2,true,true,1,false,false,23,false,false,4,0.75,5.5,6.6,7196,1.9,3.2,2.3,5.4,1.5,0.3429,0.2,1.44,0.5,0.9167,66,42,62,16,41,79,MEDIUM,0,53
2026-02-13,Friday,2026-02-09,2026-02,false,6f168c2c-529c-4ec8-9932-90d1b493cf87,0,995,995,0,0,700,295,0,0,0,0,0,0,0,0,-995,2100,-1105,240518,132000,Communication Skills,3,4,85,4,4,Video and notes,15,true,true,40,1,true,true,25,4,true,true,11,3,true,true,2,false,false,23,false,false,4,1,6.2,7.5,10215,1.8,3.7,1.7,5.5,1.5,0.5571,0.4,1,0.5,1.0417,74,42,15,3,23,93,LOW,0,93
2026-02-14,Saturday,2026-02-09,2026-02,true,6f168c2c-529c-4ec8-9932-90d1b493cf87,0,1310,755,555,0,755,0,0,0,0,0,555,0,0,0,-1310,2600,-1290,239208,132000,,0,,,0,0,,62,true,true,35,2,true,false,0,0,true,true,18,4,true,true,3,false,false,23,false,false,4,0.75,6,7.5,11342,2.1,4.3,1.9,6.4,1.5,0.5571,0.6,0,0.5,1.0417,61,43,62,17,41,79,MEDIUM,0,53
2026-02-15,Sunday,2026-02-09,2026-02,true,6f168c2c-529c-4ec8-9932-90d1b493cf87,0,1253,0,1253,0,0,0,0,0,0,0,746,0,507,0,-1253,2600,-1347,237955,132000,,0,,,0,0,,62,false,false,0,2,true,false,0,0,true,true,11,5,true,true,4,true,true,24,true,false,0,0.6,5.8,8.1,5985,1.9,4.3,2.3,6.4,1.5,0.5571,0.6,0,0.5,1.125,61,44,62,26,44,76,MEDIUM,0,48
2026-02-16,Monday,2026-02-16,2026-02,false,6f168c2c-529c-4ec8-9932-90d1b493cf87,0,102,102,0,0,0,102,0,0,0,0,0,0,0,0,-102,2100,-1998,237853,132000,Mathematics,1.1,4,79,4,4,Video and notes,28,true,true,53,3,true,true,34,1,true,true,9,6,true,true,5,false,false,24,false,false,0,1,6.5,6.8,10818,1.8,4,2.7,5.7,1.5,0.0786,0.2,1.36,0.5,0.9444,62,44,28,3,28,90,LOW,0,91
2026-02-17,Tuesday,2026-02-16,2026-02,false,6f168c2c-529c-4ec8-9932-90d1b493cf87,0,229,229,0,0,0,229,0,0,0,0,0,0,0,0,-229,2100,-1871,237624,132000,,0,,,0,0,,62,true,true,45,4,true,true,29,2,true,true,9,7,true,true,6,false,false,24,false,false,0,1,7.2,7.6,8236,2.2,4.1,2.3,5.8,1.5,0.0786,0.4,1.16,0.5,1.0556,66,44,62,3,38,83,MEDIUM,0,60
2026-02-18,Wednesday,2026-02-16,2026-02,false,6f168c2c-529c-4ec8-9932-90d1b493cf87,0,3274,1553,1721,0,1159,394,0,0,0,0,0,1721,0,0,-3274,2100,1174,234350,132000,Data Analytics,1.9,5,97,4,4,Video and notes,5,false,false,0,4,true,true,38,3,true,false,0,0,true,true,7,false,false,24,true,true,1,0.75,6.5,7.4,4735,2.2,3.8,2,5,1.5,0.2143,0.4,1.5,0.5,1.0278,69,46,5,16,25,90,LOW,0,91
2026-02-19,Thursday,2026-02-16,2026-02,false,6f168c2c-529c-4ec8-9932-90d1b493cf87,0,1069,1069,0,0,679,390,0,0,0,0,0,0,0,0,-1069,2100,-1031,233281,132000,,0,,,0,0,,62,true,true,32,5,true,true,35,4,true,true,13,1,true,true,8,false,false,24,false,false,1,1,7.2,7,10402,2,3.5,2.2,4.7,1.5,0.2143,0.6,1.4,0.5,0.9722,71,46,62,3,39,83,MEDIUM,0,60
2026-02-20,Friday,2026-02-16,2026-02,false,6f168c2c-529c-4ec8-9932-90d1b493cf87,0,916,916,0,0,788,128,0,0,0,0,0,0,0,0,-916,2100,-1184,232365,132000,System Design,2.4,4,81,3,3,Video and notes,19,true,true,53,6,true,false,0,0,true,true,11,2,true,true,9,false,false,24,false,false,1,0.75,7,7.3,8550,1.9,4,2.8,4.9,1.5,0.3857,0.8,0,0.5,1.0139,61,47,19,16,30,87,LOW,0,84
2026-02-21,Saturday,2026-02-16,2026-02,true,6f168c2c-529c-4ec8-9932-90d1b493cf87,0,1089,387,702,0,387,0,0,0,0,0,0,0,702,0,-1089,2600,-1511,231276,132000,,0,,,0,0,,62,true,true,45,7,true,true,43,1,true,false,0,0,true,true,10,false,false,24,false,false,1,0.75,7.2,7.3,11303,1.9,3.9,2.2,6.2,1.5,0.3857,1,1.5,0.5,1.0139,81,47,62,16,43,78,MEDIUM,0,53
2026-02-22,Sunday,2026-02-16,2026-02,true,6f168c2c-529c-4ec8-9932-90d1b493cf87,0,744,0,744,0,0,0,0,0,0,0,0,0,744,0,-744,2600,-1856,230532,132000,Data Analytics,2.2,4,83,6,5,Video and notes,17,false,false,0,7,true,true,41,2,true,true,15,1,true,true,11,true,true,25,true,true,2,1,8,7.3,6678,2.2,3.6,1.9,6.1,1.5,0.5429,1,1.5,0.5,1.0139,84,48,17,3,26,91,LOW,0,88
2026-02-23,Monday,2026-02-23,2026-02,false,6f168c2c-529c-4ec8-9932-90d1b493cf87,0,1002,1002,0,0,630,372,0,0,0,0,0,0,0,0,-1002,2100,-1098,229530,132000,,0,,,0,0,,62,true,false,0,0,true,true,30,3,true,true,16,2,true,true,12,false,false,25,false,false,2,0.75,7.3,6.9,5939,1.7,3.8,2,5.6,1.5,0,0,1.2,0.5,0.9583,58,48,62,16,43,78,MEDIUM,0,53
2026-02-24,Tuesday,2026-02-23,2026-02,false,6f168c2c-529c-4ec8-9932-90d1b493cf87,0,948,948,0,0,318,0,0,0,630,0,0,0,0,0,-948,2100,-1152,228582,132000,Database Systems,2.8,4,84,2,2,Video and notes,16,true,true,34,1,true,true,39,4,true,true,15,3,true,true,13,false,false,25,false,false,2,1,8,7.3,8461,1.7,4.4,1.9,4.5,1.5,0.2,0.2,1.5,0.5,1.0139,65,49,16,3,26,91,LOW,0,93
2026-02-25,Wednesday,2026-02-23,2026-02,false,6f168c2c-529c-4ec8-9932-90d1b493cf87,0,749,749,0,0,357,392,0,0,0,0,0,0,0,0,-749,2100,-1351,227833,132000,,0,,,0,0,,62,false,false,0,1,true,true,42,5,true,true,16,4,true,true,14,false,false,25,true,true,3,1,8.7,6.9,4057,2.1,3.3,2.7,5.6,1.5,0.2,0.2,1.5,0.5,0.9583,64,49,62,3,40,82,MEDIUM,0,60
2026-02-26,Thursday,2026-02-23,2026-02,false,6f168c2c-529c-4ec8-9932-90d1b493cf87,0,1503,408,1095,0,0,408,0,0,0,0,1095,0,0,0,-1503,2100,-597,226330,132000,,0,,,0,0,,62,true,true,45,2,true,true,29,6,true,true,9,5,true,true,15,false,false,25,false,false,3,1,9.3,7.2,10868,2.1,3.4,1.9,5.3,1.5,0.2,0.4,1.16,0.5,1,68,50,62,3,40,82,MEDIUM,0,60
2026-02-27,Friday,2026-02-23,2026-02,false,6f168c2c-529c-4ec8-9932-90d1b493cf87,0,350,350,0,0,0,350,0,0,0,0,0,0,0,0,-350,2100,-1750,225980,132000,,0,,,0,0,,62,true,true,50,3,true,true,37,7,true,true,10,6,true,false,0,false,false,25,false,false,3,0.75,7.3,6.7,9889,2,3.8,2.3,5.6,1.5,0.2,0.6,1.48,0.5,0.9306,71,50,62,16,44,77,MEDIUM,0,53
2026-02-28,Saturday,2026-02-23,2026-02,true,6f168c2c-529c-4ec8-9932-90d1b493cf87,0,0,0,0,0,0,0,0,0,0,0,0,0,0,0,0,2600,-2600,225980,132000,,0,,,0,0,,62,true,false,0,0,true,false,0,0,true,true,12,7,true,true,1,false,false,25,false,false,3,0.5,6,7.2,6771,1.7,4.1,2.2,5.5,1.5,0.2,0.6,0,0.5,1,55,50,62,31,48,73,MEDIUM,0,45
2026-03-01,Sunday,2026-02-23,2026-03,true,6f168c2c-529c-4ec8-9932-90d1b493cf87,85000,0,0,0,0,0,0,0,0,0,0,0,0,0,0,85000,2600,-2600,310980,132000,,0,,,0,0,,62,false,false,0,0,true,false,0,0,true,false,0,0,true,false,0,true,true,26,true,true,4,0.4,5,7.3,5002,1.9,3.8,1.9,6.1,1.5,0.2,0.6,0,0.5,1.0139,55,20,62,38,38,79,MEDIUM,1,42
2026-03-02,Monday,2026-03-02,2026-03,false,6f168c2c-529c-4ec8-9932-90d1b493cf87,0,22928,22928,0,22000,753,175,0,0,0,0,0,0,0,0,-22928,2100,20828,288052,132000,,0,,,0,0,,62,true,true,43,1,true,true,26,1,true,true,17,1,true,true,1,false,false,26,false,false,4,1,5.7,7.6,9009,1.7,3.5,2.3,5.2,1.5,0,0.2,1.04,0.5,1.0556,62,42,62,3,37,84,LOW,1,60
2026-03-03,Tuesday,2026-03-02,2026-03,false,6f168c2c-529c-4ec8-9932-90d1b493cf87,0,684,684,0,0,433,251,0,0,0,0,0,0,0,0,-684,2100,-1416,287368,132000,Communication Skills,2.4,5,98,6,6,Flashcards,5,true,true,44,2,true,true,33,2,true,true,12,2,true,false,0,false,false,26,false,false,4,0.75,6,7.5,9632,1.8,4.1,1.7,4.6,1.5,0.1714,0.4,1.32,0.5,1.0417,68,33,5,16,20,93,LOW,0,92
2026-03-04,Wednesday,2026-03-02,2026-03,false,6f168c2c-529c-4ec8-9932-90d1b493cf87,0,415,415,0,0,0,415,0,0,0,0,0,0,0,0,-415,2100,-1685,286953,132000,Data Structures,1.8,3,64,6,5,Practice problems,38,false,false,0,2,true,true,37,3,true,true,13,3,true,true,1,false,false,26,true,true,5,1,6.7,6.5,7087,1.8,4.2,2,4.6,1.5,0.3,0.4,1.48,0.5,0.9028,68,33,38,3,26,91,LOW,0,80
2026-03-05,Thursday,2026-03-02,2026-03,false,6f168c2c-529c-4ec8-9932-90d1b493cf87,0,4336,4336,0,0,337,174,3825,0,0,0,0,0,0,0,-4336,2100,2236,282617,132000,System Design,1.9,4,80,6,5,Flashcards,21,true,true,30,3,true,false,0,0,true,true,11,4,true,true,2,false,false,26,false,false,5,0.75,6.7,6.6,9334,2,3.3,1.6,4.7,1.5,0.4357,0.6,0,0.5,0.9167,58,45,21,16,30,87,LOW,0,79
2026-03-06,Friday,2026-03-02,2026-03,false,6f168c2c-529c-4ec8-9932-90d1b493cf87,0,853,853,0,0,553,300,0,0,0,0,0,0,0,0,-853,2100,-1247,281764,132000,Mathematics,2.4,4,81,4,4,Video and notes,19,true,false,0,0,true,true,24,1,true,true,9,5,true,true,3,false,false,26,false,false,5,0.75,6.7,7.3,6465,1.6,4.2,1.5,5,1.5,0.6071,0.6,0.96,0.5,1.0139,78,35,19,16,25,90,LOW,0,84
2026-03-07,Saturday,2026-03-02,2026-03,true,6f168c2c-529c-4ec8-9932-90d1b493cf87,0,1347,899,448,0,0,0,899,0,0,0,448,0,0,0,-1347,2600,-1253,280417,132000,,0,,,0,0,,62,true,true,42,1,true,true,40,2,true,true,9,6,true,false,0,false,false,26,false,false,5,0.75,6.7,8,11186,1.7,4.4,2.5,7,1.5,0.6071,0.8,1.5,0.5,1.1111,82,36,62,20,39,81,MEDIUM,0,53
2026-03-08,Sunday,2026-03-02,2026-03,true,6f168c2c-529c-4ec8-9932-90d1b493cf87,0,1120,0,1120,0,0,0,0,0,0,0,321,0,0,799,-1120,2600,-1480,279297,132000,Communication Skills,1.7,5,97,3,3,Flashcards,5,false,false,0,1,true,true,24,3,true,true,14,7,true,true,1,true,true,27,true,false,0,0.8,6.5,7.5,7178,2,3.8,1.8,6.1,1.5,0.7286,0.8,0.96,0.5,1.0417,83,37,5,13,21,93,LOW,0,93
2026-03-09,Monday,2026-03-09,2026-03,false,6f168c2c-529c-4ec8-9932-90d1b493cf87,0,1272,1272,0,0,956,316,0,0,0,0,0,0,0,0,-1272,2100,-828,278025,132000,Data Structures,1,5,92,6,6,Video and notes,16,true,true,41,2,true,true,26,4,true,false,0,0,true,false,0,false,false,27,false,false,0,0.5,5.5,6.8,8500,1.8,4.2,1.8,4.6,1.5,0.0714,0.2,1.04,0.5,0.9444,62,37,16,31,29,85,LOW,0,81
2026-03-10,Tuesday,2026-03-09,2026-03,false,6f168c2c-529c-4ec8-9932-90d1b493cf87,0,9006,9006,0,0,905,101,0,8000,0,0,0,0,0,0,-9006,2100,6906,269019,124000,Communication Skills,1.6,4,79,5,4,Practice problems,24,true,false,0,0,true,true,36,5,true,true,10,1,true,true,1,false,false,27,false,false,0,0.75,5.7,6.7,5497,2.1,4,1.9,4.5,1.5,0.1857,0.2,1.44,0.5833,0.9306,65,52,24,16,34,84,LOW,1,78
2026-03-11,Wednesday,2026-03-09,2026-03,false,6f168c2c-529c-4ec8-9932-90d1b493cf87,0,0,0,0,0,0,0,0,0,0,0,0,0,0,0,0,2100,-2100,269019,124000,System Design,1.5,5,96,3,3,Practice problems,8,false,false,0,0,true,true,43,6,true,false,0,0,true,true,2,false,false,27,true,true,1,0.75,6,7.7,6590,1.7,3.5,1.6,4.8,1.5,0.2929,0.2,1.5,0.5833,1.0694,68,42,8,16,25,90,LOW,0,91
2026-03-12,Thursday,2026-03-09,2026-03,false,6f168c2c-529c-4ec8-9932-90d1b493cf87,0,1019,1019,0,0,916,103,0,0,0,0,0,0,0,0,-1019,2100,-1081,268000,124000,Mathematics,2.2,3,66,3,2,Video and notes,34,true,true,29,1,true,true,33,7,true,true,18,1,true,true,3,false,false,27,false,false,1,1,6.7,7,10772,2.1,3.1,2.6,5.8,1.5,0.45,0.4,1.32,0.5833,0.9722,73,43,34,3,29,89,LOW,0,76
2026-03-13,Friday,2026-03-09,2026-03,false,6f168c2c-529c-4ec8-9932-90d1b493cf87,0,925,925,0,0,614,311,0,0,0,0,0,0,0,0,-925,2100,-1175,267075,124000,Mathematics,3,3,68,3,2,Video and notes,32,true,true,53,2,true,true,40,8,true,true,10,2,true,true,4,false,false,27,false,false,1,1,7.3,6.8,9980,2.2,3.4,1.9,4.5,1.5,0.6643,0.6,1.5,0.5833,0.9444,80,43,32,3,28,90,LOW,0,77
2026-03-14,Saturday,2026-03-09,2026-03,true,6f168c2c-529c-4ec8-9932-90d1b493cf87,0,0,0,0,0,0,0,0,0,0,0,0,0,0,0,0,2600,-2600,267075,124000,,0,,,0,0,,62,true,false,0,0,true,true,34,9,true,true,16,3,true,true,5,false,false,27,false,false,1,0.75,7.5,7.7,4401,1.7,3.4,2.4,5.9,1.5,0.6643,0.6,1.36,0.5833,1.0694,81,43,62,16,41,79,MEDIUM,0,53
2026-03-15,Sunday,2026-03-09,2026-03,true,6f168c2c-529c-4ec8-9932-90d1b493cf87,0,465,465,0,0,465,0,0,0,0,0,0,0,0,0,-465,2600,-2135,266610,124000,Database Systems,1.5,5,93,4,4,Practice problems,11,false,false,0,0,true,false,0,0,true,true,9,4,true,false,0,true,false,0,true,true,2,0.4,1,7.1,7187,2,4.3,1.7,5.7,1.5,0.7714,0.6,0,0.5833,0.9861,66,43,11,37,32,82,LOW,1,79
2026-03-16,Monday,2026-03-16,2026-03,false,6f168c2c-529c-4ec8-9932-90d1b493cf87,0,1186,1186,0,0,1046,140,0,0,0,0,0,0,0,0,-1186,2100,-914,265424,124000,Communication Skills,2.3,4,79,5,4,Flashcards,21,true,false,0,0,true,false,0,0,true,true,9,5,true,true,1,false,false,0,false,false,2,0.5,1.3,7.2,5454,2,4.2,2.2,5.1,1.5,0.1643,0,0,0.5833,1,46,44,21,31,33,83,LOW,0,71
2026-03-17,Tuesday,2026-03-16,2026-03,false,6f168c2c-529c-4ec8-9932-90d1b493cf87,0,128,128,0,0,0,128,0,0,0,0,0,0,0,0,-128,2100,-1972,265296,124000,System Design,2.6,4,82,2,2,Video and notes,18,true,true,39,1,true,true,40,1,true,true,9,6,true,false,0,false,false,0,false,false,2,0.75,1.7,7,11055,2,3.7,1.6,5.9,1.5,0.35,0.2,1.5,0.5833,0.9722,68,44,18,16,28,88,LOW,0,84
2026-03-18,Wednesday,2026-03-16,2026-03,false,6f168c2c-529c-4ec8-9932-90d1b493cf87,8408,400,400,0,0,0,400,0,0,0,0,0,0,0,0,8008,2100,-1700,273304,124000,Mathematics,2.5,4,82,5,5,Flashcards,18,false,false,0,1,true,true,23,2,true,false,0,0,true,true,1,false,false,0,true,true,3,0.75,1.2,7.3,4437,1.9,4.3,1.9,5.4,1.5,0.5286,0.2,0.92,0.5833,1.0139,71,42,18,16,28,88,LOW,0,84
2026-03-19,Thursday,2026-03-16,2026-03,false,6f168c2c-529c-4ec8-9932-90d1b493cf87,0,1017,1017,0,0,880,137,0,0,0,0,0,0,0,0,-1017,2100,-1083,272287,124000,,0,,,0,0,,62,true,true,54,2,true,false,0,0,true,true,18,1,true,true,2,false,false,0,false,false,3,0.75,1.3,7.1,10492,2.1,4.3,2.2,4.7,1.5,0.5286,0.4,0,0.5833,0.9861,58,43,62,16,41,79,MEDIUM,0,53
2026-03-20,Friday,2026-03-16,2026-03,false,6f168c2c-529c-4ec8-9932-90d1b493cf87,0,1334,1334,0,0,936,398,0,0,0,0,0,0,0,0,-1334,2100,-766,270953,124000,Data Analytics,1.8,4,77,6,5,Video and notes,25,true,false,0,0,true,true,34,1,true,false,0,0,true,true,3,false,false,0,false,false,3,0.5,1.2,6.7,7131,1.9,3.8,1.6,4.5,1.5,0.6571,0.4,1.36,0.5833,0.9306,76,43,25,31,34,82,LOW,0,70
2026-03-21,Saturday,2026-03-16,2026-03,true,6f168c2c-529c-4ec8-9932-90d1b493cf87,0,851,0,851,0,0,0,0,0,0,0,851,0,0,0,-851,2600,-1749,270102,124000,,0,,,0,0,,62,true,true,48,1,true,true,32,2,true,false,0,0,true,false,0,false,false,0,false,false,3,0.5,1,7.9,8025,1.7,4.1,1.4,5.7,1.5,0.6571,0.6,1.28,0.5833,1.0972,81,44,62,31,46,74,MEDIUM,0,45
2026-03-22,Sunday,2026-03-16,2026-03,true,6f168c2c-529c-4ec8-9932-90d1b493cf87,0,0,0,0,0,0,0,0,0,0,0,0,0,0,0,0,2600,-2600,270102,124000,Data Structures,3.1,4,84,4,4,Video and notes,16,false,false,0,1,true,true,44,3,true,true,9,1,true,true,1,true,true,1,true,false,0,0.8,1.2,7.9,7128,2.1,3.5,2.1,6.3,1.5,0.8786,0.6,1.5,0.5833,1.0972,84,44,16,14,27,89,LOW,0,87
2026-03-23,Monday,2026-03-23,2026-03,false,6f168c2c-529c-4ec8-9932-90d1b493cf87,0,1180,1180,0,0,926,254,0,0,0,0,0,0,0,0,-1180,2100,-920,268922,124000,Data Structures,2.9,4,85,2,2,Video and notes,15,true,true,54,2,true,true,35,4,true,true,17,2,true,true,2,false,false,1,false,false,0,1,1.8,6.6,8104,2,3.4,2.4,5.2,1.5,0.2071,0.2,1.4,0.5833,0.9167,65,44,15,3,24,92,LOW,0,93
2026-03-24,Tuesday,2026-03-23,2026-03,false,6f168c2c-529c-4ec8-9932-90d1b493cf87,0,94,94,0,0,0,94,0,0,0,0,0,0,0,0,-94,2100,-2006,268828,124000,Data Analytics,2,4,80,2,2,Practice problems,20,true,true,53,3,true,true,27,5,true,false,0,0,true,true,3,false,false,1,false,false,0,0.75,2,7.1,10609,2.1,3.7,2.3,4.8,1.5,0.35,0.4,1.08,0.5833,0.9861,72,44,20,16,29,87,LOW,0,84
2026-03-25,Wednesday,2026-03-23,2026-03,false,6f168c2c-529c-4ec8-9932-90d1b493cf87,0,247,247,0,0,0,247,0,0,0,0,0,0,0,0,-247,2100,-1853,268581,124000,Data Analytics,3.1,4,83,3,3,Video and notes,17,false,false,0,3,true,true,28,6,true,true,18,1,true,true,4,false,false,1,true,false,0,0.75,2.5,7.5,4801,2,4.5,1.6,4.8,1.5,0.5714,0.4,1.12,0.5833,1.0417,76,44,17,16,28,88,LOW,0,85
2026-03-26,Thursday,2026-03-23,2026-03,false,6f168c2c-529c-4ec8-9932-90d1b493cf87,0,1976,1976,0,0,537,241,0,0,0,1198,0,0,0,0,-1976,2100,-124,266605,124000,,0,,,0,0,,62,true,false,0,0,true,true,44,7,true,true,14,2,true,true,5,false,false,1,false,false,0,0.75,2.5,6.7,6715,2,4.2,1.7,5.5,1.5,0.5714,0.4,1.5,0.5833,0.9306,75,45,62,16,42,79,MEDIUM,0,53
2026-03-27,Friday,2026-03-23,2026-03,false,6f168c2c-529c-4ec8-9932-90d1b493cf87,0,394,394,0,0,0,394,0,0,0,0,0,0,0,0,-394,2100,-1706,266211,124000,,0,,,0,0,,62,true,true,47,1,true,true,38,8,true,false,0,0,true,true,6,false,false,1,false,false,0,0.75,2.7,7.5,10972,2.1,4.4,1.9,4.7,1.5,0.5714,0.6,1.5,0.5833,1.0417,79,46,62,16,42,79,MEDIUM,0,53
2026-03-28,Saturday,2026-03-23,2026-03,true,6f168c2c-529c-4ec8-9932-90d1b493cf87,0,0,0,0,0,0,0,0,0,0,0,0,0,0,0,0,2600,-2600,266211,124000,,0,,,0,0,,62,true,true,39,2,true,true,41,9,true,false,0,0,true,false,0,false,false,1,false,false,0,0.5,2,7.8,10051,1.8,4,2.7,6.3,1.5,0.5714,0.8,1.5,0.5833,1.0833,83,46,62,32,47,73,MEDIUM,0,45
2026-03-29,Sunday,2026-03-23,2026-03,true,6f168c2c-529c-4ec8-9932-90d1b493cf87,0,933,933,0,0,933,0,0,0,0,0,0,0,0,0,-933,2600,-1667,265278,124000,Mathematics,2,4,82,5,5,Flashcards,18,false,false,0,2,true,true,25,10,true,true,18,1,true,true,1,true,true,2,true,true,1,1,2.8,7.6,4233,2,3.7,2.7,6.7,1.5,0.7143,0.8,1,0.5833,1.0556,85,46,18,3,26,91,LOW,0,92
2026-03-30,Monday,2026-03-30,2026-03,false,6f168c2c-529c-4ec8-9932-90d1b493cf87,0,383,383,0,0,0,383,0,0,0,0,0,0,0,0,-383,2100,-1717,264895,124000,,0,,,0,0,,62,true,true,42,3,true,false,0,0,true,false,0,0,true,true,2,false,false,2,false,false,1,0.5,1.3,6.9,8434,1.6,4.2,2.2,4.7,1.5,0,0.2,0,0.5833,0.9583,46,46,62,31,47,73,MEDIUM,0,45
2026-03-31,Tuesday,2026-03-30,2026-03,false,6f168c2c-529c-4ec8-9932-90d1b493cf87,0,402,402,0,0,0,402,0,0,0,0,0,0,0,0,-402,2100,-1698,264493,124000,Mathematics,2.4,4,81,3,3,Video and notes,19,true,true,40,4,true,true,26,1,true,true,17,1,true,false,0,false,false,2,false,false,1,0.75,1.5,7.4,8560,1.7,4.3,2,5.1,1.5,0.1714,0.4,1.04,0.5833,1.0278,69,46,19,16,30,87,LOW,0,84
2026-04-01,Wednesday,2026-03-30,2026-04,false,6f168c2c-529c-4ec8-9932-90d1b493cf87,88000,147,147,0,0,0,147,0,0,0,0,0,0,0,0,87853,2100,-1953,352346,124000,Communication Skills,3,4,83,5,5,Flashcards,17,false,false,0,4,true,false,0,0,true,true,12,2,true,true,1,false,false,2,true,true,2,0.75,1.8,6.5,3875,1.7,3.7,2.2,4.9,1.5,0.3857,0.4,0,0.5833,0.9028,55,20,17,16,18,94,LOW,0,85
2026-04-02,Thursday,2026-03-30,2026-04,false,6f168c2c-529c-4ec8-9932-90d1b493cf87,0,22229,22229,0,22000,0,229,0,0,0,0,0,0,0,0,-22229,2100,20129,330117,124000,Communication Skills,1.3,3,61,5,4,Practice problems,45,true,true,41,5,true,true,33,1,true,false,0,0,true,true,2,false,false,2,false,false,2,0.75,2,7,11100,2.1,3.9,1.7,5,1.5,0.4786,0.6,1.32,0.5833,0.9722,77,41,45,16,35,83,LOW,1,70
2026-04-03,Friday,2026-03-30,2026-04,false,6f168c2c-529c-4ec8-9932-90d1b493cf87,0,1259,1259,0,0,1086,173,0,0,0,0,0,0,0,0,-1259,2100,-841,328858,124000,System Design,1.8,4,77,5,4,Video and notes,25,true,false,0,0,true,true,34,2,true,false,0,0,true,true,3,false,false,2,false,false,2,0.5,1.5,7.6,6991,1.9,4.1,2.4,5.5,1.5,0.6071,0.6,1.36,0.5833,1.0556,80,32,25,31,30,85,LOW,0,70
2026-04-04,Saturday,2026-03-30,2026-04,true,6f168c2c-529c-4ec8-9932-90d1b493cf87,0,3729,0,3729,0,0,0,0,0,0,0,1114,2615,0,0,-3729,2600,1129,325129,124000,,0,,,0,0,,62,true,true,28,1,true,true,33,3,true,false,0,0,true,false,0,false,false,2,false,false,2,0.5,1.3,7.1,11219,1.9,4.1,2.3,5.5,1.5,0.6071,0.8,1.32,0.5833,0.9861,83,34,62,31,42,77,MEDIUM,0,45
2026-04-05,Sunday,2026-03-30,2026-04,true,6f168c2c-529c-4ec8-9932-90d1b493cf87,0,4188,4188,0,0,287,0,3901,0,0,0,0,0,0,0,-4188,2600,1588,320941,124000,,0,,,0,0,,62,false,false,0,1,true,true,26,4,true,true,13,1,true,true,1,true,true,3,true,true,3,1,2.2,7.7,7053,2.3,4.3,1.7,5.5,1.5,0.6071,0.8,1.04,0.5833,1.0694,83,36,62,3,35,85,LOW,0,60
2026-04-06,Monday,2026-04-06,2026-04,false,6f168c2c-529c-4ec8-9932-90d1b493cf87,0,342,342,0,0,0,342,0,0,0,0,0,0,0,0,-342,2100,-1758,320599,124000,Database Systems,2.3,3,64,4,3,Video and notes,36,true,false,0,0,true,true,42,5,true,true,10,2,true,true,2,false,false,3,false,false,3,0.75,2.5,7.1,4737,1.9,3.6,2.5,4.7,1.5,0.1643,0,1.5,0.5833,0.9861,62,36,36,16,30,87,LOW,0,70
2026-04-07,Tuesday,2026-04-06,2026-04,false,6f168c2c-529c-4ec8-9932-90d1b493cf87,0,1066,1066,0,0,0,167,899,0,0,0,0,0,0,0,-1066,2100,-1034,319533,124000,Data Analytics,1.7,4,81,4,4,Practice problems,21,true,true,34,1,true,true,33,6,true,true,15,3,true,true,3,false,false,3,false,false,3,1,3.2,7.5,11288,2.2,3.5,2.6,4.9,1.5,0.2857,0.2,1.32,0.5833,1.0417,68,37,21,3,23,93,LOW,0,91
2026-04-08,Wednesday,2026-04-06,2026-04,false,6f168c2c-529c-4ec8-9932-90d1b493cf87,0,1100,301,799,0,0,301,0,0,0,0,0,0,0,799,-1100,2100,-1000,318433,124000,Communication Skills,1.8,4,79,4,4,Video and notes,23,false,false,0,1,true,true,23,7,true,false,0,0,true,true,4,false,false,3,true,true,4,0.75,3.2,6.5,7248,1.8,4,2,5.4,1.5,0.4143,0.2,0.92,0.5833,0.9028,67,37,23,16,27,88,LOW,0,83
2026-04-09,Thursday,2026-04-06,2026-04,false,6f168c2c-529c-4ec8-9932-90d1b493cf87,0,257,257,0,0,0,257,0,0,0,0,0,0,0,0,-257,2100,-1843,318176,124000,System Design,2.7,3,63,6,5,Video and notes,37,true,false,0,0,true,true,43,8,true,false,0,0,true,true,5,false,false,3,false,false,4,0.5,3.3,7,6408,1.9,3.8,2.5,4.9,1.5,0.6071,0.2,1.5,0.5833,0.9722,73,38,37,31,36,81,LOW,0,64
2026-04-10,Friday,2026-04-06,2026-04,false,6f168c2c-529c-4ec8-9932-90d1b493cf87,0,9097,8000,1097,0,0,0,0,8000,0,0,1097,0,0,0,-9097,2100,6997,309079,116000,System Design,3.2,3,69,5,4,Video and notes,31,true,true,48,1,true,true,34,9,true,true,18,1,true,true,6,false,false,3,false,false,4,1,4,7.2,9271,2.2,3.6,3,6,1.5,0.8357,0.4,1.36,0.6667,1,82,52,31,3,32,87,LOW,1,81
2026-04-11,Saturday,2026-04-06,2026-04,true,6f168c2c-529c-4ec8-9932-90d1b493cf87,0,0,0,0,0,0,0,0,0,0,0,0,0,0,0,0,2600,-2600,309079,116000,,0,,,0,0,,62,true,true,51,2,true,true,45,10,true,true,14,2,true,true,7,false,false,3,false,false,4,1,4.7,7.7,10977,1.8,3.8,3.1,5.9,1.5,0.8357,0.6,1.5,0.6667,1.0694,85,42,62,3,37,84,LOW,0,60
2026-04-12,Sunday,2026-04-06,2026-04,true,6f168c2c-529c-4ec8-9932-90d1b493cf87,0,3684,1080,2604,0,1080,0,0,0,0,0,1160,0,1444,0,-3684,2600,1084,305395,116000,Data Analytics,3.2,4,84,6,6,Video and notes,16,false,false,0,2,true,true,27,11,true,true,11,3,true,false,0,true,true,4,true,true,5,0.8,4.2,7.7,6325,2.2,4.1,2,5.5,1.5,1.0643,0.6,1.08,0.6667,1.0694,88,44,16,12,27,89,LOW,0,87
2026-04-13,Monday,2026-04-13,2026-04,false,6f168c2c-529c-4ec8-9932-90d1b493cf87,0,269,269,0,0,0,269,0,0,0,0,0,0,0,0,-269,2100,-1831,305126,116000,Data Analytics,3.1,4,85,6,6,Video and notes,15,true,true,32,3,true,true,33,12,true,true,12,4,true,true,1,false,false,4,false,false,5,1,4.8,7.5,9672,2.1,4.4,1.8,4.5,1.5,0.2214,0.2,1.32,0.6667,1.0417,68,44,15,3,24,92,LOW,0,93
2026-04-14,Tuesday,2026-04-13,2026-04,false,6f168c2c-529c-4ec8-9932-90d1b493cf87,0,272,272,0,0,0,272,0,0,0,0,0,0,0,0,-272,2100,-1828,304854,116000,,0,,,0,0,,62,true,true,28,4,true,true,38,13,true,true,14,5,true,true,2,false,false,4,false,false,5,1,5.5,6.9,9719,1.9,3.7,3,6.1,1.5,0.2214,0.4,1.5,0.6667,0.9583,71,44,62,3,38,83,MEDIUM,0,60
2026-04-15,Wednesday,2026-04-13,2026-04,false,6f168c2c-529c-4ec8-9932-90d1b493cf87,0,199,199,0,0,0,199,0,0,0,0,0,0,0,0,-199,2100,-1901,304655,116000,,0,,,0,0,,62,false,false,0,4,true,false,0,0,true,true,10,6,true,false,0,false,false,4,true,false,0,0.25,2.3,7.4,7106,1.7,3.7,2.6,6.1,1.5,0.2214,0.4,0,0.6667,1.0278,55,44,62,47,50,70,MEDIUM,1,38
2026-04-16,Thursday,2026-04-13,2026-04,false,6f168c2c-529c-4ec8-9932-90d1b493cf87,0,301,301,0,0,0,301,0,0,0,0,0,0,0,0,-301,2100,-1799,304354,116000,Mathematics,2.9,4,81,3,3,Practice problems,19,true,false,0,0,true,false,0,0,true,true,15,7,true,true,1,false,false,4,false,false,0,0.5,2,6.6,6486,1.7,3.9,2.1,5.7,1.5,0.4286,0.4,0,0.6667,0.9167,57,45,19,31,33,83,LOW,0,76
2026-04-17,Friday,2026-04-13,2026-04,false,6f168c2c-529c-4ec8-9932-90d1b493cf87,0,1154,1154,0,0,940,214,0,0,0,0,0,0,0,0,-1154,2100,-946,303200,116000,Mathematics,3,3,64,4,3,Practice problems,36,true,false,0,0,true,true,23,1,true,true,15,8,true,false,0,false,false,4,false,false,0,0.5,2.2,6.9,6749,1.7,3.9,3,5.2,1.5,0.6429,0.4,0.92,0.6667,0.9583,76,45,36,31,38,79,MEDIUM,0,63
2026-04-18,Saturday,2026-04-13,2026-04,true,6f168c2c-529c-4ec8-9932-90d1b493cf87,0,0,0,0,0,0,0,0,0,0,0,0,0,0,0,0,2600,-2600,303200,116000,,0,,,0,0,,62,true,true,45,1,true,true,33,2,true,true,15,9,true,true,1,false,false,4,false,false,0,1,2.8,8,10827,2.2,3.3,3,6.1,1.5,0.6429,0.6,1.32,0.6667,1.1111,82,45,62,3,38,83,MEDIUM,0,60
2026-04-19,Sunday,2026-04-13,2026-04,true,6f168c2c-529c-4ec8-9932-90d1b493cf87,0,0,0,0,0,0,0,0,0,0,0,0,0,0,0,0,2600,-2600,303200,116000,,0,,,0,0,,62,false,false,0,1,true,true,31,3,true,true,14,10,true,true,2,true,true,5,true,true,1,1,3.7,7.4,3824,2.2,3.7,2.9,5.6,1.5,0.6429,0.6,1.24,0.6667,1.0278,82,45,62,3,38,83,MEDIUM,0,60
2026-04-20,Monday,2026-04-20,2026-04,false,6f168c2c-529c-4ec8-9932-90d1b493cf87,0,0,0,0,0,0,0,0,0,0,0,0,0,0,0,0,2100,-2100,303200,116000,Communication Skills,1.8,4,81,6,5,Practice problems,21,true,true,35,2,true,true,34,4,true,true,17,11,true,true,3,false,false,5,false,false,1,1,4.3,7.1,8034,1.7,3.3,2.4,5,1.5,0.1286,0.2,1.36,0.6667,0.9861,66,45,21,3,26,91,LOW,0,87
2026-04-21,Tuesday,2026-04-20,2026-04,false,6f168c2c-529c-4ec8-9932-90d1b493cf87,0,2038,2038,0,0,0,0,0,0,2038,0,0,0,0,0,-2038,2100,-62,301162,116000,Data Structures,1.5,5,96,2,2,Flashcards,8,true,false,0,0,true,true,24,5,true,true,9,12,true,true,4,false,false,5,false,false,1,0.75,4.5,7.6,6798,1.9,4.3,2.4,5.5,1.5,0.2357,0.2,0.96,0.6667,1.0556,68,46,8,16,26,89,LOW,0,91
2026-04-22,Wednesday,2026-04-20,2026-04,false,6f168c2c-529c-4ec8-9932-90d1b493cf87,0,325,325,0,0,0,325,0,0,0,0,0,0,0,0,-325,2100,-1775,300837,116000,System Design,3.1,4,81,2,2,Practice problems,19,false,false,0,0,true,true,36,6,true,false,0,0,true,true,5,false,false,5,true,false,0,0.5,2.7,7.5,5265,1.9,4.1,3.1,5.7,1.5,0.4571,0.2,1.44,0.6667,1.0417,72,46,19,32,34,82,LOW,0,76
2026-04-23,Thursday,2026-04-20,2026-04,false,6f168c2c-529c-4ec8-9932-90d1b493cf87,0,2490,2490,0,0,0,172,0,0,2318,0,0,0,0,0,-2490,2100,390,298347,116000,Mathematics,2.3,4,77,5,4,Video and notes,23,true,false,0,0,true,true,28,7,true,false,0,0,true,false,0,false,false,5,false,false,0,0.25,2,6.7,4912,1.6,3.3,3.1,5.4,1.5,0.6214,0.2,1.12,0.6667,0.9306,74,48,23,47,40,76,MEDIUM,1,62
2026-04-24,Friday,2026-04-20,2026-04,false,6f168c2c-529c-4ec8-9932-90d1b493cf87,0,1568,350,1218,0,0,350,0,0,0,0,1218,0,0,0,-1568,2100,-532,296779,116000,Mathematics,1.2,4,80,5,4,Flashcards,26,true,true,54,1,true,true,24,8,true,true,17,1,true,true,1,false,false,5,false,false,0,1,2.7,7.2,11335,2.2,4,2.6,5.9,1.5,0.7071,0.4,0.96,0.6667,1,79,48,26,3,29,89,LOW,0,86
2026-04-25,Saturday,2026-04-20,2026-04,true,6f168c2c-529c-4ec8-9932-90d1b493cf87,0,422,0,422,0,0,0,0,0,0,0,0,0,422,0,-422,2600,-2178,296357,116000,,0,,,0,0,,62,true,true,34,2,true,true,39,9,true,false,0,0,true,false,0,false,false,5,false,false,0,0.5,2.7,8,8870,1.7,4.5,2.1,5.5,1.5,0.7071,0.6,1.5,0.6667,1.1111,83,49,62,31,48,73,MEDIUM,0,45
2026-04-26,Sunday,2026-04-20,2026-04,true,6f168c2c-529c-4ec8-9932-90d1b493cf87,0,2326,0,2326,0,0,0,0,0,0,0,1266,0,1060,0,-2326,2600,-274,294031,116000,Database Systems,1.3,4,77,3,3,Flashcards,29,false,false,0,2,true,true,34,10,true,true,18,1,true,false,0,true,true,6,true,false,0,0.6,3.2,7.3,5678,1.7,4,3.1,7,1.5,0.8,0.6,1.36,0.6667,1.0139,84,50,29,30,38,80,MEDIUM,0,78
2026-04-27,Monday,2026-04-27,2026-04,false,6f168c2c-529c-4ec8-9932-90d1b493cf87,0,1297,1297,0,0,1118,179,0,0,0,0,0,0,0,0,-1297,2100,-803,292734,116000,Data Structures,1.7,4,79,5,4,Video and notes,23,true,true,45,3,true,true,31,11,true,true,9,2,true,false,0,false,false,6,false,false,0,0.75,3.7,6.5,9449,2,3.2,2.5,5.2,1.5,0.1214,0.2,1.24,0.6667,0.9028,65,51,23,16,33,85,LOW,0,78
2026-04-28,Tuesday,2026-04-27,2026-04,false,6f168c2c-529c-4ec8-9932-90d1b493cf87,0,597,597,0,0,358,239,0,0,0,0,0,0,0,0,-597,2100,-1503,292137,116000,System Design,1.7,4,77,3,3,Flashcards,25,true,false,0,0,true,true,42,12,true,false,0,0,true,true,1,false,false,6,false,false,0,0.5,3.2,7.5,4308,1.8,4,2.5,4.7,1.5,0.2429,0.2,1.5,0.6667,1.0417,68,51,25,31,38,79,MEDIUM,0,75
2026-04-29,Wednesday,2026-04-27,2026-04,false,6f168c2c-529c-4ec8-9932-90d1b493cf87,0,1364,1364,0,0,1041,323,0,0,0,0,0,0,0,0,-1364,2100,-736,290773,116000,Data Analytics,2.6,3,63,4,3,Flashcards,37,false,false,0,0,true,true,29,13,true,false,0,0,true,true,2,false,false,6,true,false,0,0.5,3.5,7.5,5471,1.8,3.6,2.8,4.9,1.46,0.4286,0.2,1.16,0.6667,1.0417,72,52,37,31,42,77,MEDIUM,0,62
2026-04-30,Thursday,2026-04-27,2026-04,false,6f168c2c-529c-4ec8-9932-90d1b493cf87,0,846,846,0,0,582,264,0,0,0,0,0,0,0,0,-846,2100,-1254,289927,116000,Database Systems,2.9,4,83,2,2,Practice problems,17,true,true,40,1,true,true,44,14,true,false,0,0,true,true,3,false,false,6,false,false,0,0.75,4,7,8273,1.7,3.7,2.3,4.9,1.413,0.6357,0.4,1.5,0.6667,0.9722,78,52,17,16,31,86,LOW,0,85
2026-05-01,Friday,2026-04-27,2026-05,false,6f168c2c-529c-4ec8-9932-90d1b493cf87,88000,223,223,0,0,0,223,0,0,0,0,0,0,0,0,87777,2100,-1877,377704,116000,Data Analytics,1.3,4,78,2,2,Practice problems,28,true,true,31,2,true,true,45,15,true,false,0,0,true,true,4,false,false,6,false,false,0,0.75,4.5,7.2,8697,1.9,3.9,3.3,5.9,1.5,0.7286,0.6,1.5,0.6667,1,83,20,28,18,22,92,LOW,0,83
2026-05-02,Saturday,2026-04-27,2026-05,true,6f168c2c-529c-4ec8-9932-90d1b493cf87,0,24243,22653,1590,22000,653,0,0,0,0,0,0,0,1590,0,-24243,2600,21643,353461,116000,,0,,,0,0,,62,true,true,31,3,true,true,39,16,true,false,0,0,true,true,5,false,false,6,false,false,0,0.75,5,7.4,10837,1.8,4.2,2.2,5.4,1.5,0.7286,0.8,1.5,0.6667,1.0278,87,43,62,16,41,79,MEDIUM,1,53
2026-05-03,Sunday,2026-04-27,2026-05,true,6f168c2c-529c-4ec8-9932-90d1b493cf87,0,1157,721,436,0,721,0,0,0,0,0,436,0,0,0,-1157,2600,-1443,352304,116000,Communication Skills,2.3,4,81,3,3,Video and notes,19,false,false,0,3,true,false,0,0,true,true,11,1,true,true,6,true,true,7,true,true,1,0.8,3,7.8,5092,1.8,3.5,3.1,6.2,1.5,0.8929,0.8,0,0.6667,1.0833,73,33,19,14,23,91,LOW,0,85
2026-05-04,Monday,2026-05-04,2026-05,false,6f168c2c-529c-4ec8-9932-90d1b493cf87,0,331,331,0,0,0,331,0,0,0,0,0,0,0,0,-331,2100,-1769,351973,116000,,0,,,0,0,,62,true,true,27,4,true,false,0,0,true,true,10,2,true,false,0,false,false,7,false,false,1,0.5,2.3,7.7,8647,1.6,4.1,2.5,6,1.5,0,0.2,0,0.6667,1.0694,48,33,62,31,41,77,MEDIUM,0,45
2026-05-05,Tuesday,2026-05-04,2026-05,false,6f168c2c-529c-4ec8-9932-90d1b493cf87,0,3109,3109,0,0,0,192,2917,0,0,0,0,0,0,0,-3109,2100,1009,348864,116000,Mathematics,3,4,85,5,5,Practice problems,15,true,true,32,5,true,true,44,1,true,true,15,3,true,true,1,false,false,7,false,false,1,1,3,7,8925,1.9,3.4,2.2,4.8,1.5,0.2143,0.4,1.5,0.6667,0.9722,71,35,15,3,20,95,LOW,0,93
2026-05-06,Wednesday,2026-05-04,2026-05,false,6f168c2c-529c-4ec8-9932-90d1b493cf87,0,1127,1127,0,0,985,142,0,0,0,0,0,0,0,0,-1127,2100,-973,347737,116000,Database Systems,2.5,4,82,2,2,Video and notes,18,false,false,0,5,true,true,25,2,true,false,0,0,true,true,2,false,false,7,true,true,2,0.75,3,6.9,7040,1.6,3,3.1,5.9,1.5,0.3929,0.4,1,0.6667,0.9583,74,35,18,16,25,90,LOW,0,84
2026-05-07,Thursday,2026-05-04,2026-05,false,6f168c2c-529c-4ec8-9932-90d1b493cf87,0,2610,1662,948,0,668,95,899,0,0,0,948,0,0,0,-2610,2100,510,345127,116000,Communication Skills,2.8,4,80,5,4,Video and notes,20,true,true,48,6,true,false,0,0,true,true,12,1,true,false,0,false,false,7,false,false,2,0.5,2.7,6.8,9298,2.1,3.3,3,5.8,1.5,0.5929,0.6,0,0.6667,0.9444,63,37,20,31,30,85,LOW,0,71
2026-05-08,Friday,2026-05-04,2026-05,false,6f168c2c-529c-4ec8-9932-90d1b493cf87,0,1541,742,799,0,400,342,0,0,0,0,0,0,0,799,-1541,2100,-559,343586,116000,,0,,,0,0,,62,true,true,36,7,true,true,39,1,true,false,0,0,true,false,0,false,false,7,false,false,2,0.5,2.8,6.5,10380,1.6,3.3,2.9,5.4,1.5,0.5929,0.8,1.5,0.6667,0.9028,83,38,62,31,43,76,MEDIUM,0,45
2026-05-09,Saturday,2026-05-04,2026-05,true,6f168c2c-529c-4ec8-9932-90d1b493cf87,0,1457,625,832,0,625,0,0,0,0,0,832,0,0,0,-1457,2600,-1143,342129,116000,Communication Skills,1.5,4,79,5,4,Video and notes,25,true,true,36,8,true,true,41,2,true,false,0,0,true,true,1,false,false,7,false,false,2,0.75,3.3,7,9170,2,3.2,3.6,5.7,1.5,0.7,1,1.5,0.6667,0.9722,89,38,25,21,29,87,LOW,0,78
2026-05-10,Sunday,2026-05-04,2026-05,true,6f168c2c-529c-4ec8-9932-90d1b493cf87,0,8475,8475,0,0,475,0,0,8000,0,0,0,0,0,0,-8475,2600,5875,333654,108000,,0,,,0,0,,77,false,false,0,8,true,true,29,3,true,true,16,1,true,true,2,true,true,8,true,true,3,1,4.2,7.3,6611,1.8,3,3.6,5.9,1.5,0.7,1,1.16,0.75,1.0139,91,53,77,5,47,77,MEDIUM,1,60
2026-05-11,Monday,2026-05-11,2026-05,false,6f168c2c-529c-4ec8-9932-90d1b493cf87,0,654,654,0,0,654,0,0,0,0,0,0,0,0,0,-654,2100,-1446,333000,108000,Data Analytics,1.5,3,62,5,4,Flashcards,42,true,true,27,9,true,true,32,4,true,false,0,0,true,true,3,false,false,8,false,false,3,0.75,4.5,7.2,9930,1.9,4,3.3,5.2,1.5,0.1071,0.2,1.28,0.75,1,68,43,42,18,36,83,LOW,0,70
2026-05-12,Tuesday,2026-05-11,2026-05,false,6f168c2c-529c-4ec8-9932-90d1b493cf87,0,2243,337,1906,0,0,337,0,0,0,0,0,1906,0,0,-2243,2100,143,330757,108000,Database Systems,2,4,80,2,2,Video and notes,20,true,true,28,10,true,true,25,5,true,false,0,0,true,true,4,false,false,8,false,false,3,0.75,5,7.2,11479,1.6,3.2,3.1,5.5,1.5,0.25,0.4,1,0.75,1,73,44,20,16,29,87,LOW,0,84
2026-05-13,Wednesday,2026-05-11,2026-05,false,6f168c2c-529c-4ec8-9932-90d1b493cf87,0,955,955,0,0,776,179,0,0,0,0,0,0,0,0,-955,2100,-1145,329802,108000,,0,,,0,0,,77,false,false,0,10,true,false,0,0,true,true,17,1,true,true,5,false,false,8,true,true,4,0.75,4.7,6.9,5186,1.6,3.4,3.7,5.8,1.5,0.25,0.4,0,0.75,0.9583,56,45,77,22,48,75,MEDIUM,1,53
2026-05-14,Thursday,2026-05-11,2026-05,false,6f168c2c-529c-4ec8-9932-90d1b493cf87,0,897,897,0,0,668,229,0,0,0,0,0,0,0,0,-897,2100,-1203,328905,108000,,0,,,0,0,,77,true,false,0,0,true,true,39,1,true,false,0,0,true,false,0,false,false,8,false,false,4,0.25,2.2,7.5,4822,2,3.8,3,5.7,1.5,0.25,0.4,1.5,0.75,1.0417,73,45,77,47,55,66,MEDIUM,1,38
2026-05-15,Friday,2026-05-11,2026-05,false,6f168c2c-529c-4ec8-9932-90d1b493cf87,0,309,309,0,0,0,309,0,0,0,0,0,0,0,0,-309,2100,-1791,328596,108000,System Design,2.1,4,82,6,5,Video and notes,18,true,true,39,1,true,true,38,2,true,true,17,1,true,true,1,false,false,8,false,false,4,1,2.8,6.6,10688,2.1,3,3,5,1.5,0.4,0.6,1.5,0.75,0.9167,78,45,18,3,25,92,LOW,0,88
2026-05-16,Saturday,2026-05-11,2026-05,true,6f168c2c-529c-4ec8-9932-90d1b493cf87,0,0,0,0,0,0,0,0,0,0,0,0,0,0,0,0,2600,-2600,328596,108000,,0,,,0,0,,77,true,true,48,2,true,true,43,3,true,true,14,2,true,false,0,false,false,8,false,false,4,0.75,3.2,7.1,8002,2,3.2,4.1,6.3,1.5,0.4,0.8,1.5,0.75,0.9861,82,45,77,27,50,74,MEDIUM,1,53
2026-05-17,Sunday,2026-05-11,2026-05,true,6f168c2c-529c-4ec8-9932-90d1b493cf87,0,0,0,0,0,0,0,0,0,0,0,0,0,0,0,0,2600,-2600,328596,108000,System Design,2.2,3,62,2,2,Flashcards,38,false,false,0,2,true,true,38,4,true,false,0,0,true,false,0,true,true,9,true,true,5,0.6,3.3,7.9,5692,2.1,4,3.8,6,1.5,0.5571,0.8,1.5,0.75,1.0972,85,45,38,32,39,79,MEDIUM,0,71
2026-05-18,Monday,2026-05-18,2026-05,false,6f168c2c-529c-4ec8-9932-90d1b493cf87,9668,104,104,0,0,0,104,0,0,0,0,0,0,0,0,9564,2100,-1996,338160,108000,,0,,,0,0,,77,true,true,28,3,true,true,32,5,true,true,12,1,true,true,1,false,false,9,false,false,5,1,4,7.4,9130,2.2,3.5,4.1,5.3,1.5,0,0.2,1.28,0.75,1.0278,66,43,77,10,44,79,MEDIUM,0,60
2026-05-19,Tuesday,2026-05-18,2026-05,false,6f168c2c-529c-4ec8-9932-90d1b493cf87,0,0,0,0,0,0,0,0,0,0,0,0,0,0,0,0,2100,-2100,338160,108000,Data Analytics,3.4,3,67,2,2,Video and notes,33,true,false,0,0,true,true,33,6,true,true,15,2,true,true,2,false,false,9,false,false,5,0.75,4,7.3,4635,1.8,3.2,3.8,5.8,1.5,0.2429,0.2,1.32,0.75,1.0139,70,43,33,23,34,84,LOW,0,78
2026-05-20,Wednesday,2026-05-18,2026-05,false,6f168c2c-529c-4ec8-9932-90d1b493cf87,0,387,387,0,0,0,387,0,0,0,0,0,0,0,0,-387,2100,-1713,337773,108000,Communication Skills,4,3,71,2,2,Video and notes,29,false,false,0,0,true,true,30,7,true,true,10,3,true,true,3,false,false,9,true,true,6,1,4.7,7.3,4814,2.1,3.2,2.9,5.5,1.5,0.5286,0.2,1.2,0.75,1.0139,75,43,29,3,28,90,LOW,0,87
2026-05-21,Thursday,2026-05-18,2026-05,false,6f168c2c-529c-4ec8-9932-90d1b493cf87,0,2289,2289,0,0,270,213,0,0,1806,0,0,0,0,0,-2289,2100,189,335484,108000,Communication Skills,4,4,88,5,5,Video and notes,12,true,true,51,1,true,true,35,8,true,true,13,4,true,true,4,false,false,9,false,false,6,1,5.3,6.4,11085,2.1,2.7,3.7,5.8,1.5,0.8143,0.4,1.4,0.75,0.8889,81,44,12,6,24,92,LOW,0,95
2026-05-22,Friday,2026-05-18,2026-05,false,6f168c2c-529c-4ec8-9932-90d1b493cf87,0,1068,1068,0,0,798,270,0,0,0,0,0,0,0,0,-1068,2100,-1032,334416,108000,System Design,3.6,4,87,4,4,Video and notes,13,true,true,34,2,true,true,39,9,true,true,15,5,true,true,5,false,false,9,false,false,6,1,6,7.4,8739,2.1,3.3,3.4,5.5,1.5,1.0714,0.6,1.5,0.75,1.0278,89,45,13,4,24,92,LOW,0,94
2026-05-23,Saturday,2026-05-18,2026-05,true,6f168c2c-529c-4ec8-9932-90d1b493cf87,0,798,0,798,0,0,0,0,0,0,0,798,0,0,0,-798,2600,-1802,333618,108000,Mathematics,1.9,4,80,2,2,Video and notes,21,true,false,0,0,true,true,28,10,true,true,15,6,true,true,6,false,false,9,false,false,6,0.75,6.2,7.2,4786,1.6,3.3,3.2,6.6,1.5,1.2071,0.6,1.12,0.75,1,89,45,21,20,31,86,LOW,0,84
2026-05-24,Sunday,2026-05-18,2026-05,true,6f168c2c-529c-4ec8-9932-90d1b493cf87,0,754,754,0,0,754,0,0,0,0,0,0,0,0,0,-754,2600,-1846,332864,108000,Data Analytics,3.7,4,84,6,6,Video and notes,16,false,false,0,0,true,false,0,0,true,true,9,7,true,false,0,true,true,10,true,true,7,0.6,4,7.5,4194,2.2,3.9,3.3,6.9,1.5,1.4714,0.6,0,0.75,1.0417,73,45,16,31,32,84,LOW,0,81
2026-05-25,Monday,2026-05-25,2026-05,false,6f168c2c-529c-4ec8-9932-90d1b493cf87,0,385,385,0,0,0,385,0,0,0,0,0,0,0,0,-385,2100,-1715,332479,108000,Data Analytics,3.5,4,85,6,6,Flashcards,15,true,true,33,1,true,true,24,1,true,true,9,8,true,false,0,false,false,10,false,false,7,0.75,4.5,7.7,8806,1.8,4.3,3,5.3,1.5,0.25,0.2,0.96,0.75,1.0694,69,45,15,16,28,88,LOW,0,86
2026-05-26,Tuesday,2026-05-25,2026-05,false,6f168c2c-529c-4ec8-9932-90d1b493cf87,0,306,306,0,0,0,306,0,0,0,0,0,0,0,0,-306,2100,-1794,332173,108000,Database Systems,1.4,4,78,6,5,Practice problems,27,true,true,41,2,true,true,32,2,true,true,12,9,true,false,0,false,false,10,false,false,7,0.75,5,7.3,10074,2.2,3.3,3.8,5.7,1.5,0.35,0.4,1.28,0.75,1.0139,75,46,27,23,34,84,LOW,0,78
2026-05-27,Wednesday,2026-05-25,2026-05,false,6f168c2c-529c-4ec8-9932-90d1b493cf87,0,404,404,0,0,314,90,0,0,0,0,0,0,0,0,-404,2100,-1696,331769,108000,System Design,3.7,4,85,6,6,Practice problems,15,false,false,0,2,true,true,36,3,true,true,9,10,true,false,0,false,false,10,true,true,8,0.75,5.5,6.7,5711,1.9,3.7,3.3,5.5,1.5,0.6143,0.4,1.44,0.75,0.9306,78,46,15,18,29,87,LOW,0,86
2026-05-28,Thursday,2026-05-25,2026-05,false,6f168c2c-529c-4ec8-9932-90d1b493cf87,0,183,183,0,0,0,183,0,0,0,0,0,0,0,0,-183,2100,-1917,331586,108000,,0,,,0,0,,77,true,true,32,3,true,true,31,4,true,false,0,0,true,true,1,false,false,10,false,false,8,0.75,4.3,6.7,10771,2.1,3.7,3.6,5.4,1.5,0.6143,0.6,1.24,0.75,0.9306,82,46,77,21,48,75,MEDIUM,1,53
2026-05-29,Friday,2026-05-25,2026-05,false,6f168c2c-529c-4ec8-9932-90d1b493cf87,0,195,195,0,0,0,195,0,0,0,0,0,0,0,0,-195,2100,-1905,331391,108000,,0,,,0,0,,77,true,true,39,4,true,true,43,5,true,true,11,1,true,true,2,false,false,10,false,false,8,1,5,6.6,9743,2.2,3.7,3.1,4.9,1.5,0.6143,0.8,1.5,0.75,0.9167,85,46,77,3,43,80,MEDIUM,0,60
2026-05-30,Saturday,2026-05-25,2026-05,true,6f168c2c-529c-4ec8-9932-90d1b493cf87,0,428,0,428,0,0,0,0,0,0,0,428,0,0,0,-428,2600,-2172,330963,108000,Database Systems,3.1,3,64,3,2,Flashcards,36,true,false,0,0,true,true,42,6,true,false,0,0,true,true,3,false,false,10,false,false,8,0.5,4.5,6.9,6497,2,3.4,3.7,6.2,1.5,0.8357,0.8,1.5,0.75,0.9583,89,46,36,38,41,77,MEDIUM,0,60
2026-05-31,Sunday,2026-05-25,2026-05,true,6f168c2c-529c-4ec8-9932-90d1b493cf87,0,2244,459,1785,0,459,0,0,0,0,0,1053,732,0,0,-2244,2600,-356,328719,108000,Database Systems,1.7,3,64,4,3,Flashcards,38,false,false,0,0,true,true,41,7,true,true,9,1,true,true,4,true,true,11,true,true,9,1,5.3,7.9,4505,1.9,4.2,2.7,5.6,1.5,0.9571,0.8,1.5,0.75,1.0972,92,47,38,3,32,87,LOW,0,78
2026-06-01,Monday,2026-06-01,2026-06,false,6f168c2c-529c-4ec8-9932-90d1b493cf87,88000,1219,404,815,0,0,404,0,0,0,0,815,0,0,0,86781,2100,-881,415500,108000,,0,,,0,0,,77,true,true,46,1,true,false,0,0,true,true,18,2,true,true,5,false,false,11,false,false,9,0.75,4.7,7.1,9110,2.1,3.4,2.8,5.4,1.5,0,0.2,0,0.75,0.9861,49,21,77,16,36,83,LOW,0,53
2026-06-02,Tuesday,2026-06-01,2026-06,false,6f168c2c-529c-4ec8-9932-90d1b493cf87,0,22216,22216,0,22000,0,216,0,0,0,0,0,0,0,0,-22216,2100,20116,393284,108000,Communication Skills,1.3,4,78,3,3,Video and notes,28,true,false,0,0,true,true,32,1,true,true,11,3,true,true,6,false,false,11,false,false,9,0.75,5,6.7,6398,2,3.3,3,5.8,1.5,0.0929,0.2,1.28,0.75,0.9306,66,42,28,16,31,86,LOW,1,83
2026-06-03,Wednesday,2026-06-01,2026-06,false,6f168c2c-529c-4ec8-9932-90d1b493cf87,0,824,824,0,0,551,273,0,0,0,0,0,0,0,0,-824,2100,-1276,392460,108000,System Design,1,4,75,2,2,Practice problems,33,false,false,0,0,true,true,26,2,true,false,0,0,true,true,7,false,false,11,true,false,0,0.5,3.3,6.5,6201,2,3.1,3.2,6.1,1.5,0.1643,0.2,1.04,0.75,0.9028,67,32,33,33,33,83,LOW,0,74
2026-06-04,Thursday,2026-06-01,2026-06,false,6f168c2c-529c-4ec8-9932-90d1b493cf87,0,0,0,0,0,0,0,0,0,0,0,0,0,0,0,0,2100,-2100,392460,108000,,0,,,0,0,,77,true,true,37,1,true,true,33,3,true,true,12,1,true,true,8,false,false,11,false,false,0,1,4,7.1,11354,2.2,3.3,3,5.6,1.5,0.1643,0.4,1.32,0.75,0.9861,72,32,77,3,37,84,LOW,0,60
2026-06-05,Friday,2026-06-01,2026-06,false,6f168c2c-529c-4ec8-9932-90d1b493cf87,0,5425,4967,458,0,0,348,3224,0,0,1395,458,0,0,0,-5425,2100,3325,387035,108000,Data Analytics,3.4,3,67,2,2,Video and notes,33,true,true,50,2,true,true,39,4,true,true,11,2,true,false,0,false,false,11,false,false,0,0.75,3.2,6.5,8265,1.8,3.6,2.9,6.1,1.5,0.4071,0.6,1.5,0.75,0.9028,78,45,33,16,33,85,LOW,0,78
2026-06-06,Saturday,2026-06-01,2026-06,true,6f168c2c-529c-4ec8-9932-90d1b493cf87,0,0,0,0,0,0,0,0,0,0,0,0,0,0,0,0,2600,-2600,387035,108000,Communication Skills,2.6,3,67,4,3,Practice problems,33,true,true,52,3,true,true,45,5,true,true,13,3,true,true,1,false,false,11,false,false,0,1,3.8,7.2,9922,1.7,3.4,3,5.5,1.5,0.5929,0.8,1.5,0.75,1,86,35,33,3,25,92,LOW,0,79
2026-06-07,Sunday,2026-06-01,2026-06,true,6f168c2c-529c-4ec8-9932-90d1b493cf87,0,899,899,0,0,0,0,899,0,0,0,0,0,0,0,-899,2600,-1701,386136,108000,Data Structures,2.6,5,98,3,3,Video and notes,5,false,false,0,3,true,true,41,6,true,true,18,4,true,false,0,true,false,0,true,true,1,0.6,2.3,7.7,5379,1.7,3.3,2.8,6.6,1.5,0.7786,0.8,1.5,0.75,1.0694,89,36,5,27,24,89,LOW,0,87
2026-06-08,Monday,2026-06-08,2026-06,false,6f168c2c-529c-4ec8-9932-90d1b493cf87,0,1501,702,799,0,446,256,0,0,0,0,0,0,0,799,-1501,2100,-599,384635,108000,,0,,,0,0,,77,true,true,44,4,true,true,33,7,true,false,0,0,true,true,1,false,false,0,false,false,1,0.75,2.2,7.3,8730,2,4.2,2.6,5.4,1.5,0,0.2,1.32,0.75,1.0139,66,36,77,16,43,78,MEDIUM,0,53
2026-06-09,Tuesday,2026-06-08,2026-06,false,6f168c2c-529c-4ec8-9932-90d1b493cf87,0,667,667,0,0,280,387,0,0,0,0,0,0,0,0,-667,2100,-1433,383968,108000,Mathematics,1.4,3,61,6,5,Practice problems,44,true,true,39,5,true,true,41,8,true,true,10,1,true,false,0,false,false,0,false,false,1,0.75,2.5,7,10837,1.9,4,2.8,4.8,1.5,0.1,0.4,1.5,0.75,0.9722,70,37,44,16,33,85,LOW,0,71
2026-06-10,Wednesday,2026-06-08,2026-06,false,6f168c2c-529c-4ec8-9932-90d1b493cf87,0,9088,9088,0,0,1088,0,0,8000,0,0,0,0,0,0,-9088,2100,6988,374880,100000,Mathematics,2.9,4,81,6,5,Video and notes,19,false,false,0,5,true,true,24,9,true,false,0,0,true,false,0,false,false,0,true,true,2,0.5,2.7,6.6,5056,2,3.2,2.9,5.3,1.5,0.3071,0.4,0.96,0.8333,0.9167,74,51,19,31,36,81,LOW,1,72
2026-06-11,Thursday,2026-06-08,2026-06,false,6f168c2c-529c-4ec8-9932-90d1b493cf87,0,0,0,0,0,0,0,0,0,0,0,0,0,0,0,0,2100,-2100,374880,100000,Mathematics,2.7,3,63,5,4,Practice problems,37,true,false,0,0,true,true,34,10,true,true,13,1,true,false,0,false,false,0,false,false,2,0.5,2.2,7.4,4860,1.9,3.1,3.3,6.1,1.5,0.5,0.4,1.36,0.8333,1.0278,79,41,37,34,38,79,MEDIUM,0,63
2026-06-12,Friday,2026-06-08,2026-06,false,6f168c2c-529c-4ec8-9932-90d1b493cf87,0,359,359,0,0,0,359,0,0,0,0,0,0,0,0,-359,2100,-1741,374521,100000,Database Systems,2.3,3,62,4,3,Practice problems,38,true,true,40,1,true,true,36,11,true,false,0,0,true,false,0,false,false,0,false,false,2,0.5,2.3,6.5,9219,1.7,3.4,3.6,5.4,1.5,0.6643,0.6,1.44,0.8333,0.9028,83,42,38,36,39,79,MEDIUM,0,62
2026-06-13,Saturday,2026-06-08,2026-06,true,6f168c2c-529c-4ec8-9932-90d1b493cf87,0,2469,905,1564,0,905,0,0,0,0,0,0,0,1564,0,-2469,2600,-131,372052,100000,Database Systems,2.6,4,84,6,6,Flashcards,16,true,true,30,2,true,true,40,12,true,true,11,1,true,true,1,false,false,0,false,false,2,1,3,7.9,10803,1.9,3.6,2.8,6.3,1.5,0.85,0.8,1.5,0.8333,1.0972,91,43,16,3,24,92,LOW,0,93
2026-06-14,Sunday,2026-06-08,2026-06,true,6f168c2c-529c-4ec8-9932-90d1b493cf87,0,1893,1893,0,0,0,0,0,0,1893,0,0,0,0,0,-1893,2600,-707,370159,100000,System Design,1.9,3,65,3,2,Flashcards,36,false,false,0,2,true,true,25,13,true,true,12,2,true,true,2,true,true,1,true,true,3,1,3.8,7.4,4664,1.8,3.6,3.2,6.3,1.5,0.9857,0.8,1,0.8333,1.0278,94,44,36,3,30,89,LOW,0,76
2026-06-15,Monday,2026-06-15,2026-06,false,6f168c2c-529c-4ec8-9932-90d1b493cf87,0,1220,1220,0,0,1060,160,0,0,0,0,0,0,0,0,-1220,2100,-880,368939,100000,Data Structures,1.4,3,57,6,5,Flashcards,48,true,false,0,0,true,true,41,14,true,false,0,0,true,false,0,false,false,1,false,false,3,0.25,3,7,7091,1.9,3.8,3.4,4.8,1.5,0.1,0,1.5,0.8333,0.9722,65,44,48,50,47,71,MEDIUM,1,54
2026-06-16,Tuesday,2026-06-15,2026-06,false,6f168c2c-529c-4ec8-9932-90d1b493cf87,0,3351,681,2670,0,472,209,0,0,0,0,0,2670,0,0,-3351,2100,1251,365588,100000,Mathematics,1,3,56,5,4,Practice problems,52,true,true,53,1,true,false,0,0,true,false,0,0,true,false,0,false,false,1,false,false,3,0.25,0.8,7.3,9978,1.9,3.9,2.8,5.3,1.5,0.1714,0.2,0,0.8333,1.0139,53,46,52,47,48,71,MEDIUM,1,53
2026-06-17,Wednesday,2026-06-15,2026-06,false,6f168c2c-529c-4ec8-9932-90d1b493cf87,0,478,478,0,0,367,111,0,0,0,0,0,0,0,0,-478,2100,-1622,365110,100000,Data Analytics,1.8,4,79,6,5,Video and notes,23,false,false,0,1,true,true,30,1,true,false,0,0,true,true,1,false,false,1,true,true,4,0.75,1.3,6.7,6337,1.8,3.5,3.5,5.8,1.5,0.3,0.2,1.2,0.8333,0.9306,71,46,23,20,32,85,LOW,0,79
2026-06-18,Thursday,2026-06-15,2026-06,false,6f168c2c-529c-4ec8-9932-90d1b493cf87,0,385,385,0,0,0,385,0,0,0,0,0,0,0,0,-385,2100,-1715,364725,100000,Data Analytics,1.2,3,61,6,5,Video and notes,45,true,true,34,2,true,false,0,0,true,true,13,1,true,true,2,false,false,1,false,false,4,0.75,1.7,7,8895,1.7,3.7,3.5,5.4,1.5,0.3857,0.4,0,0.8333,0.9722,60,47,45,20,39,81,MEDIUM,0,71
2026-06-19,Friday,2026-06-15,2026-06,false,6f168c2c-529c-4ec8-9932-90d1b493cf87,0,166,166,0,0,0,166,0,0,0,0,0,0,0,0,-166,2100,-1934,364559,100000,Database Systems,3.3,4,84,5,5,Video and notes,16,true,true,52,3,true,true,29,1,true,false,0,0,true,true,3,false,false,1,false,false,4,0.75,2,7,10920,2,3.7,3.4,5,1.5,0.6214,0.6,1.16,0.8333,0.9722,84,47,16,19,30,87,LOW,0,85
2026-06-20,Saturday,2026-06-15,2026-06,true,6f168c2c-529c-4ec8-9932-90d1b493cf87,0,1639,1181,458,0,1181,0,0,0,0,0,458,0,0,0,-1639,2600,-961,362920,100000,,0,,,0,0,,77,true,false,0,0,true,true,41,2,true,false,0,0,true,true,4,false,false,1,false,false,4,0.5,1.8,7.1,3906,1.7,3.4,2.3,6.7,1.5,0.6214,0.6,1.5,0.8333,0.9861,84,48,77,34,53,70,MEDIUM,0,45
2026-06-21,Sunday,2026-06-15,2026-06,true,6f168c2c-529c-4ec8-9932-90d1b493cf87,0,0,0,0,0,0,0,0,0,0,0,0,0,0,0,0,2600,-2600,362920,100000,Data Structures,2.4,3,65,4,3,Flashcards,35,false,false,0,0,true,true,31,3,true,true,16,1,true,true,5,true,true,2,true,false,0,0.8,1.8,7.7,4633,2.1,3.3,3.2,6.1,1.5,0.7929,0.6,1.24,0.8333,1.0694,87,48,35,15,35,84,LOW,0,72
2026-06-22,Monday,2026-06-22,2026-06,false,6f168c2c-529c-4ec8-9932-90d1b493cf87,0,0,0,0,0,0,0,0,0,0,0,0,0,0,0,0,2100,-2100,362920,100000,Mathematics,3.8,4,85,3,3,Flashcards,15,true,true,50,1,true,true,34,4,true,false,0,0,true,true,6,false,false,2,false,false,0,0.75,2.2,6.7,8543,1.9,3.4,3.2,5.1,1.5,0.2714,0.2,1.36,0.8333,0.9306,71,48,15,17,29,87,LOW,0,86
2026-06-23,Tuesday,2026-06-22,2026-06,false,6f168c2c-529c-4ec8-9932-90d1b493cf87,0,985,985,0,0,0,338,0,0,647,0,0,0,0,0,-985,2100,-1115,361935,100000,Mathematics,2.2,4,83,5,5,Flashcards,17,true,true,43,2,true,true,42,5,true,true,9,1,true,true,7,false,false,2,false,false,0,1,2.8,6.9,10052,2.1,4,2.3,4.9,1.5,0.4286,0.4,1.5,0.8333,0.9583,77,48,17,3,26,91,LOW,0,92
2026-06-24,Wednesday,2026-06-22,2026-06,false,6f168c2c-529c-4ec8-9932-90d1b493cf87,0,718,718,0,0,0,205,0,0,513,0,0,0,0,0,-718,2100,-1382,361217,100000,Communication Skills,2.3,5,100,2,2,Video and notes,5,false,false,0,2,true,true,27,6,true,true,17,2,true,true,8,false,false,2,true,true,1,1,3.5,7.6,5687,1.9,3.6,1.7,4.6,1.5,0.5929,0.4,1.08,0.8333,1.0556,80,48,5,3,23,93,LOW,0,100
2026-06-25,Thursday,2026-06-22,2026-06,false,6f168c2c-529c-4ec8-9932-90d1b493cf87,0,230,230,0,0,0,230,0,0,0,0,0,0,0,0,-230,2100,-1870,360987,100000,Communication Skills,1.7,4,81,2,2,Flashcards,21,true,true,38,3,true,true,26,7,true,true,9,3,true,true,9,false,false,2,false,false,1,1,4.2,7.1,10741,1.8,4.2,2.3,5.8,1.5,0.7143,0.6,1.04,0.8333,0.9861,86,48,21,3,27,90,LOW,0,91
2026-06-26,Friday,2026-06-22,2026-06,false,6f168c2c-529c-4ec8-9932-90d1b493cf87,0,363,363,0,0,0,363,0,0,0,0,0,0,0,0,-363,2100,-1737,360624,100000,,0,,,0,0,,62,true,false,0,0,true,true,27,8,true,true,13,4,true,true,10,false,false,2,false,false,1,0.75,4.2,7.3,4787,1.8,3.3,2.3,5.3,1.5,0.7143,0.6,1.08,0.8333,1.0139,86,49,62,16,44,77,MEDIUM,0,53
2026-06-27,Saturday,2026-06-22,2026-06,true,6f168c2c-529c-4ec8-9932-90d1b493cf87,0,0,0,0,0,0,0,0,0,0,0,0,0,0,0,0,2600,-2600,360624,100000,,0,,,0,0,,62,true,true,35,1,true,true,44,9,true,false,0,0,true,true,11,false,false,2,false,false,1,0.75,4,7,8868,1.7,3.8,2.4,5.6,1.5,0.7143,0.8,1.5,0.8333,0.9722,89,49,62,16,44,77,MEDIUM,0,53
2026-06-28,Sunday,2026-06-22,2026-06,true,6f168c2c-529c-4ec8-9932-90d1b493cf87,0,1306,375,931,0,375,0,0,0,0,0,931,0,0,0,-1306,2600,-1294,359318,100000,Data Analytics,1.1,4,78,5,4,Video and notes,29,false,false,0,1,true,true,45,10,true,false,0,0,true,true,12,true,true,3,true,true,2,0.8,4.7,7,5299,1.8,3.5,1.9,6.6,1.5,0.7929,0.8,1.5,0.8333,0.9722,90,49,29,15,33,85,LOW,0,79
2026-06-29,Monday,2026-06-29,2026-06,false,6f168c2c-529c-4ec8-9932-90d1b493cf87,0,3556,1782,1774,0,786,94,0,0,902,0,0,1774,0,0,-3556,2100,1456,355762,100000,Mathematics,1.5,5,96,2,2,Video and notes,8,true,true,47,2,true,true,24,11,true,true,14,1,true,false,0,false,false,3,false,false,2,0.75,3.2,6.6,8988,1.9,3.2,1.8,4.7,1.5,0.1071,0.2,0.96,0.8333,0.9167,67,51,8,16,28,88,LOW,0,91
2026-06-30,Tuesday,2026-06-29,2026-06,false,6f168c2c-529c-4ec8-9932-90d1b493cf87,0,711,711,0,0,328,383,0,0,0,0,0,0,0,0,-711,2100,-1389,355051,100000,Data Analytics,2.9,3,66,2,2,Video and notes,34,true,true,42,3,true,true,25,12,true,true,14,2,true,false,0,false,false,3,false,false,2,0.75,3.7,7.1,11205,2.1,3.4,2.3,5.8,1.4629,0.3143,0.4,1,0.8333,0.9861,76,52,34,16,37,82,LOW,0,77
2026-07-01,Wednesday,2026-06-29,2026-07,false,6f168c2c-529c-4ec8-9932-90d1b493cf87,88000,0,0,0,0,0,0,0,0,0,0,0,0,0,0,88000,2100,-2100,443051,100000,Data Structures,2.3,5,98,6,6,Video and notes,5,false,false,0,3,true,false,0,0,true,true,16,3,true,true,1,false,false,3,true,true,3,0.75,2.2,7,7021,1.8,3.7,2.1,5,1.5,0.4786,0.4,0,0.8333,0.9722,61,20,5,16,14,97,LOW,0,92
2026-07-02,Thursday,2026-06-29,2026-07,false,6f168c2c-529c-4ec8-9932-90d1b493cf87,0,24342,22321,2021,22000,0,321,0,0,0,0,0,2021,0,0,-24342,2100,22242,418709,100000,,0,,,0,0,,62,true,true,51,4,true,false,0,0,true,true,15,4,true,true,2,false,false,3,false,false,3,0.75,2.7,7.4,9500,2.2,3.4,2.3,5.6,1.5,0.4786,0.6,0,0.8333,1.0278,65,42,62,16,41,79,MEDIUM,1,53
2026-07-03,Friday,2026-06-29,2026-07,false,6f168c2c-529c-4ec8-9932-90d1b493cf87,0,1584,1005,579,0,593,412,0,0,0,0,579,0,0,0,-1584,2100,-516,417125,100000,Data Structures,2.6,5,99,5,5,Video and notes,5,true,true,46,5,true,false,0,0,true,true,11,5,true,true,3,false,false,3,false,false,3,0.75,3.2,6.9,10366,1.7,3.7,2,5,1.5,0.6643,0.8,0,0.8333,0.9583,71,33,5,16,20,93,LOW,0,92
2026-07-04,Saturday,2026-06-29,2026-07,true,6f168c2c-529c-4ec8-9932-90d1b493cf87,0,854,267,587,0,267,0,0,0,0,0,587,0,0,0,-854,2600,-1746,416271,100000,,0,,,0,0,,62,true,true,46,6,true,true,40,1,true,true,15,6,true,true,4,false,false,3,false,false,3,1,3.8,7.9,10936,1.8,4.3,2.4,6.4,1.5,0.6643,1,1.5,0.8333,1.0972,92,34,62,3,34,86,LOW,0,60
2026-07-05,Sunday,2026-06-29,2026-07,true,6f168c2c-529c-4ec8-9932-90d1b493cf87,0,5416,4237,1179,0,1076,0,3161,0,0,0,0,0,1179,0,-5416,2600,2816,410855,100000,,0,,,0,0,,62,false,false,0,6,true,true,29,2,true,true,10,7,true,true,5,true,true,4,true,true,4,1,4.7,8,4623,1.9,3.9,1.7,6.2,1.5,0.6643,1,1.16,0.8333,1.1111,92,46,62,3,39,83,MEDIUM,0,60
2026-07-06,Monday,2026-07-06,2026-07,false,6f168c2c-529c-4ec8-9932-90d1b493cf87,0,1553,1553,0,0,1247,306,0,0,0,0,0,0,0,0,-1553,2100,-547,409302,100000,Communication Skills,1.1,4,77,5,4,Video and notes,30,true,true,46,7,true,true,23,3,true,false,0,0,true,true,6,false,false,4,false,false,4,0.75,4,6.6,8809,1.9,4.2,2.1,5.3,1.5,0.0786,0.2,0.92,0.8333,0.9167,66,37,30,16,29,87,LOW,0,77
2026-07-07,Tuesday,2026-07-06,2026-07,false,6f168c2c-529c-4ec8-9932-90d1b493cf87,0,1159,1159,0,0,0,260,899,0,0,0,0,0,0,0,-1159,2100,-941,408143,100000,,0,,,0,0,,62,true,true,32,8,true,true,38,4,true,true,12,1,true,false,0,false,false,4,false,false,4,0.75,3.5,6.9,8040,2.2,4.4,1.7,5.1,1.5,0.0786,0.4,1.5,0.8333,0.9583,71,38,62,16,39,81,MEDIUM,0,53
2026-07-08,Wednesday,2026-07-06,2026-07,false,6f168c2c-529c-4ec8-9932-90d1b493cf87,0,1045,246,799,0,0,246,0,0,0,0,0,0,0,799,-1045,2100,-1055,407098,100000,Communication Skills,1.4,4,80,4,4,Practice problems,25,false,false,0,8,true,true,25,5,true,true,17,2,true,true,1,false,false,4,true,true,5,1,4.2,7.1,5305,2,3.7,1.9,5.1,1.5,0.1786,0.4,1,0.8333,0.9861,73,38,25,3,24,92,LOW,0,91
2026-07-09,Thursday,2026-07-06,2026-07,false,6f168c2c-529c-4ec8-9932-90d1b493cf87,0,462,136,326,0,0,136,0,0,0,0,326,0,0,0,-462,2100,-1638,406636,100000,Data Structures,2.8,3,63,3,2,Practice problems,37,true,true,41,9,true,true,28,6,true,false,0,0,true,false,0,false,false,4,false,false,5,0.5,4,7.2,8840,2,3.4,2.1,5.8,1.5,0.3786,0.6,1.12,0.8333,1,80,39,37,31,36,81,LOW,0,60
2026-07-10,Friday,2026-07-06,2026-07,false,6f168c2c-529c-4ec8-9932-90d1b493cf87,0,9953,8997,956,0,997,0,0,8000,0,0,956,0,0,0,-9953,2100,7853,396683,92000,Data Analytics,2.3,3,62,4,3,Video and notes,38,true,true,54,10,true,true,29,7,true,false,0,0,true,false,0,false,false,4,false,false,5,0.5,4.3,7.7,8690,1.7,4.3,2.4,4.9,1.5,0.5429,0.8,1.16,0.9167,1.0694,88,54,38,31,43,76,MEDIUM,1,62
2026-07-11,Saturday,2026-07-06,2026-07,true,6f168c2c-529c-4ec8-9932-90d1b493cf87,0,917,917,0,0,917,0,0,0,0,0,0,0,0,0,-917,2600,-1683,395766,92000,,0,,,0,0,,62,true,true,35,11,true,true,30,8,true,true,13,1,true,false,0,false,false,4,false,false,5,0.75,4.8,7,11032,1.7,4,2.6,6.7,1.5,0.5429,1,1.2,0.9167,0.9722,91,44,62,18,42,79,MEDIUM,0,53
2026-07-12,Sunday,2026-07-06,2026-07,true,6f168c2c-529c-4ec8-9932-90d1b493cf87,0,1090,1090,0,0,1090,0,0,0,0,0,0,0,0,0,-1090,2600,-1510,394676,92000,,0,,,0,0,,62,false,false,0,11,true,true,43,9,true,true,17,2,true,true,1,true,true,5,true,true,6,1,5.7,7.7,4913,2.1,4.1,2,6.2,1.5,0.5429,1,1.5,0.9167,1.0694,91,45,62,3,38,83,MEDIUM,0,60
2026-07-13,Monday,2026-07-13,2026-07,false,6f168c2c-529c-4ec8-9932-90d1b493cf87,0,996,996,0,0,805,191,0,0,0,0,0,0,0,0,-996,2100,-1104,393680,92000,Data Structures,3.1,5,98,5,5,Video and notes,5,true,true,53,12,true,true,24,10,true,false,0,0,true,false,0,false,false,5,false,false,6,0.5,5.5,7,8709,1.6,3.4,1.7,5.1,1.5,0.2214,0.2,0.96,0.9167,0.9722,71,45,5,31,29,85,LOW,0,84
2026-07-14,Tuesday,2026-07-13,2026-07,false,6f168c2c-529c-4ec8-9932-90d1b493cf87,0,0,0,0,0,0,0,0,0,0,0,0,0,0,0,0,2100,-2100,393680,92000,Data Structures,2.1,3,65,2,2,Practice problems,35,true,true,42,13,true,true,29,11,true,true,10,1,true,true,1,false,false,5,false,false,6,1,6.2,7.4,8358,2.2,3.8,2,4.9,1.5,0.3714,0.4,1.16,0.9167,1.0278,78,45,35,3,30,89,LOW,0,84
2026-07-15,Wednesday,2026-07-13,2026-07,false,6f168c2c-529c-4ec8-9932-90d1b493cf87,0,1601,1113,488,0,953,160,0,0,0,0,488,0,0,0,-1601,2100,-499,392079,92000,Mathematics,1.1,4,79,2,2,Video and notes,28,false,false,0,13,true,true,27,12,true,true,11,2,true,true,2,false,false,5,true,true,7,1,6.8,6.6,4920,2,3.2,2.4,5.7,1.5,0.45,0.4,1.08,0.9167,0.9167,78,46,28,3,29,89,LOW,0,91
2026-07-16,Thursday,2026-07-13,2026-07,false,6f168c2c-529c-4ec8-9932-90d1b493cf87,0,175,175,0,0,0,175,0,0,0,0,0,0,0,0,-175,2100,-1925,391904,92000,Mathematics,1.3,4,78,2,2,Video and notes,28,true,true,46,14,true,true,42,13,true,false,0,0,true,true,3,false,false,5,false,false,7,0.75,7,7.6,10693,2.1,3.8,2.1,4.4,1.5,0.5429,0.6,1.5,0.9167,1.0556,84,46,28,16,32,85,LOW,0,83
2026-07-17,Friday,2026-07-13,2026-07,false,6f168c2c-529c-4ec8-9932-90d1b493cf87,0,158,158,0,0,0,158,0,0,0,0,0,0,0,0,-158,2100,-1942,391746,92000,Data Analytics,2.6,4,82,4,4,Flashcards,18,true,true,47,15,true,false,0,0,true,true,17,1,true,true,4,false,false,5,false,false,7,0.75,5.3,7,11401,1.9,4.4,1.7,4.8,1.5,0.7286,0.8,0,0.9167,0.9722,74,46,18,16,29,87,LOW,0,84
2026-07-18,Saturday,2026-07-13,2026-07,true,6f168c2c-529c-4ec8-9932-90d1b493cf87,8057,2339,1153,1186,0,1153,0,0,0,0,0,1186,0,0,0,5718,2600,-261,397464,92000,,0,,,0,0,,62,true,true,41,16,true,true,45,1,true,true,11,2,true,false,0,false,false,5,false,false,7,0.75,5.2,7.9,11060,1.9,4.4,1.9,6.1,1.5,0.7286,1,1.5,0.9167,1.0972,94,45,62,16,42,79,MEDIUM,0,53
2026-07-19,Sunday,2026-07-13,2026-07,true,6f168c2c-529c-4ec8-9932-90d1b493cf87,0,1394,0,1394,0,0,0,0,0,0,0,1394,0,0,0,-1394,2600,-1206,396070,92000,,0,,,0,0,,62,false,false,0,16,true,true,45,2,true,true,15,3,true,true,1,true,false,0,true,true,8,0.8,5,7,6431,1.8,4.2,2.6,6.7,1.5,0.7286,1,1.5,0.9167,0.9722,94,46,62,15,42,79,MEDIUM,0,54
2026-07-20,Monday,2026-07-20,2026-07,false,6f168c2c-529c-4ec8-9932-90d1b493cf87,0,105,105,0,0,0,105,0,0,0,0,0,0,0,0,-105,2100,-1995,395965,92000,Communication Skills,2.6,4,82,3,3,Video and notes,18,true,true,41,17,true,true,27,3,true,true,17,4,true,false,0,false,false,0,false,false,8,0.75,5.3,7.2,11093,2.2,4,2.4,6,1.5,0.1857,0.2,1.08,0.9167,1,72,46,18,16,29,87,LOW,0,84
2026-07-21,Tuesday,2026-07-20,2026-07,false,6f168c2c-529c-4ec8-9932-90d1b493cf87,0,1929,699,1230,0,383,316,0,0,0,0,1230,0,0,0,-1929,2100,-171,394036,92000,System Design,2.3,3,66,6,5,Video and notes,34,true,true,53,18,true,true,24,4,true,true,18,5,true,true,1,false,false,0,false,false,8,1,6,6.9,11352,1.7,3.4,2.4,5.8,1.5,0.35,0.4,0.96,0.9167,0.9583,76,47,34,3,31,88,LOW,0,81
2026-07-22,Wednesday,2026-07-20,2026-07,false,6f168c2c-529c-4ec8-9932-90d1b493cf87,0,1466,1466,0,0,1203,263,0,0,0,0,0,0,0,0,-1466,2100,-634,392570,92000,Mathematics,1.9,3,63,4,3,Practice problems,38,false,false,0,18,true,true,34,5,true,true,15,6,true,true,2,false,false,0,true,false,0,0.75,5.2,6.9,4243,1.9,3.8,2.9,4.9,1.5,0.4857,0.4,1.36,0.9167,0.9583,79,47,38,16,36,83,LOW,0,70
2026-07-23,Thursday,2026-07-20,2026-07,false,6f168c2c-529c-4ec8-9932-90d1b493cf87,0,839,839,0,0,839,0,0,0,0,0,0,0,0,0,-839,2100,-1261,391731,92000,Data Analytics,3.1,4,79,5,4,Flashcards,21,true,true,39,19,true,false,0,0,true,false,0,0,true,false,0,false,false,0,false,false,0,0.25,3.2,7.4,8494,1.8,4.1,3,5.7,1.5,0.7071,0.6,0,0.9167,1.0278,70,48,21,47,40,76,MEDIUM,1,63
2026-07-24,Friday,2026-07-20,2026-07,false,6f168c2c-529c-4ec8-9932-90d1b493cf87,0,90,90,0,0,0,90,0,0,0,0,0,0,0,0,-90,2100,-2010,391641,92000,,0,,,0,0,,62,true,true,31,20,true,false,0,0,true,true,13,1,true,false,0,false,false,0,false,false,0,0.5,3.5,7.3,10622,1.6,3.2,2.5,4.9,1.5,0.7071,0.8,0,0.9167,1.0139,74,48,62,31,47,73,MEDIUM,0,45
2026-07-25,Saturday,2026-07-20,2026-07,true,6f168c2c-529c-4ec8-9932-90d1b493cf87,0,439,0,439,0,0,0,0,0,0,0,439,0,0,0,-439,2600,-2161,391202,92000,,0,,,0,0,,62,true,false,0,0,true,true,37,1,true,true,17,2,true,false,0,false,false,0,false,false,0,0.5,0.5,8,5681,1.6,3.6,2.8,6.9,1.5,0.7071,0.8,1.48,0.9167,1.1111,90,48,62,35,49,72,MEDIUM,0,45
2026-07-26,Sunday,2026-07-20,2026-07,true,6f168c2c-529c-4ec8-9932-90d1b493cf87,0,1167,474,693,0,474,0,0,0,0,0,693,0,0,0,-1167,2600,-1433,390035,92000,Data Structures,1.9,4,82,2,2,Video and notes,19,false,false,0,0,true,true,41,2,true,true,14,3,true,true,1,true,true,1,true,true,1,1,1.3,7.8,5694,1.8,3.5,2.3,5.4,1.5,0.8429,0.8,1.5,0.9167,1.0833,93,49,19,3,27,90,LOW,0,92
2026-07-27,Monday,2026-07-27,2026-07,false,6f168c2c-529c-4ec8-9932-90d1b493cf87,0,1911,733,1178,0,509,224,0,0,0,0,1178,0,0,0,-1911,2100,-189,388124,92000,System Design,3.1,3,66,3,2,Flashcards,34,true,true,29,1,true,false,0,0,true,true,16,4,true,true,2,false,false,1,false,false,1,0.75,1.5,6.8,10710,2.1,3.7,2.6,5.1,1.5,0.2214,0.2,0,0.9167,0.9444,55,50,34,16,36,83,LOW,0,69
2026-07-28,Tuesday,2026-07-27,2026-07,false,6f168c2c-529c-4ec8-9932-90d1b493cf87,0,530,530,0,0,299,231,0,0,0,0,0,0,0,0,-530,2100,-1570,387594,92000,System Design,2,3,65,6,5,Practice problems,35,true,true,30,2,true,true,34,1,true,true,10,5,true,true,3,false,false,1,false,false,1,1,2.2,6.5,8329,2.1,3,2.8,6,1.5,0.3643,0.4,1.36,0.9167,0.9028,76,50,35,3,32,87,LOW,0,80
2026-07-29,Wednesday,2026-07-27,2026-07,false,6f168c2c-529c-4ec8-9932-90d1b493cf87,0,260,260,0,0,0,260,0,0,0,0,0,0,0,0,-260,2100,-1840,387334,92000,,0,,,0,0,,62,false,false,0,2,true,true,43,2,true,true,15,6,true,true,4,false,false,1,true,false,0,0.75,2.5,7.5,5886,1.9,4.2,2.6,4.6,1.5,0.3643,0.4,1.5,0.9167,1.0417,78,50,62,16,44,77,MEDIUM,0,53
2026-07-30,Thursday,2026-07-27,2026-07,false,6f168c2c-529c-4ec8-9932-90d1b493cf87,0,814,814,0,0,556,258,0,0,0,0,0,0,0,0,-814,2100,-1286,386520,92000,Database Systems,1.9,5,97,3,3,Practice problems,5,true,false,0,0,true,true,37,3,true,true,13,7,true,true,5,false,false,1,false,false,0,0.75,2.7,7.4,5828,2.1,3.7,2.2,5.8,1.5,0.5,0.4,1.48,0.9167,1.0278,80,50,5,16,27,88,LOW,0,91
2026-07-31,Friday,2026-07-27,2026-07,false,6f168c2c-529c-4ec8-9932-90d1b493cf87,0,808,808,0,0,407,401,0,0,0,0,0,0,0,0,-808,2100,-1292,385712,92000,,0,,,0,0,,62,true,false,0,0,true,false,0,0,true,false,0,0,true,false,0,false,false,1,false,false,0,0,0.2,6.9,3802,1.5,3.3,3.1,5.8,1.5,0.5,0.4,0,0.9167,0.9583,63,51,62,63,58,62,HIGH,1,30
2026-08-01,Saturday,2026-07-27,2026-08,true,6f168c2c-529c-4ec8-9932-90d1b493cf87,88000,1384,587,797,0,587,0,0,0,0,0,797,0,0,0,86616,2600,-1216,472328,92000,,0,,,0,0,,62,true,false,0,0,true,true,32,1,true,true,16,1,true,true,1,false,false,1,false,false,0,0.75,0.7,7,6357,1.7,3.7,2.8,6.5,1.5,0.5,0.4,1.28,0.9167,0.9722,80,21,62,18,32,85,LOW,0,53
2026-08-02,Sunday,2026-07-27,2026-08,true,6f168c2c-529c-4ec8-9932-90d1b493cf87,0,22577,22000,577,22000,0,0,0,0,0,0,577,0,0,0,-22577,2600,19977,449751,92000,Mathematics,2.3,4,81,5,5,Practice problems,19,false,false,0,0,true,true,40,2,true,true,10,2,true,true,2,true,false,0,true,true,1,0.8,1.2,7.3,5326,2.3,3.8,2.1,5.3,1.5,0.6643,0.4,1.5,0.9167,1.0139,83,42,19,12,27,89,LOW,1,85
2026-08-03,Monday,2026-08-03,2026-08,false,6f168c2c-529c-4ec8-9932-90d1b493cf87,0,977,977,0,0,845,132,0,0,0,0,0,0,0,0,-977,2100,-1123,448774,92000,Data Analytics,3.1,5,100,5,5,Flashcards,5,true,true,54,1,true,true,44,3,true,true,13,3,true,true,3,false,false,0,false,false,1,1,1.8,7,11490,2.2,3.3,2.9,5.6,1.5,0.2214,0.2,1.5,0.9167,0.9722,72,33,5,3,16,98,LOW,0,100
2026-08-04,Tuesday,2026-08-03,2026-08,false,6f168c2c-529c-4ec8-9932-90d1b493cf87,0,1285,1285,0,0,1119,166,0,0,0,0,0,0,0,0,-1285,2100,-815,447489,92000,Data Analytics,2,5,99,6,6,Practice problems,5,true,true,44,2,true,true,26,4,true,true,11,4,true,true,4,false,false,0,false,false,1,1,2.5,7.5,8949,1.9,4.1,2.7,4.8,1.5,0.3643,0.4,1.04,0.9167,1.0417,78,33,5,3,16,98,LOW,0,100
2026-08-05,Wednesday,2026-08-03,2026-08,false,6f168c2c-529c-4ec8-9932-90d1b493cf87,0,6916,4598,2318,0,313,134,4151,0,0,0,0,2318,0,0,-6916,2100,4816,440573,92000,Communication Skills,1.4,3,61,5,4,Video and notes,44,false,false,0,2,true,true,27,5,true,true,15,5,true,false,0,false,false,0,true,true,2,0.75,2.3,7.4,6564,1.7,4.1,2.3,4.7,1.5,0.4643,0.4,1.08,0.9167,1.0278,80,47,44,16,37,82,LOW,0,70
2026-08-06,Thursday,2026-08-03,2026-08,false,6f168c2c-529c-4ec8-9932-90d1b493cf87,0,188,188,0,0,0,188,0,0,0,0,0,0,0,0,-188,2100,-1912,440385,92000,Communication Skills,2.6,4,82,4,4,Video and notes,18,true,true,30,3,true,true,40,6,true,true,10,6,true,false,0,false,false,0,false,false,2,0.75,2.8,6.6,11197,2.1,3.7,2.9,5.2,1.5,0.65,0.6,1.5,0.9167,0.9167,85,37,18,16,25,90,LOW,0,84
2026-08-07,Friday,2026-08-03,2026-08,false,6f168c2c-529c-4ec8-9932-90d1b493cf87,0,1242,1242,0,0,0,343,899,0,0,0,0,0,0,0,-1242,2100,-858,439143,92000,Communication Skills,2.5,3,67,4,3,Video and notes,33,true,true,47,4,true,true,40,7,true,true,15,7,true,true,1,false,false,0,false,false,2,1,3.5,7.1,10323,2.2,3.6,2.2,4.6,1.5,0.8286,0.8,1.5,0.9167,0.9861,92,38,33,3,27,90,LOW,0,79
2026-08-08,Saturday,2026-08-03,2026-08,true,6f168c2c-529c-4ec8-9932-90d1b493cf87,0,799,0,799,0,0,0,0,0,0,0,0,0,0,799,-799,2600,-1801,438344,92000,,0,,,0,0,,62,true,true,45,5,true,true,24,8,true,true,13,8,true,true,2,false,false,0,false,false,2,1,4.2,7.6,10285,2.2,3.4,2.7,6.3,1.5,0.8286,1,0.96,0.9167,1.0556,95,38,62,3,35,85,LOW,0,60
2026-08-09,Sunday,2026-08-03,2026-08,true,6f168c2c-529c-4ec8-9932-90d1b493cf87,0,765,765,0,0,765,0,0,0,0,0,0,0,0,0,-765,2600,-1835,437579,92000,Data Analytics,1.1,5,95,2,2,Practice problems,12,false,false,0,5,true,true,25,9,true,true,16,9,true,false,0,true,true,1,true,true,3,0.8,4.5,7.3,7013,2.2,4.3,2.5,6.6,1.5,0.9071,1,1,0.9167,1.0139,97,38,12,15,24,91,LOW,0,92
2026-08-10,Monday,2026-08-10,2026-08,false,6f168c2c-529c-4ec8-9932-90d1b493cf87,0,8106,8106,0,0,0,106,0,8000,0,0,0,0,0,0,-8106,2100,6006,429473,84000,,0,,,0,0,,62,true,false,0,0,true,true,30,10,true,true,17,10,true,true,1,false,false,1,false,false,3,0.75,4.2,7,5639,1.9,4,2.6,4.8,1.5,0,0,1.2,1,0.9722,66,53,62,16,45,77,MEDIUM,0,53
2026-08-11,Tuesday,2026-08-10,2026-08,false,6f168c2c-529c-4ec8-9932-90d1b493cf87,0,694,694,0,0,439,255,0,0,0,0,0,0,0,0,-694,2100,-1406,428779,84000,Database Systems,2.3,4,83,2,2,Video and notes,17,true,true,43,1,true,true,36,11,true,true,10,11,true,true,2,false,false,1,false,false,3,1,4.8,7.5,9253,1.9,4.2,2.9,5.5,1.5,0.1643,0.2,1.44,1,1.0417,73,43,17,3,24,92,LOW,0,92
2026-08-12,Wednesday,2026-08-10,2026-08,false,6f168c2c-529c-4ec8-9932-90d1b493cf87,0,1051,1051,0,0,864,187,0,0,0,0,0,0,0,0,-1051,2100,-1049,427728,84000,,0,,,0,0,,62,false,false,0,1,true,false,0,0,true,true,16,12,true,true,3,false,false,1,true,true,4,0.75,3.5,7.1,6158,1.8,3.6,2.5,5.3,1.5,0.1643,0.2,0,1,0.9861,56,44,62,16,42,79,MEDIUM,0,53
2026-08-13,Thursday,2026-08-10,2026-08,false,6f168c2c-529c-4ec8-9932-90d1b493cf87,0,1029,1029,0,0,1029,0,0,0,0,0,0,0,0,0,-1029,2100,-1071,426699,84000,,0,,,0,0,,62,true,true,36,2,true,true,36,1,true,true,10,13,true,true,4,false,false,1,false,false,4,1,4.2,6.8,8592,2.2,3,2.9,5.1,1.5,0.1643,0.4,1.44,1,0.9444,75,44,62,3,38,83,MEDIUM,0,60
2026-08-14,Friday,2026-08-10,2026-08,false,6f168c2c-529c-4ec8-9932-90d1b493cf87,0,163,163,0,0,0,163,0,0,0,0,0,0,0,0,-163,2100,-1937,426536,84000,System Design,3.2,3,69,2,2,Video and notes,31,true,true,54,3,true,true,40,2,true,true,17,14,true,true,5,false,false,1,false,false,4,1,4.8,6.8,9319,2.3,3.9,2.8,5,1.5,0.3929,0.6,1.5,1,0.9444,82,44,31,3,29,89,LOW,0,86
2026-08-15,Saturday,2026-08-10,2026-08,true,6f168c2c-529c-4ec8-9932-90d1b493cf87,0,0,0,0,0,0,0,0,0,0,0,0,0,0,0,0,2600,-2600,426536,84000,,0,,,0,0,,62,true,true,30,4,true,true,28,3,true,true,15,15,true,true,6,false,false,1,false,false,4,1,5.5,7.7,11429,2.3,4,2.7,6.8,1.5,0.3929,0.8,1.12,1,1.0694,87,44,62,3,38,83,MEDIUM,0,60
2026-08-16,Sunday,2026-08-10,2026-08,true,6f168c2c-529c-4ec8-9932-90d1b493cf87,0,2080,0,2080,0,0,0,0,0,0,0,757,0,1323,0,-2080,2600,-520,424456,84000,,0,,,0,0,,62,false,false,0,4,true,true,34,4,true,true,12,16,true,true,7,true,true,2,true,true,5,1,6.3,7,4041,2.3,3.8,3.2,6,1.5,0.3929,0.8,1.36,1,0.9722,86,45,62,3,38,83,MEDIUM,0,60
2026-08-17,Monday,2026-08-17,2026-08,false,6f168c2c-529c-4ec8-9932-90d1b493cf87,0,1196,1196,0,0,805,391,0,0,0,0,0,0,0,0,-1196,2100,-904,423260,84000,,0,,,0,0,,62,true,true,32,5,true,true,42,5,true,true,11,17,true,false,0,false,false,2,false,false,5,0.75,5.7,6.8,9880,1.9,3.7,3.1,5.5,1.5,0,0.2,1.5,1,0.9444,69,46,62,16,42,79,MEDIUM,0,53
2026-08-18,Tuesday,2026-08-17,2026-08,false,6f168c2c-529c-4ec8-9932-90d1b493cf87,0,1570,1570,0,0,1196,374,0,0,0,0,0,0,0,0,-1570,2100,-530,421690,84000,Communication Skills,2,4,82,5,5,Practice problems,18,true,true,46,6,true,true,45,6,true,true,10,18,true,true,1,false,false,2,false,false,5,1,6.3,7,8673,1.9,3.9,2.9,5.1,1.5,0.1429,0.4,1.5,1,0.9722,75,47,18,3,26,91,LOW,0,92
2026-08-19,Wednesday,2026-08-17,2026-08,false,6f168c2c-529c-4ec8-9932-90d1b493cf87,0,136,136,0,0,0,136,0,0,0,0,0,0,0,0,-136,2100,-1964,421554,84000,Communication Skills,2.1,4,82,2,2,Video and notes,18,false,false,0,6,true,true,32,7,true,true,12,19,true,true,2,false,false,2,true,true,6,1,7,6.8,4170,1.7,4.1,2.8,4.5,1.5,0.2929,0.4,1.28,1,0.9444,77,47,18,3,26,91,LOW,0,92
2026-08-20,Thursday,2026-08-17,2026-08,false,6f168c2c-529c-4ec8-9932-90d1b493cf87,0,787,787,0,0,630,157,0,0,0,0,0,0,0,0,-787,2100,-1313,420767,84000,Data Structures,2,3,63,2,2,Video and notes,37,true,true,39,7,true,true,25,8,true,true,14,20,true,false,0,false,false,2,false,false,6,0.75,7.2,7.6,9280,2.1,4.1,2.7,4.5,1.5,0.4357,0.6,1,1,1.0556,84,47,37,16,35,83,LOW,0,76
2026-08-21,Friday,2026-08-17,2026-08,false,6f168c2c-529c-4ec8-9932-90d1b493cf87,0,364,364,0,0,0,364,0,0,0,0,0,0,0,0,-364,2100,-1736,420403,84000,System Design,1.2,4,80,3,3,Flashcards,26,true,true,42,8,true,true,42,9,true,true,14,21,true,true,1,false,false,2,false,false,6,1,7.8,7,8848,1.8,4.1,2.3,5.8,1.5,0.5214,0.8,1.5,1,0.9722,88,47,26,3,28,90,LOW,0,91
2026-08-22,Saturday,2026-08-17,2026-08,true,6f168c2c-529c-4ec8-9932-90d1b493cf87,0,1841,499,1342,0,499,0,0,0,0,0,1342,0,0,0,-1841,2600,-759,418562,84000,,0,,,0,0,,62,true,true,32,9,true,true,33,10,true,false,0,0,true,true,2,false,false,2,false,false,6,0.75,4.8,7,9626,1.8,3,3.3,5.4,1.5,0.5214,1,1.32,1,0.9722,92,48,62,18,44,77,MEDIUM,0,53
2026-08-23,Sunday,2026-08-17,2026-08,true,6f168c2c-529c-4ec8-9932-90d1b493cf87,0,3738,2583,1155,0,341,0,0,0,2242,0,0,1155,0,0,-3738,2600,1138,414824,84000,Data Analytics,2.2,3,64,4,3,Video and notes,36,false,false,0,9,true,true,44,11,true,true,13,1,true,true,3,true,true,3,true,false,0,0.8,4.5,7.2,4719,2.2,3.4,3,6.4,1.5,0.6786,1,1.5,1,1,95,50,36,14,36,83,LOW,0,72
2026-08-24,Monday,2026-08-24,2026-08,false,6f168c2c-529c-4ec8-9932-90d1b493cf87,0,294,294,0,0,0,294,0,0,0,0,0,0,0,0,-294,2100,-1806,414530,84000,,0,,,0,0,,62,true,true,41,10,true,true,24,12,true,true,9,2,true,true,4,false,false,3,false,false,0,1,5.2,7.3,8449,1.9,4.1,2.5,4.5,1.5,0,0.2,0.96,1,1.0139,69,50,62,3,40,82,MEDIUM,0,60
2026-08-25,Tuesday,2026-08-24,2026-08,false,6f168c2c-529c-4ec8-9932-90d1b493cf87,0,343,343,0,0,0,343,0,0,0,0,0,0,0,0,-343,2100,-1757,414187,84000,Communication Skills,1.5,4,79,5,4,Flashcards,25,true,true,44,11,true,true,31,13,true,false,0,0,true,true,5,false,false,3,false,false,0,0.75,5.3,7.6,8738,1.9,3.7,2.6,5.1,1.5,0.1071,0.4,1.24,1,1.0556,75,50,25,16,33,85,LOW,0,78
2026-08-26,Wednesday,2026-08-24,2026-08,false,6f168c2c-529c-4ec8-9932-90d1b493cf87,0,3254,176,3078,0,0,176,0,0,0,0,0,3078,0,0,-3254,2100,1154,410933,84000,System Design,1.4,4,78,6,5,Flashcards,27,false,false,0,11,true,true,40,14,true,true,10,1,true,true,6,false,false,3,true,false,0,0.75,5.8,6.5,4330,1.9,3,3.1,4.6,1.4012,0.2071,0.4,1.5,1,0.9028,75,52,27,16,34,84,LOW,0,78
2026-08-27,Thursday,2026-08-24,2026-08,false,6f168c2c-529c-4ec8-9932-90d1b493cf87,0,1377,1377,0,0,1012,365,0,0,0,0,0,0,0,0,-1377,2100,-723,409556,84000,System Design,2.5,3,65,5,4,Video and notes,35,true,true,51,12,true,true,33,15,true,false,0,0,true,true,7,false,false,3,false,false,0,0.75,6.2,7.5,9477,2,3.2,2.9,5.2,1.3247,0.3857,0.6,1.32,1,1.0417,83,53,35,16,37,82,LOW,0,72
2026-08-28,Friday,2026-08-24,2026-08,false,6f168c2c-529c-4ec8-9932-90d1b493cf87,0,0,0,0,0,0,0,0,0,0,0,0,0,0,0,0,2100,-2100,409556,84000,Data Analytics,2.2,3,64,5,4,Flashcards,36,true,true,54,13,true,true,26,16,true,false,0,0,true,true,8,false,false,3,false,false,0,0.75,6.7,6.7,9479,1.7,3.2,2.7,5.7,1.3247,0.5429,0.8,1.04,1,0.9306,88,53,36,16,38,81,MEDIUM,0,71
2026-08-29,Saturday,2026-08-24,2026-08,true,6f168c2c-529c-4ec8-9932-90d1b493cf87,0,0,0,0,0,0,0,0,0,0,0,0,0,0,0,0,2600,-2600,409556,84000,,0,,,0,0,,62,true,true,46,14,true,true,41,17,true,true,14,1,true,true,9,false,false,3,false,false,0,1,7.3,7.8,10488,1.8,4,2.4,5.5,1.3247,0.5429,1,1.5,1,1.0833,92,53,62,3,42,81,MEDIUM,0,60
2026-08-30,Sunday,2026-08-24,2026-08,true,6f168c2c-529c-4ec8-9932-90d1b493cf87,0,516,0,516,0,0,0,0,0,0,0,516,0,0,0,-516,2600,-2084,409040,84000,Data Structures,1.2,3,63,4,3,Flashcards,43,false,false,0,14,true,true,33,18,true,true,15,2,true,true,10,true,true,4,true,true,1,1,8.2,7.5,5990,2.1,4,2.8,6.1,1.296,0.6286,1,1.32,1,1.0417,94,53,43,3,36,85,LOW,0,77
2026-08-31,Monday,2026-08-31,2026-08,false,6f168c2c-529c-4ec8-9932-90d1b493cf87,0,232,232,0,0,0,232,0,0,0,0,0,0,0,0,-232,2100,-1868,408808,84000,Data Structures,2.1,4,80,5,4,Video and notes,20,true,true,54,15,true,true,39,19,true,false,0,0,true,true,11,false,false,4,false,false,1,0.75,8.3,7.3,11241,1.8,3.4,2.1,5.9,1.2831,0.15,0.2,1.5,1,1.0139,73,53,20,16,33,85,LOW,0,79
2026-09-01,Tuesday,2026-08-31,2026-09,false,6f168c2c-529c-4ec8-9932-90d1b493cf87,88000,1524,111,1413,0,0,111,0,0,0,0,0,1413,0,0,86476,2100,-576,495284,84000,System Design,1.6,3,64,5,4,Flashcards,39,true,true,47,16,true,true,26,20,true,true,16,1,true,true,12,false,false,4,false,false,1,1,9,7.1,8294,1.8,4.1,2.4,4.8,1.5,0.2643,0.4,1.04,1,0.9861,78,21,39,3,21,94,LOW,1,79
2026-09-02,Wednesday,2026-08-31,2026-09,false,6f168c2c-529c-4ec8-9932-90d1b493cf87,0,23865,22788,1077,22000,576,212,0,0,0,0,1077,0,0,0,-23865,2100,21765,471419,84000,Mathematics,2.9,4,85,6,6,Video and notes,15,false,false,0,16,true,true,27,21,true,true,18,2,true,true,13,false,false,4,true,true,2,1,9.7,7.4,5464,1.9,4.3,2,5.6,1.5,0.4714,0.4,1.08,1,1.0278,81,43,15,3,23,93,LOW,1,93
2026-09-03,Thursday,2026-08-31,2026-09,false,6f168c2c-529c-4ec8-9932-90d1b493cf87,0,395,395,0,0,0,395,0,0,0,0,0,0,0,0,-395,2100,-1705,471024,84000,Database Systems,2.8,4,82,4,4,Practice problems,18,true,true,54,17,true,true,31,22,true,false,0,0,true,true,14,false,false,4,false,false,2,0.75,9.8,7.1,11211,1.9,4.2,2.4,5.2,1.5,0.6714,0.6,1.24,1,0.9861,88,33,18,16,24,90,LOW,0,84
2026-09-04,Friday,2026-08-31,2026-09,false,6f168c2c-529c-4ec8-9932-90d1b493cf87,0,664,664,0,0,458,206,0,0,0,0,0,0,0,0,-664,2100,-1436,470360,84000,Data Analytics,2.6,4,82,3,3,Video and notes,18,true,true,47,18,true,true,31,23,true,true,12,1,true,false,0,false,false,4,false,false,2,0.75,8,7.4,9843,2.1,3.8,2.5,5.6,1.5,0.8571,0.8,1.24,1,1.0278,94,34,18,16,24,90,LOW,0,84
2026-09-05,Saturday,2026-08-31,2026-09,true,6f168c2c-529c-4ec8-9932-90d1b493cf87,0,5943,4362,1581,0,512,0,3850,0,0,0,340,0,1241,0,-5943,2600,3343,464417,84000,,0,,,0,0,,62,true,false,0,0,true,true,31,24,true,false,0,0,true,true,1,false,false,4,false,false,2,0.5,5.2,7.3,4693,1.6,3.6,2.5,5.9,1.5,0.8571,0.8,1.24,1,1.0139,94,47,62,31,47,73,MEDIUM,0,45