record_id,date,goal_id,goal_type,target_value,actual_value,progress_percent,forecast_value,achievement_probability,status
5d7f9d74-4e06-44df-a18c-a907e23bca0b,2025-09-06,f516d2da-0168-4498-a19a-15c553b92083,FINANCIAL,18000,-765,0,-3825,0.05,AT_RISK
7d35ae21-40ac-4419-abac-6c013acdd9c3,2025-09-06,6e2f27d3-b0a7-41af-ae04-dd93747ab1ab,STUDY,14,0,0,0,0.08,AT_RISK
78f14867-e5db-4faa-ad02-b42af449b181,2025-09-06,942340a9-28cf-4419-a543-8fb8ad16ee20,HABIT,5,0,0,0,0.08,AT_RISK
e9355d63-3758-4cc7-af33-14cb2a1e21ed,2025-09-06,f8586d7f-42a8-40bb-a2c6-46993832c939,HABIT,25,32,1.28,32,0.99,ON_TRACK
c884ef3c-bc8a-4423-aa4b-da0564eaf8ac,2025-09-06,2d885db5-09de-4d36-abdc-c357a5253c90,FINANCIAL,96000,0,0,0,0.08,AT_RISK
b2bdbf5e-6e5b-492a-a285-de525a587840,2025-09-06,cb90e01c-ad24-4e88-a405-b3ab220b47ca,HABIT,7.2,7.5,1.0417,7.5,0.99,ON_TRACK
cd1f3195-6321-4b99-a449-3747909aad97,2025-09-07,f516d2da-0168-4498-a19a-15c553b92083,FINANCIAL,18000,-2522,0,-10808.57,0.05,AT_RISK
9bc3c5ac-cca6-42f0-a7c5-0e5ca132a47a,2025-09-07,6e2f27d3-b0a7-41af-ae04-dd93747ab1ab,STUDY,14,2.2,0.1571,2.2,0.2214,AT_RISK
6a4ca8ff-6ba5-4c11-af4c-ed1b3bd25685,2025-09-07,942340a9-28cf-4419-a543-8fb8ad16ee20,HABIT,5,0,0,0,0.08,AT_RISK
029c94c6-40d8-4bde-a342-c5da652a62bf,2025-09-07,f8586d7f-42a8-40bb-a2c6-46993832c939,HABIT,25,0,0,0,0.08,AT_RISK
a267e00d-2167-4039-aac1-1cc93e1eea90,2025-09-07,2d885db5-09de-4d36-abdc-c357a5253c90,FINANCIAL,96000,0,0,0,0.08,AT_RISK
f3d99e3a-6c93-49ca-a75a-451d8d094fef,2025-09-07,cb90e01c-ad24-4e88-a405-b3ab220b47ca,HABIT,7.2,7.8,1.0833,7.8,0.99,ON_TRACK
071c6b62-8a47-404b-a7f2-7f97b938dafe,2025-09-08,f516d2da-0168-4498-a19a-15c553b92083,FINANCIAL,18000,-4438,0,-16642.5,0.05,AT_RISK
51183aa9-6945-4f3d-a555-17781ee14569,2025-09-08,6e2f27d3-b0a7-41af-ae04-dd93747ab1ab,STUDY,14,0,0,0,0.08,AT_RISK
6160b0a4-a10d-46c2-a554-90b8ab47e335,2025-09-08,942340a9-28cf-4419-a543-8fb8ad16ee20,HABIT,5,0,0,0,0.08,AT_RISK
f9c8aa6a-bf49-4d94-af55-4f407aee61cf,2025-09-08,f8586d7f-42a8-40bb-a2c6-46993832c939,HABIT,25,42,1.5,42,0.99,ON_TRACK
12983f2b-26d0-4f86-acf1-d692e0af6d68,2025-09-08,2d885db5-09de-4d36-abdc-c357a5253c90,FINANCIAL,96000,0,0,0,0.08,AT_RISK
ea413c9c-79b2-4bde-a420-25f6b6182422,2025-09-08,cb90e01c-ad24-4e88-a405-b3ab220b47ca,HABIT,7.2,7.3,1.0139,7.3,0.99,ON_TRACK
9aa38882-c3b7-4fbc-aed1-4d3e19fab432,2025-09-09,f516d2da-0168-4498-a19a-15c553b92083,FINANCIAL,18000,-6214,0,-20713.33,0.05,AT_RISK
dd12c16b-b34b-4936-a2f7-a0735c35a76c,2025-09-09,6e2f27d3-b0a7-41af-ae04-dd93747ab1ab,STUDY,14,1,0.0714,3.5,0.2729,AT_RISK
656d660c-986d-4187-ad55-0b03b467c0a3,2025-09-09,942340a9-28cf-4419-a543-8fb8ad16ee20,HABIT,5,1,0.2,3.5,0.62,NEEDS_ATTENTION
fc84bf2e-b98b-41c4-a65c-9ace60484255,2025-09-09,f8586d7f-42a8-40bb-a2c6-46993832c939,HABIT,25,43,1.5,43,0.99,ON_TRACK
82353e4a-ce6a-4db6-a789-74af6220368a,2025-09-09,2d885db5-09de-4d36-abdc-c357a5253c90,FINANCIAL,96000,0,0,0,0.08,AT_RISK
aba8a93a-2b38-4229-ae56-86158189d60b,2025-09-09,cb90e01c-ad24-4e88-a405-b3ab220b47ca,HABIT,7.2,7.3,1.0139,7.3,0.99,ON_TRACK
4ef0474f-8695-4c8e-ab15-daa517cec0d1,2025-09-10,f516d2da-0168-4498-a19a-15c553b92083,FINANCIAL,18000,-14214,0,-42642,0.05,AT_RISK
416de829-84d3-4b6e-a644-6d2fc5236f95,2025-09-10,6e2f27d3-b0a7-41af-ae04-dd93747ab1ab,STUDY,14,3.1,0.2214,7.23,0.4919,AT_RISK
5240255e-c458-457e-a558-7dea6111e328,2025-09-10,942340a9-28cf-4419-a543-8fb8ad16ee20,HABIT,5,1,0.2,2.33,0.452,AT_RISK
88be6f7d-f78f-477d-a424-50585e5d90e9,2025-09-10,f8586d7f-42a8-40bb-a2c6-46993832c939,HABIT,25,0,0,0,0.08,AT_RISK
960ef777-0394-45bf-ab28-e854a749f3b0,2025-09-10,2d885db5-09de-4d36-abdc-c357a5253c90,FINANCIAL,96000,8000,0.0833,584000,0.99,ON_TRACK
63623f7f-acd2-458c-a0b1-58b085ecc9e2,2025-09-10,cb90e01c-ad24-4e88-a405-b3ab220b47ca,HABIT,7.2,7.1,0.9861,7.1,0.9675,ON_TRACK
9e023393-c63c-4e53-ae5d-02a9cb2c11c5,2025-09-11,f516d2da-0168-4498-a19a-15c553b92083,FINANCIAL,18000,-14316,0,-39043.64,0.05,AT_RISK
390624fe-e196-4570-a2f9-12d87489e173,2025-09-11,6e2f27d3-b0a7-41af-ae04-dd93747ab1ab,STUDY,14,6.2,0.4429,10.85,0.7177,NEEDS_ATTENTION
e0b7cebf-6dbe-4285-a9d1-7225efa850f3,2025-09-11,942340a9-28cf-4419-a543-8fb8ad16ee20,HABIT,5,1,0.2,1.75,0.368,AT_RISK
9fc945ae-10d4-4f33-a277-8daf94a80f4b,2025-09-11,f8586d7f-42a8-40bb-a2c6-46993832c939,HABIT,25,35,1.4,35,0.99,ON_TRACK
e4108a53-fb91-49af-a3f6-c51df20b1d45,2025-09-11,2d885db5-09de-4d36-abdc-c357a5253c90,FINANCIAL,96000,8000,0.0833,486666.67,0.99,ON_TRACK
4f8cc1b2-78b9-420c-aeec-0454ac9ceca4,2025-09-11,cb90e01c-ad24-4e88-a405-b3ab220b47ca,HABIT,7.2,6.6,0.9167,6.6,0.905,ON_TRACK
a9244cc1-c6dc-4317-a971-9f3e474e2403,2025-09-12,f516d2da-0168-4498-a19a-15c553b92083,FINANCIAL,18000,-14831,0,-37077.5,0.05,AT_RISK
763ae3ac-9808-407c-a8a8-d097959fc368,2025-09-12,6e2f27d3-b0a7-41af-ae04-dd93747ab1ab,STUDY,14,6.2,0.4429,8.68,0.6061,NEEDS_ATTENTION
a98b1155-ae8c-45a0-ae17-370f1ac3ecc1,2025-09-12,942340a9-28cf-4419-a543-8fb8ad16ee20,HABIT,5,1,0.2,1.4,0.3176,AT_RISK
148f98aa-0426-4213-acc9-b884c22075cf,2025-09-12,f8586d7f-42a8-40bb-a2c6-46993832c939,HABIT,25,35,1.4,35,0.99,ON_TRACK
4fd232da-6b78-4b20-aea7-d5276f69ae3a,2025-09-12,2d885db5-09de-4d36-abdc-c357a5253c90,FINANCIAL,96000,8000,0.0833,417142.86,0.99,ON_TRACK
41220e5d-ae02-4b0e-a120-2f8298d6bd75,2025-09-12,cb90e01c-ad24-4e88-a405-b3ab220b47ca,HABIT,7.2,7.6,1.0556,7.6,0.99,ON_TRACK
4905232e-bc49-49f3-aab7-4741200bd758,2025-09-13,f516d2da-0168-4498-a19a-15c553b92083,FINANCIAL,18000,-16650,0,-38423.08,0.05,AT_RISK
30d0bc43-83a1-492c-a453-f51eb8a37d42,2025-09-13,6e2f27d3-b0a7-41af-ae04-dd93747ab1ab,STUDY,14,6.2,0.4429,7.23,0.5317,AT_RISK
9a889021-9c7f-4e10-a767-5250563173b8,2025-09-13,942340a9-28cf-4419-a543-8fb8ad16ee20,HABIT,5,2,0.4,2.33,0.488,AT_RISK
e3bd74ec-7ae7-46cc-a1b5-f6bf40e4ffcb,2025-09-13,f8586d7f-42a8-40bb-a2c6-46993832c939,HABIT,25,23,0.92,23,0.908,ON_TRACK
c3e67d66-ad0d-443e-a96e-6be52945ccce,2025-09-13,2d885db5-09de-4d36-abdc-c357a5253c90,FINANCIAL,96000,8000,0.0833,365000,0.99,ON_TRACK
9c814d36-d423-48a8-a80d-7b9ef988bdff,2025-09-13,cb90e01c-ad24-4e88-a405-b3ab220b47ca,HABIT,7.2,7.7,1.0694,7.7,0.99,ON_TRACK
bc8222c6-1985-410e-a4ef-e947dd7762a3,2025-09-14,f516d2da-0168-4498-a19a-15c553b92083,FINANCIAL,18000,-17568,0,-37645.71,0.05,AT_RISK
b0e7673d-8373-4952-acce-ee0e97e34f9f,2025-09-14,6e2f27d3-b0a7-41af-ae04-dd93747ab1ab,STUDY,14,8.7,0.6214,8.7,0.6393,NEEDS_ATTENTION
346fae68-fae3-4d4e-adfd-669b39e597b8,2025-09-14,942340a9-28cf-4419-a543-8fb8ad16ee20,HABIT,5,2,0.4,2,0.44,AT_RISK
8f287f73-f195-4960-a484-7f9281ce79a9,2025-09-14,f8586d7f-42a8-40bb-a2c6-46993832c939,HABIT,25,44,1.5,44,0.99,ON_TRACK
7e630eb3-76d0-4bec-aa34-05ace006765a,2025-09-14,2d885db5-09de-4d36-abdc-c357a5253c90,FINANCIAL,96000,8000,0.0833,324444.44,0.99,ON_TRACK
43f12131-ec12-4158-a928-6378a6f72fbe,2025-09-14,cb90e01c-ad24-4e88-a405-b3ab220b47ca,HABIT,7.2,7.1,0.9861,7.1,0.9675,ON_TRACK
315d946e-1396-45a3-a90f-aeb166a3981c,2025-09-15,f516d2da-0168-4498-a19a-15c553b92083,FINANCIAL,18000,-18441,0,-36882,0.05,AT_RISK
f08fe879-0e3a-4441-aaac-4a7784d39550,2025-09-15,6e2f27d3-b0a7-41af-ae04-dd93747ab1ab,STUDY,14,2.7,0.1929,18.9,0.99,ON_TRACK
5e45b4ff-4910-4818-a1c6-b770df062df6,2025-09-15,942340a9-28cf-4419-a543-8fb8ad16ee20,HABIT,5,1,0.2,7,0.99,ON_TRACK
a84dcd1f-a6b8-4201-a0c6-2cc9bcc9888a,2025-09-15,f8586d7f-42a8-40bb-a2c6-46993832c939,HABIT,25,44,1.5,44,0.99,ON_TRACK
28945518-7899-472a-ad44-c1d9f59fe05c,2025-09-15,2d885db5-09de-4d36-abdc-c357a5253c90,FINANCIAL,96000,8000,0.0833,292000,0.99,ON_TRACK
8a58157e-123a-4a6c-a6bf-c8833a863fe1,2025-09-15,cb90e01c-ad24-4e88-a405-b3ab220b47ca,HABIT,7.2,6.7,0.9306,6.7,0.9175,ON_TRACK
3b08f703-b15f-431c-ae7e-319a4f2cb3c6,2025-09-16,f516d2da-0168-4498-a19a-15c553b92083,FINANCIAL,18000,-19372,0,-36322.5,0.05,AT_RISK
a057e01c-bfbe-4dda-afe2-0e5e9a4ca999,2025-09-16,6e2f27d3-b0a7-41af-ae04-dd93747ab1ab,STUDY,14,5.6,0.4,19.6,0.99,ON_TRACK
e349879e-3f17-4a59-ae03-c35ac950d48c,2025-09-16,942340a9-28cf-4419-a543-8fb8ad16ee20,HABIT,5,2,0.4,7,0.99,ON_TRACK
5a3ea0b8-397c-40a3-ac93-f643ae47b16c,2025-09-16,f8586d7f-42a8-40bb-a2c6-46993832c939,HABIT,25,29,1.16,29,0.99,ON_TRACK
b48e7b6f-c231-45dd-ae38-a2a34c06eeaf,2025-09-16,2d885db5-09de-4d36-abdc-c357a5253c90,FINANCIAL,96000,8000,0.0833,265454.55,0.99,ON_TRACK
c437be7c-82eb-4159-ad89-bdc06d0a1e8c,2025-09-16,cb90e01c-ad24-4e88-a405-b3ab220b47ca,HABIT,7.2,7.5,1.0417,7.5,0.99,ON_TRACK
cc97b394-1425-4147-a102-151644353202,2025-09-17,f516d2da-0168-4498-a19a-15c553b92083,FINANCIAL,18000,-19682,0,-34732.94,0.05,AT_RISK
8e9b3d30-d783-4b94-a419-9a47cb8847ff,2025-09-17,6e2f27d3-b0a7-41af-ae04-dd93747ab1ab,STUDY,14,5.6,0.4,13.07,0.824,NEEDS_ATTENTION
64901dd9-cc5b-43cf-a3c6-b6d2e721de1e,2025-09-17,942340a9-28cf-4419-a543-8fb8ad16ee20,HABIT,5,2,0.4,4.67,0.824,NEEDS_ATTENTION
5cec1775-e8b9-4bed-a680-be2f6dbb5dac,2025-09-17,f8586d7f-42a8-40bb-a2c6-46993832c939,HABIT,25,31,1.24,31,0.99,ON_TRACK
726352b3-c0f3-46bc-a8ce-37aa0090aec2,2025-09-17,2d885db5-09de-4d36-abdc-c357a5253c90,FINANCIAL,96000,8000,0.0833,243333.33,0.99,ON_TRACK
09e79deb-f0cd-4ff1-aec1-b4db395bdc41,2025-09-17,cb90e01c-ad24-4e88-a405-b3ab220b47ca,HABIT,7.2,6.8,0.9444,6.8,0.93,ON_TRACK
f734db5c-f1d6-4003-a6f0-f95ab56707be,2025-09-18,f516d2da-0168-4498-a19a-15c553b92083,FINANCIAL,18000,-14699,0,-24498.33,0.05,AT_RISK
9a8ec971-e8eb-4b47-a45f-55f07b4811a3,2025-09-18,6e2f27d3-b0a7-41af-ae04-dd93747ab1ab,STUDY,14,5.6,0.4,9.8,0.656,NEEDS_ATTENTION
d2ec03aa-093f-4a96-a77d-357701df39ee,2025-09-18,942340a9-28cf-4419-a543-8fb8ad16ee20,HABIT,5,3,0.6,5.25,0.944,ON_TRACK
c24247ab-6fc1-463e-a67e-57a45c625035,2025-09-18,f8586d7f-42a8-40bb-a2c6-46993832c939,HABIT,25,34,1.36,34,0.99,ON_TRACK
7b0ca465-b118-4bb2-a85a-512445f53ae8,2025-09-18,2d885db5-09de-4d36-abdc-c357a5253c90,FINANCIAL,96000,8000,0.0833,224615.38,0.99,ON_TRACK
46f05ddb-afc9-4da6-af46-d07c6144c347,2025-09-18,cb90e01c-ad24-4e88-a405-b3ab220b47ca,HABIT,7.2,6.6,0.9167,6.6,0.905,ON_TRACK
2336c93e-891d-44ac-a4af-a696107ef172,2025-09-19,f516d2da-0168-4498-a19a-15c553b92083,FINANCIAL,18000,-15095,0,-23834.21,0.05,AT_RISK
644aa5e3-e3f8-45f7-a05c-129088a28e2d,2025-09-19,6e2f27d3-b0a7-41af-ae04-dd93747ab1ab,STUDY,14,8.4,0.6,11.76,0.7928,NEEDS_ATTENTION
a678a66c-9bd5-4e68-a367-457d24d74ab1,2025-09-19,942340a9-28cf-4419-a543-8fb8ad16ee20,HABIT,5,3,0.6,4.2,0.7928,NEEDS_ATTENTION
bc9bedd2-def1-4121-a959-1af8c4d4bd42,2025-09-19,f8586d7f-42a8-40bb-a2c6-46993832c939,HABIT,25,41,1.5,41,0.99,ON_TRACK
373d5311-997f-49c3-aa7a-1fd93585c4a1,2025-09-19,2d885db5-09de-4d36-abdc-c357a5253c90,FINANCIAL,96000,8000,0.0833,208571.43,0.99,ON_TRACK
1318b687-b6c3-4618-a29c-eb0a107b2643,2025-09-19,cb90e01c-ad24-4e88-a405-b3ab220b47ca,HABIT,7.2,6.6,0.9167,6.6,0.905,ON_TRACK
ffefe56a-0df0-47ad-aa6d-f895f3537bc8,2025-09-20,f516d2da-0168-4498-a19a-15c553b92083,FINANCIAL,18000,-16544,0,-24816,0.05,AT_RISK
11e9d92c-f83c-495c-a763-5a6539ce3dc6,2025-09-20,6e2f27d3-b0a7-41af-ae04-dd93747ab1ab,STUDY,14,8.4,0.6,9.8,0.692,NEEDS_ATTENTION
f147aad3-053d-4467-a2ce-330a4d472617,2025-09-20,942340a9-28cf-4419-a543-8fb8ad16ee20,HABIT,5,4,0.8,4.67,0.896,ON_TRACK
5096b549-d9d9-40eb-aba8-4b0d44453cbc,2025-09-20,f8586d7f-42a8-40bb-a2c6-46993832c939,HABIT,25,34,1.36,34,0.99,ON_TRACK
8e44a82f-dfaa-465c-a75c-a088d08571ce,2025-09-20,2d885db5-09de-4d36-abdc-c357a5253c90,FINANCIAL,96000,8000,0.0833,194666.67,0.99,ON_TRACK
51649449-bb0d-4ac0-ac3c-44bdc91f12ba,2025-09-20,cb90e01c-ad24-4e88-a405-b3ab220b47ca,HABIT,7.2,7.9,1.0972,7.9,0.99,ON_TRACK
6ffc6924-66c7-4e1c-acbb-8ea6ad5743e2,2025-09-21,f516d2da-0168-4498-a19a-15c553b92083,FINANCIAL,18000,-18302,0,-26145.71,0.05,AT_RISK
ab015219-0e72-48a7-a887-4f5e9dd7e8ac,2025-09-21,6e2f27d3-b0a7-41af-ae04-dd93747ab1ab,STUDY,14,9.9,0.7071,9.9,0.7164,NEEDS_ATTENTION
80a8ea24-e64f-40ed-ae8d-258e771f9d41,2025-09-21,942340a9-28cf-4419-a543-8fb8ad16ee20,HABIT,5,4,0.8,4,0.8,NEEDS_ATTENTION
2546a963-68d6-4b64-af6d-2444cfb76124,2025-09-21,f8586d7f-42a8-40bb-a2c6-46993832c939,HABIT,25,0,0,0,0.08,AT_RISK
092329e2-7df5-4e20-a689-f8e313ed4e50,2025-09-21,2d885db5-09de-4d36-abdc-c357a5253c90,FINANCIAL,96000,8000,0.0833,182500,0.99,ON_TRACK
e005d9a7-e425-40a0-a6c8-442ae0ee1ceb,2025-09-21,cb90e01c-ad24-4e88-a405-b3ab220b47ca,HABIT,7.2,7.1,0.9861,7.1,0.9675,ON_TRACK
9e2f9127-9f1b-441c-a4e7-c18cbcc48e8e,2025-09-22,f516d2da-0168-4498-a19a-15c553b92083,FINANCIAL,18000,-18890,0,-25759.09,0.05,AT_RISK
ec392342-0f40-4d86-af28-b0ab3e61561b,2025-09-22,6e2f27d3-b0a7-41af-ae04-dd93747ab1ab,STUDY,14,0,0,0,0.08,AT_RISK
dabd8eab-6b29-4297-ac88-7eaab15f9842,2025-09-22,942340a9-28cf-4419-a543-8fb8ad16ee20,HABIT,5,1,0.2,7,0.99,ON_TRACK
32e7e0f6-75b5-4c66-ac4f-3e84e0d1a479,2025-09-22,f8586d7f-42a8-40bb-a2c6-46993832c939,HABIT,25,23,0.92,23,0.908,ON_TRACK
91fc55f0-07ce-4746-a87a-cfe2540b3b1f,2025-09-22,2d885db5-09de-4d36-abdc-c357a5253c90,FINANCIAL,96000,8000,0.0833,171764.71,0.99,ON_TRACK
d12e7760-9033-47ea-a12b-90d58237497b,2025-09-22,cb90e01c-ad24-4e88-a405-b3ab220b47ca,HABIT,7.2,7.6,1.0556,7.6,0.99,ON_TRACK
8e3fcbff-8a93-469b-a53d-20ed00b7a0ad,2025-09-23,f516d2da-0168-4498-a19a-15c553b92083,FINANCIAL,18000,-19111,0,-24927.39,0.05,AT_RISK
1e834c26-9db9-490d-add9-214699f797af,2025-09-23,6e2f27d3-b0a7-41af-ae04-dd93747ab1ab,STUDY,14,2.7,0.1929,9.45,0.6007,NEEDS_ATTENTION
7afc1be0-c0c7-418c-af43-af7d27c19526,2025-09-23,942340a9-28cf-4419-a543-8fb8ad16ee20,HABIT,5,2,0.4,7,0.99,ON_TRACK
f81d610d-02fd-4c89-a84c-4eb2e48e49c8,2025-09-23,f8586d7f-42a8-40bb-a2c6-46993832c939,HABIT,25,0,0,0,0.08,AT_RISK
9c013d88-02ae-425f-a3ab-6c9a33bd320c,2025-09-23,2d885db5-09de-4d36-abdc-c357a5253c90,FINANCIAL,96000,8000,0.0833,162222.22,0.99,ON_TRACK
86933871-60a0-4372-a782-674d0f1181b5,2025-09-23,cb90e01c-ad24-4e88-a405-b3ab220b47ca,HABIT,7.2,7.4,1.0278,7.4,0.99,ON_TRACK
a218166a-8291-4777-a937-81d258f15367,2025-09-24,f516d2da-0168-4498-a19a-15c553b92083,FINANCIAL,18000,-19486,0,-24357.5,0.05,AT_RISK
c4b6ebc5-b710-4bfb-a494-768a17acee62,2025-09-24,6e2f27d3-b0a7-41af-ae04-dd93747ab1ab,STUDY,14,4.2,0.3,9.8,0.638,NEEDS_ATTENTION
d0503cd0-4894-4f81-a69c-3306ac6b4a74,2025-09-24,942340a9-28cf-4419-a543-8fb8ad16ee20,HABIT,5,2,0.4,4.67,0.824,NEEDS_ATTENTION
b274f22c-ce22-44cd-a42d-812f52498567,2025-09-24,f8586d7f-42a8-40bb-a2c6-46993832c939,HABIT,25,37,1.48,37,0.99,ON_TRACK
af2a8d74-f32c-4cc6-ac0c-c38db0dce9c7,2025-09-24,2d885db5-09de-4d36-abdc-c357a5253c90,FINANCIAL,96000,8000,0.0833,153684.21,0.99,ON_TRACK
79c27747-f809-40c5-acdf-b6736c7718d4,2025-09-24,cb90e01c-ad24-4e88-a405-b3ab220b47ca,HABIT,7.2,7.2,1,7.2,0.98,ON_TRACK
521f3e1b-d76e-47a1-ad00-12e3e9b12396,2025-09-25,f516d2da-0168-4498-a19a-15c553b92083,FINANCIAL,18000,-19685,0,-23622,0.05,AT_RISK
f3e2010b-8fd5-4bfb-afc4-6a456a1b34f7,2025-09-25,6e2f27d3-b0a7-41af-ae04-dd93747ab1ab,STUDY,14,5.8,0.4143,10.15,0.6766,NEEDS_ATTENTION
9ebc7cce-a31e-4481-a3d2-5e73dd24b0db,2025-09-25,942340a9-28cf-4419-a543-8fb8ad16ee20,HABIT,5,3,0.6,5.25,0.944,ON_TRACK
419ff060-5520-4583-aace-ac43cd18fa84,2025-09-25,f8586d7f-42a8-40bb-a2c6-46993832c939,HABIT,25,35,1.4,35,0.99,ON_TRACK
6a547825-17cd-4e4c-a925-e21daa08bab0,2025-09-25,2d885db5-09de-4d36-abdc-c357a5253c90,FINANCIAL,96000,8000,0.0833,146000,0.99,ON_TRACK
7fcb442f-1f45-46ed-a280-3a17fac8c5b7,2025-09-25,cb90e01c-ad24-4e88-a405-b3ab220b47ca,HABIT,7.2,7.7,1.0694,7.7,0.99,ON_TRACK
2e90725e-ffa0-4bea-a042-1f425c910ebe,2025-09-26,f516d2da-0168-4498-a19a-15c553b92083,FINANCIAL,18000,-19887,0,-22946.54,0.05,AT_RISK
654f1f31-fbc6-4cc4-a0bc-2df40044dbf4,2025-09-26,6e2f27d3-b0a7-41af-ae04-dd93747ab1ab,STUDY,14,6.8,0.4857,9.52,0.657,NEEDS_ATTENTION
e9e4f8d5-0360-4560-a9ec-86595f0347c6,2025-09-26,942340a9-28cf-4419-a543-8fb8ad16ee20,HABIT,5,3,0.6,4.2,0.7928,NEEDS_ATTENTION
5be608b1-b6f3-4ac8-ab6e-2bccc91ce196,2025-09-26,f8586d7f-42a8-40bb-a2c6-46993832c939,HABIT,25,35,1.4,35,0.99,ON_TRACK
8f9a89a0-5325-404f-a472-b5d514e8f32c,2025-09-26,2d885db5-09de-4d36-abdc-c357a5253c90,FINANCIAL,96000,8000,0.0833,139047.62,0.99,ON_TRACK
34a17451-42c4-4f6d-af96-9ceb2380b8be,2025-09-26,cb90e01c-ad24-4e88-a405-b3ab220b47ca,HABIT,7.2,7.1,0.9861,7.1,0.9675,ON_TRACK
76fc0243-04cf-48ec-ae74-ac64fa8112c8,2025-09-27,f516d2da-0168-4498-a19a-15c553b92083,FINANCIAL,18000,-20544,0,-22826.67,0.05,AT_RISK
e474746e-86cc-42b7-a495-a644e6c768b1,2025-09-27,6e2f27d3-b0a7-41af-ae04-dd93747ab1ab,STUDY,14,6.8,0.4857,7.93,0.5754,AT_RISK
5128f151-b423-4c1d-aacb-7121587fd68f,2025-09-27,942340a9-28cf-4419-a543-8fb8ad16ee20,HABIT,5,4,0.8,4.67,0.896,ON_TRACK
67abf28d-c98b-4a60-a98a-a61c670a03e6,2025-09-27,f8586d7f-42a8-40bb-a2c6-46993832c939,HABIT,25,0,0,0,0.08,AT_RISK
2a836493-f3e1-41cc-a6e3-9898f71e1d5d,2025-09-27,2d885db5-09de-4d36-abdc-c357a5253c90,FINANCIAL,96000,8000,0.0833,132727.27,0.99,ON_TRACK
29246a3f-9de7-4ba0-a07b-34103d9576da,2025-09-27,cb90e01c-ad24-4e88-a405-b3ab220b47ca,HABIT,7.2,7.1,0.9861,7.1,0.9675,ON_TRACK
438f561e-4db0-4afa-a614-ab016f5b4c3c,2025-09-28,f516d2da-0168-4498-a19a-15c553b92083,FINANCIAL,18000,-20909,0,-22402.5,0.05,AT_RISK
98e93482-099e-459d-ab34-d6d4752833ac,2025-09-28,6e2f27d3-b0a7-41af-ae04-dd93747ab1ab,STUDY,14,8,0.5714,8,0.5943,AT_RISK
67a584e9-8c45-4dee-a3d3-cd2af9f9d5f1,2025-09-28,942340a9-28cf-4419-a543-8fb8ad16ee20,HABIT,5,4,0.8,4,0.8,NEEDS_ATTENTION
b51d09c5-2dfc-43b4-a136-f2d96c796c9b,2025-09-28,f8586d7f-42a8-40bb-a2c6-46993832c939,HABIT,25,38,1.5,38,0.99,ON_TRACK
a6ee9f47-ee6f-4952-a480-b41a1de6f097,2025-09-28,2d885db5-09de-4d36-abdc-c357a5253c90,FINANCIAL,96000,8000,0.0833,126956.52,0.99,ON_TRACK
77e13d9e-cacd-4d19-abbe-1ddbf2c4f153,2025-09-28,cb90e01c-ad24-4e88-a405-b3ab220b47ca,HABIT,7.2,7,0.9722,7,0.955,ON_TRACK
8eda6514-12ea-492c-a7f5-aab863ffd208,2025-09-29,f516d2da-0168-4498-a19a-15c553b92083,FINANCIAL,18000,-22115,0,-22877.59,0.05,AT_RISK
c8812807-9a26-46bd-aa7b-d3a0bf9d7224,2025-09-29,6e2f27d3-b0a7-41af-ae04-dd93747ab1ab,STUDY,14,0,0,0,0.08,AT_RISK
9418727f-9189-46ea-ac60-6ccc0effbc85,2025-09-29,942340a9-28cf-4419-a543-8fb8ad16ee20,HABIT,5,1,0.2,7,0.99,ON_TRACK
b1cc8a13-4bb8-4661-ae6b-18591d0f8b78,2025-09-29,f8586d7f-42a8-40bb-a2c6-46993832c939,HABIT,25,0,0,0,0.08,AT_RISK
b4cfc930-e130-4c79-a040-bbef37ea1593,2025-09-29,2d885db5-09de-4d36-abdc-c357a5253c90,FINANCIAL,96000,8000,0.0833,121666.67,0.99,ON_TRACK
a75ef1d3-04cb-454e-a0fa-1a5ca3648c26,2025-09-29,cb90e01c-ad24-4e88-a405-b3ab220b47ca,HABIT,7.2,6.8,0.9444,6.8,0.93,ON_TRACK
35aa40ee-813c-4377-a8bf-1143f8cc85f4,2025-09-30,f516d2da-0168-4498-a19a-15c553b92083,FINANCIAL,18000,-23027,0,-23027,0.05,AT_RISK
9930fcc8-e352-426c-aaf3-ee3243150245,2025-09-30,6e2f27d3-b0a7-41af-ae04-dd93747ab1ab,STUDY,14,0,0,0,0.08,AT_RISK
c0a95a6e-4c7f-45b4-a105-37026e075e4c,2025-09-30,942340a9-28cf-4419-a543-8fb8ad16ee20,HABIT,5,2,0.4,7,0.99,ON_TRACK
8c2e9b44-eea5-4f7e-a898-b853f24feed9,2025-09-30,f8586d7f-42a8-40bb-a2c6-46993832c939,HABIT,25,32,1.28,32,0.99,ON_TRACK
4e30983a-3c36-44fb-a77c-62c0c4fdc995,2025-09-30,2d885db5-09de-4d36-abdc-c357a5253c90,FINANCIAL,96000,8000,0.0833,116800,0.971,ON_TRACK
c4dd5278-503e-4e13-ae92-91a075c18570,2025-09-30,cb90e01c-ad24-4e88-a405-b3ab220b47ca,HABIT,7.2,7.5,1.0417,7.5,0.99,ON_TRACK
dd0ea40c-cd77-44cd-a437-033ecf024d59,2025-10-01,f516d2da-0168-4498-a19a-15c553b92083,FINANCIAL,18000,83511,1.5,2588841,0.99,ON_TRACK
8e7e8396-0905-4b3d-a75f-68301f818cee,2025-10-01,6e2f27d3-b0a7-41af-ae04-dd93747ab1ab,STUDY,14,2.4,0.1714,5.6,0.3989,AT_RISK
1442cc32-d726-4a77-aac5-6489b5a393ad,2025-10-01,942340a9-28cf-4419-a543-8fb8ad16ee20,HABIT,5,2,0.4,4.67,0.824,NEEDS_ATTENTION
9c976a00-8c17-4087-ace8-596f2daad20a,2025-10-01,f8586d7f-42a8-40bb-a2c6-46993832c939,HABIT,25,35,1.4,35,0.99,ON_TRACK
d73495db-0ab8-462b-a968-a117b7c1c1b0,2025-10-01,2d885db5-09de-4d36-abdc-c357a5253c90,FINANCIAL,96000,8000,0.0833,112307.69,0.9373,ON_TRACK
9d77c829-999b-4e4f-ad71-863e08f35c49,2025-10-01,cb90e01c-ad24-4e88-a405-b3ab220b47ca,HABIT,7.2,7.3,1.0139,7.3,0.99,ON_TRACK
578a22b9-d45e-4b4f-af52-37684bbfd0d5,2025-10-02,f516d2da-0168-4498-a19a-15c553b92083,FINANCIAL,18000,60325,1.5,935037.5,0.99,ON_TRACK
79dc8c69-032b-42a4-a052-271d842fbac0,2025-10-02,6e2f27d3-b0a7-41af-ae04-dd93747ab1ab,STUDY,14,3.6,0.2571,6.3,0.4503,AT_RISK
1318c6e8-4c97-477e-a514-1bab779c3ef7,2025-10-02,942340a9-28cf-4419-a543-8fb8ad16ee20,HABIT,5,3,0.6,5.25,0.944,ON_TRACK
483d7f0d-aa14-47b6-a220-add1c104af69,2025-10-02,f8586d7f-42a8-40bb-a2c6-46993832c939,HABIT,25,27,1.08,27,0.99,ON_TRACK
80ccea1f-2445-4b41-a20e-518165c7ffc6,2025-10-02,2d885db5-09de-4d36-abdc-c357a5253c90,FINANCIAL,96000,8000,0.0833,108148.15,0.9061,ON_TRACK
c165065a-6a8f-4074-a010-80d9e109eddd,2025-10-02,cb90e01c-ad24-4e88-a405-b3ab220b47ca,HABIT,7.2,7.1,0.9861,7.1,0.9675,ON_TRACK
a3ea6275-e77b-43f1-a7d6-971d381cd7c3,2025-10-03,f516d2da-0168-4498-a19a-15c553b92083,FINANCIAL,18000,58596,1.5,605492,0.99,ON_TRACK
4abe494f-c0e1-4ce3-a3fd-c4c8851bb7d0,2025-10-03,6e2f27d3-b0a7-41af-ae04-dd93747ab1ab,STUDY,14,3.6,0.2571,5.04,0.3855,AT_RISK
0cf598ff-406a-40d9-a89c-6d2432d9bd90,2025-10-03,942340a9-28cf-4419-a543-8fb8ad16ee20,HABIT,5,4,0.8,5.6,0.99,ON_TRACK
3da4f241-a94a-4399-a729-957b2fc81ce3,2025-10-03,f8586d7f-42a8-40bb-a2c6-46993832c939,HABIT,25,0,0,0,0.08,AT_RISK
08104c1c-5a11-47f8-a095-ae4f94b1c5da,2025-10-03,2d885db5-09de-4d36-abdc-c357a5253c90,FINANCIAL,96000,8000,0.0833,104285.71,0.8771,ON_TRACK
215e14be-0f52-4cd4-ac36-f843242183d1,2025-10-03,cb90e01c-ad24-4e88-a405-b3ab220b47ca,HABIT,7.2,7.3,1.0139,7.3,0.99,ON_TRACK
ab57e281-7eba-4d1a-a26b-130e2ba16b58,2025-10-04,f516d2da-0168-4498-a19a-15c553b92083,FINANCIAL,18000,58068,1.5,450027,0.99,ON_TRACK
ae159af3-acb9-4da8-a72a-3bcb53a6c47b,2025-10-04,6e2f27d3-b0a7-41af-ae04-dd93747ab1ab,STUDY,14,3.6,0.2571,4.2,0.3423,AT_RISK
efb8545d-4335-441f-addf-128b127e83ce,2025-10-04,942340a9-28cf-4419-a543-8fb8ad16ee20,HABIT,5,5,1,5.83,0.99,ON_TRACK
6c046f7a-6810-4cd6-a12b-7c2ceff74a63,2025-10-04,f8586d7f-42a8-40bb-a2c6-46993832c939,HABIT,25,0,0,0,0.08,AT_RISK
e80acc17-52dc-4177-a56d-5964c3466685,2025-10-04,2d885db5-09de-4d36-abdc-c357a5253c90,FINANCIAL,96000,8000,0.0833,100689.66,0.8502,ON_TRACK
bd160842-cda0-44b5-a319-4d7b755b3005,2025-10-04,cb90e01c-ad24-4e88-a405-b3ab220b47ca,HABIT,7.2,7.5,1.0417,7.5,0.99,ON_TRACK
47f5d754-6b1d-4cf3-ac6e-26ec38bd5f8d,2025-10-05,f516d2da-0168-4498-a19a-15c553b92083,FINANCIAL,18000,55125,1.5,341775,0.99,ON_TRACK
60762a8d-3bb4-42fe-a673-68424e952157,2025-10-05,6e2f27d3-b0a7-41af-ae04-dd93747ab1ab,STUDY,14,3.6,0.2571,3.6,0.3114,AT_RISK
34224bc1-2594-4b95-a512-3476e5669d10,2025-10-05,942340a9-28cf-4419-a543-8fb8ad16ee20,HABIT,5,5,1,5,0.98,ON_TRACK
87c19ca4-b48c-4722-aba5-8cade72fd265,2025-10-05,f8586d7f-42a8-40bb-a2c6-46993832c939,HABIT,25,38,1.5,38,0.99,ON_TRACK
90c9ebb3-8748-4a28-a351-24c778f14c8e,2025-10-05,2d885db5-09de-4d36-abdc-c357a5253c90,FINANCIAL,96000,8000,0.0833,97333.33,0.825,NEEDS_ATTENTION
c4d86474-c80e-4381-a1fb-980436a9b8a1,2025-10-05,cb90e01c-ad24-4e88-a405-b3ab220b47ca,HABIT,7.2,7.1,0.9861,7.1,0.9675,ON_TRACK
32ebcde7-5c3e-4d2f-a810-7c8a6c3a04e2,2025-10-06,f516d2da-0168-4498-a19a-15c553b92083,FINANCIAL,18000,55125,1.5,284812.5,0.99,ON_TRACK
83663a0b-320f-4792-a24f-2f29a1b54ae2,2025-10-06,6e2f27d3-b0a7-41af-ae04-dd93747ab1ab,STUDY,14,1.5,0.1071,10.5,0.6393,NEEDS_ATTENTION
c79e6d31-7ec4-490e-a0d4-de3414cd08ed,2025-10-06,942340a9-28cf-4419-a543-8fb8ad16ee20,HABIT,5,0,0,0,0.08,AT_RISK
93334cbe-37c0-4459-a766-75b8aa7dd24e,2025-10-06,f8586d7f-42a8-40bb-a2c6-46993832c939,HABIT,25,43,1.5,43,0.99,ON_TRACK
ca563c3b-2390-48f5-a7ad-c88eae1c6250,2025-10-06,2d885db5-09de-4d36-abdc-c357a5253c90,FINANCIAL,96000,8000,0.0833,94193.55,0.8015,NEEDS_ATTENTION
65acab60-ae3d-48a2-a3dc-1527bb751fb8,2025-10-06,cb90e01c-ad24-4e88-a405-b3ab220b47ca,HABIT,7.2,7.5,1.0417,7.5,0.99,ON_TRACK
633ceb0e-afca-42bb-a2d3-8ba0a5cabc55,2025-10-07,f516d2da-0168-4498-a19a-15c553b92083,FINANCIAL,18000,53584,1.5,237300.57,0.99,ON_TRACK
61ff820a-cc88-49ba-ac99-5be6572506e8,2025-10-07,6e2f27d3-b0a7-41af-ae04-dd93747ab1ab,STUDY,14,3,0.2143,10.5,0.6586,NEEDS_ATTENTION
a74aef4c-7d81-403b-a9aa-970a68056d20,2025-10-07,942340a9-28cf-4419-a543-8fb8ad16ee20,HABIT,5,1,0.2,3.5,0.62,NEEDS_ATTENTION
82df2a8f-3b9a-4557-a5d7-746fe47c6b90,2025-10-07,f8586d7f-42a8-40bb-a2c6-46993832c939,HABIT,25,0,0,0,0.08,AT_RISK
ebaf75fe-d463-4ff0-a5d3-21b79ffeab04,2025-10-07,2d885db5-09de-4d36-abdc-c357a5253c90,FINANCIAL,96000,8000,0.0833,91250,0.7794,NEEDS_ATTENTION
d2a92550-9ec1-4fd1-a189-ab5664cde70b,2025-10-07,cb90e01c-ad24-4e88-a405-b3ab220b47ca,HABIT,7.2,7.3,1.0139,7.3,0.99,ON_TRACK
08b2f685-4997-4219-a8ab-515d0a8d7f97,2025-10-08,f516d2da-0168-4498-a19a-15c553b92083,FINANCIAL,18000,51688,1.5,200291,0.99,ON_TRACK
bc151c49-9caa-4e5f-ac2c-f6a68fb04793,2025-10-08,6e2f27d3-b0a7-41af-ae04-dd93747ab1ab,STUDY,14,5.5,0.3929,12.83,0.8107,NEEDS_ATTENTION
ebc23339-588b-4beb-a674-91ee61a15eba,2025-10-08,942340a9-28cf-4419-a543-8fb8ad16ee20,HABIT,5,1,0.2,2.33,0.452,AT_RISK
29f5897e-8336-4e37-a8f0-5fa0e7918887,2025-10-08,f8586d7f-42a8-40bb-a2c6-46993832c939,HABIT,25,0,0,0,0.08,AT_RISK
d4cfc492-1b38-4b09-a587-df0e92c4ff98,2025-10-08,2d885db5-09de-4d36-abdc-c357a5253c90,FINANCIAL,96000,8000,0.0833,88484.85,0.7586,NEEDS_ATTENTION
23e478d7-feaf-4bee-a35a-49c2774be90a,2025-10-08,cb90e01c-ad24-4e88-a405-b3ab220b47ca,HABIT,7.2,7.5,1.0417,7.5,0.99,ON_TRACK
6c783e73-7c1f-4880-a84f-192b4ac6b870,2025-10-09,f516d2da-0168-4498-a19a-15c553b92083,FINANCIAL,18000,50705,1.5,174650.56,0.99,ON_TRACK
5b1a5d40-73bc-45fb-a17c-23a4c9fb3809,2025-10-09,6e2f27d3-b0a7-41af-ae04-dd93747ab1ab,STUDY,14,6.8,0.4857,11.9,0.7794,NEEDS_ATTENTION
b2dec319-72bd-4661-aa31-13c4337d1c34,2025-10-09,942340a9-28cf-4419-a543-8fb8ad16ee20,HABIT,5,2,0.4,3.5,0.656,NEEDS_ATTENTION
e387030c-ffcc-43fb-a466-292e025a729d,2025-10-09,f8586d7f-42a8-40bb-a2c6-46993832c939,HABIT,25,28,1.12,28,0.99,ON_TRACK
085f3674-b010-4c9d-a27e-22bc3430b6a1,2025-10-09,2d885db5-09de-4d36-abdc-c357a5253c90,FINANCIAL,96000,8000,0.0833,85882.35,0.7391,NEEDS_ATTENTION
7ff4b1df-289f-4d8d-a47a-14488e33ad4e,2025-10-09,cb90e01c-ad24-4e88-a405-b3ab220b47ca,HABIT,7.2,7.1,0.9861,7.1,0.9675,ON_TRACK
6fd83df7-bbab-4c27-a08f-9a67c7b5bfa0,2025-10-10,f516d2da-0168-4498-a19a-15c553b92083,FINANCIAL,18000,42705,1.5,132385.5,0.99,ON_TRACK
02804614-e005-4b94-a131-4288a511ac79,2025-10-10,6e2f27d3-b0a7-41af-ae04-dd93747ab1ab,STUDY,14,9.8,0.7,13.72,0.9116,ON_TRACK
1c93ec57-8045-4b1f-a0ed-0055861cdf85,2025-10-10,942340a9-28cf-4419-a543-8fb8ad16ee20,HABIT,5,2,0.4,2.8,0.5552,AT_RISK
1372eebd-511b-4b05-a19a-34ce1218fbcd,2025-10-10,f8586d7f-42a8-40bb-a2c6-46993832c939,HABIT,25,42,1.5,42,0.99,ON_TRACK
72c3360b-8ecd-48eb-ae0b-6889b028c81f,2025-10-10,2d885db5-09de-4d36-abdc-c357a5253c90,FINANCIAL,96000,16000,0.1667,166857.14,0.99,ON_TRACK
1ea7e0ae-e25f-4a98-ad31-682b73c55e82,2025-10-10,cb90e01c-ad24-4e88-a405-b3ab220b47ca,HABIT,7.2,6.7,0.9306,6.7,0.9175,ON_TRACK
a721bf93-ae2a-40bb-ae2f-9f4d5cb4874d,2025-10-11,f516d2da-0168-4498-a19a-15c553b92083,FINANCIAL,18000,42705,1.5,120350.45,0.99,ON_TRACK
97c2b723-6e8b-4a9b-a72a-84c8b88fd65a,2025-10-11,6e2f27d3-b0a7-41af-ae04-dd93747ab1ab,STUDY,14,9.8,0.7,11.43,0.794,NEEDS_ATTENTION
9e4be8cc-29f7-4b80-aa31-892cb86965ee,2025-10-11,942340a9-28cf-4419-a543-8fb8ad16ee20,HABIT,5,2,0.4,2.33,0.488,AT_RISK
02ea904e-55ad-4cca-a66d-7f9bdca1af30,2025-10-11,f8586d7f-42a8-40bb-a2c6-46993832c939,HABIT,25,0,0,0,0.08,AT_RISK
ea9cd064-fbf7-4f7d-a6dc-7d12ba7dc7b2,2025-10-11,2d885db5-09de-4d36-abdc-c357a5253c90,FINANCIAL,96000,16000,0.1667,162222.22,0.99,ON_TRACK
f771a40a-0bf1-4294-a260-cdbe426a47e7,2025-10-11,cb90e01c-ad24-4e88-a405-b3ab220b47ca,HABIT,7.2,7.6,1.0556,7.6,0.99,ON_TRACK
c0d1aa4a-2c8d-484a-aec7-af994998c93d,2025-10-12,f516d2da-0168-4498-a19a-15c553b92083,FINANCIAL,18000,41664,1.5,107632,0.99,ON_TRACK
c3522241-e46e-4876-a5d7-c44aaf8c3713,2025-10-12,6e2f27d3-b0a7-41af-ae04-dd93747ab1ab,STUDY,14,12.4,0.8857,12.4,0.8771,ON_TRACK
1f20b94a-9950-4a84-a4dd-d07010a7cdf7,2025-10-12,942340a9-28cf-4419-a543-8fb8ad16ee20,HABIT,5,2,0.4,2,0.44,AT_RISK
f0e96b51-c808-4f23-a53b-22aa2e0b7279,2025-10-12,f8586d7f-42a8-40bb-a2c6-46993832c939,HABIT,25,34,1.36,34,0.99,ON_TRACK
c41618b8-538d-4103-a000-07d5e1204e15,2025-10-12,2d885db5-09de-4d36-abdc-c357a5253c90,FINANCIAL,96000,16000,0.1667,157837.84,0.99,ON_TRACK
83a6f35e-6f4b-4c72-ace6-20a1c6d2ae9c,2025-10-12,cb90e01c-ad24-4e88-a405-b3ab220b47ca,HABIT,7.2,7.7,1.0694,7.7,0.99,ON_TRACK
c4fcb61f-9b9b-47df-aa79-0347feab979c,2025-10-13,f516d2da-0168-4498-a19a-15c553b92083,FINANCIAL,18000,41420,1.5,98770.77,0.99,ON_TRACK
a8955d65-e8ad-442c-a417-1cee06f50211,2025-10-13,6e2f27d3-b0a7-41af-ae04-dd93747ab1ab,STUDY,14,1.9,0.1357,13.3,0.7884,NEEDS_ATTENTION
b36ebd1d-d614-41aa-ac50-800e4e87f2f5,2025-10-13,942340a9-28cf-4419-a543-8fb8ad16ee20,HABIT,5,0,0,0,0.08,AT_RISK
74f394ad-201e-4371-a878-dca458f72b17,2025-10-13,f8586d7f-42a8-40bb-a2c6-46993832c939,HABIT,25,42,1.5,42,0.99,ON_TRACK
fda514e6-6f20-4506-a016-6cffccde2fce,2025-10-13,2d885db5-09de-4d36-abdc-c357a5253c90,FINANCIAL,96000,16000,0.1667,153684.21,0.99,ON_TRACK
ebb70d0a-9b73-432f-ade0-2e79a7eb6a27,2025-10-13,cb90e01c-ad24-4e88-a405-b3ab220b47ca,HABIT,7.2,7.5,1.0417,7.5,0.99,ON_TRACK
b7b01e47-932c-48b2-aba5-8fea6a9be875,2025-10-14,f516d2da-0168-4498-a19a-15c553b92083,FINANCIAL,18000,41262,1.5,91365.86,0.99,ON_TRACK
864c6733-ece5-4c07-a77f-1947506fc0c7,2025-10-14,6e2f27d3-b0a7-41af-ae04-dd93747ab1ab,STUDY,14,1.9,0.1357,6.65,0.4464,AT_RISK
e7db15d2-4366-417c-a9be-1e51bce07b03,2025-10-14,942340a9-28cf-4419-a543-8fb8ad16ee20,HABIT,5,1,0.2,3.5,0.62,NEEDS_ATTENTION
f24485ae-f426-427d-a497-efa94a8d2569,2025-10-14,f8586d7f-42a8-40bb-a2c6-46993832c939,HABIT,25,41,1.5,41,0.99,ON_TRACK
274aa33d-0d5e-4803-a328-c74fbf5bbf02,2025-10-14,2d885db5-09de-4d36-abdc-c357a5253c90,FINANCIAL,96000,16000,0.1667,149743.59,0.99,ON_TRACK
6ed75c0d-45be-4a79-ad27-6391321a7f1e,2025-10-14,cb90e01c-ad24-4e88-a405-b3ab220b47ca,HABIT,7.2,7.5,1.0417,7.5,0.99,ON_TRACK
de678210-d013-409b-a98a-18eb3ff074f9,2025-10-15,f516d2da-0168-4498-a19a-15c553b92083,FINANCIAL,18000,40082,1.5,82836.13,0.99,ON_TRACK
62fec08d-0d5f-472f-a2f9-92e1275259d1,2025-10-15,6e2f27d3-b0a7-41af-ae04-dd93747ab1ab,STUDY,14,1.9,0.1357,4.43,0.3324,AT_RISK
5d62d1a3-1be7-4ebd-ab80-c2f8fcb6d3bd,2025-10-15,942340a9-28cf-4419-a543-8fb8ad16ee20,HABIT,5,1,0.2,2.33,0.452,AT_RISK
bea26dea-4d9f-46f9-a2ae-c72feddf7073,2025-10-15,f8586d7f-42a8-40bb-a2c6-46993832c939,HABIT,25,37,1.48,37,0.99,ON_TRACK
d5ec3a9d-7202-4d19-a146-e77ee87eef5d,2025-10-15,2d885db5-09de-4d36-abdc-c357a5253c90,FINANCIAL,96000,16000,0.1667,146000,0.99,ON_TRACK
e2e59898-a6fb-46df-a399-9972266479eb,2025-10-15,cb90e01c-ad24-4e88-a405-b3ab220b47ca,HABIT,7.2,6.7,0.9306,6.7,0.9175,ON_TRACK
ebc05b5f-3829-430c-adec-4ec2b13847e7,2025-10-16,f516d2da-0168-4498-a19a-15c553b92083,FINANCIAL,18000,39707,1.5,76932.31,0.99,ON_TRACK
c2710204-36d0-4f91-a5f4-95c04f14db34,2025-10-16,6e2f27d3-b0a7-41af-ae04-dd93747ab1ab,STUDY,14,1.9,0.1357,3.32,0.2754,AT_RISK
8e7ac46a-5d7f-4b21-ad07-d88c2b6af72c,2025-10-16,942340a9-28cf-4419-a543-8fb8ad16ee20,HABIT,5,1,0.2,1.75,0.368,AT_RISK
40d0e030-2075-4ac2-a9f3-dec67f3e73db,2025-10-16,f8586d7f-42a8-40bb-a2c6-46993832c939,HABIT,25,0,0,0,0.08,AT_RISK
301f857f-bf0e-4fa0-a5e7-6916ca3b1dea,2025-10-16,2d885db5-09de-4d36-abdc-c357a5253c90,FINANCIAL,96000,16000,0.1667,142439.02,0.99,ON_TRACK
4dbb5cfc-5c75-4fb1-a9cb-87f3a3a15568,2025-10-16,cb90e01c-ad24-4e88-a405-b3ab220b47ca,HABIT,7.2,7.1,0.9861,7.1,0.9675,ON_TRACK
23a00454-00b3-46e1-ac0d-eaa3fcb0d138,2025-10-17,f516d2da-0168-4498-a19a-15c553b92083,FINANCIAL,18000,38301,1.5,69843,0.99,ON_TRACK
0dbf6b9f-3722-41e3-aa0a-5ffba72562bf,2025-10-17,6e2f27d3-b0a7-41af-ae04-dd93747ab1ab,STUDY,14,1.9,0.1357,2.66,0.2412,AT_RISK
a6f3cf4c-3d4d-447c-aab7-19979a3a251f,2025-10-17,942340a9-28cf-4419-a543-8fb8ad16ee20,HABIT,5,2,0.4,2.8,0.5552,AT_RISK
99c258dc-181c-490c-a74b-f2ed6bd8af17,2025-10-17,f8586d7f-42a8-40bb-a2c6-46993832c939,HABIT,25,45,1.5,45,0.99,ON_TRACK
d593435d-971b-419b-aaab-7b52d668e434,2025-10-17,2d885db5-09de-4d36-abdc-c357a5253c90,FINANCIAL,96000,16000,0.1667,139047.62,0.99,ON_TRACK
2413d104-d67b-45dd-a700-54fdd7f63150,2025-10-17,cb90e01c-ad24-4e88-a405-b3ab220b47ca,HABIT,7.2,6.6,0.9167,6.6,0.905,ON_TRACK
c018dc79-55b7-4cdb-a690-5ec8c9608587,2025-10-18,f516d2da-0168-4498-a19a-15c553b92083,FINANCIAL,18000,37783,1.5,65070.72,0.99,ON_TRACK
fc14f593-c395-4a72-a42d-14141127447e,2025-10-18,6e2f27d3-b0a7-41af-ae04-dd93747ab1ab,STUDY,14,1.9,0.1357,2.22,0.2184,AT_RISK
2f134e98-2003-45ce-a4d6-069911dd555a,2025-10-18,942340a9-28cf-4419-a543-8fb8ad16ee20,HABIT,5,3,0.6,3.5,0.692,NEEDS_ATTENTION
4b042b29-255e-4993-a53e-e5bc795c7d78,2025-10-18,f8586d7f-42a8-40bb-a2c6-46993832c939,HABIT,25,37,1.48,37,0.99,ON_TRACK
9ba38a80-94e8-4a3b-afb0-ba974f9d40b1,2025-10-18,2d885db5-09de-4d36-abdc-c357a5253c90,FINANCIAL,96000,16000,0.1667,135813.95,0.99,ON_TRACK
f62610a5-9089-46c9-a6fd-10a13fa2fbbb,2025-10-18,cb90e01c-ad24-4e88-a405-b3ab220b47ca,HABIT,7.2,7.4,1.0278,7.4,0.99,ON_TRACK
0d16d8c5-a79f-41a4-adfc-b9606ff9a16e,2025-10-19,f516d2da-0168-4498-a19a-15c553b92083,FINANCIAL,18000,36467,1.5,59498.79,0.99,ON_TRACK
395bf619-c252-477d-ac93-8a7ce332be89,2025-10-19,6e2f27d3-b0a7-41af-ae04-dd93747ab1ab,STUDY,14,4.3,0.3071,4.3,0.3564,AT_RISK
e8849114-39f9-4c2a-a420-9950cc59989b,2025-10-19,942340a9-28cf-4419-a543-8fb8ad16ee20,HABIT,5,3,0.6,3,0.62,NEEDS_ATTENTION
9ec6ab6c-abdb-464d-a353-798395e02dee,2025-10-19,f8586d7f-42a8-40bb-a2c6-46993832c939,HABIT,25,40,1.5,40,0.99,ON_TRACK
b2f032f5-1385-426b-a7e2-84d943ab5092,2025-10-19,2d885db5-09de-4d36-abdc-c357a5253c90,FINANCIAL,96000,16000,0.1667,132727.27,0.99,ON_TRACK
5566f2da-ec65-4605-abc2-4f61e46eb98d,2025-10-19,cb90e01c-ad24-4e88-a405-b3ab220b47ca,HABIT,7.2,7.7,1.0694,7.7,0.99,ON_TRACK
7198a22d-a806-4c71-a97c-1cea936c353b,2025-10-20,f516d2da-0168-4498-a19a-15c553b92083,FINANCIAL,18000,35348,1.5,54789.4,0.99,ON_TRACK
a0044c29-469e-45ca-afed-0d01ec6c2692,2025-10-20,6e2f27d3-b0a7-41af-ae04-dd93747ab1ab,STUDY,14,0,0,0,0.08,AT_RISK
127fa9cf-68e2-4860-ad2d-5834557414d1,2025-10-20,942340a9-28cf-4419-a543-8fb8ad16ee20,HABIT,5,0,0,0,0.08,AT_RISK
fcd083bf-f83d-47fa-a2b9-accc36983302,2025-10-20,f8586d7f-42a8-40bb-a2c6-46993832c939,HABIT,25,37,1.48,37,0.99,ON_TRACK
9e9bd426-2212-4bfa-a551-76defa771c69,2025-10-20,2d885db5-09de-4d36-abdc-c357a5253c90,FINANCIAL,96000,16000,0.1667,129777.78,0.99,ON_TRACK
3dd9531f-27ed-4118-afbc-b694dbde8f19,2025-10-20,cb90e01c-ad24-4e88-a405-b3ab220b47ca,HABIT,7.2,7.5,1.0417,7.5,0.99,ON_TRACK
8390e7ec-d5a9-4c54-af5a-8d5608878b14,2025-10-21,f516d2da-0168-4498-a19a-15c553b92083,FINANCIAL,18000,34185,1.5,50463.57,0.99,ON_TRACK
385afbd9-3048-48ab-aaa2-47bfef94c424,2025-10-21,6e2f27d3-b0a7-41af-ae04-dd93747ab1ab,STUDY,14,1,0.0714,3.5,0.2729,AT_RISK
a0e89c50-1d27-482c-a6a4-e6d334cf5949,2025-10-21,942340a9-28cf-4419-a543-8fb8ad16ee20,HABIT,5,1,0.2,3.5,0.62,NEEDS_ATTENTION
c17a6110-0ad1-43c3-a0db-e1498f8a9644,2025-10-21,f8586d7f-42a8-40bb-a2c6-46993832c939,HABIT,25,0,0,0,0.08,AT_RISK
e9e96141-ed14-48b6-abbc-e7a02927a589,2025-10-21,2d885db5-09de-4d36-abdc-c357a5253c90,FINANCIAL,96000,16000,0.1667,126956.52,0.99,ON_TRACK
b14a9956-d97c-40a8-a93a-55b41a4b6493,2025-10-21,cb90e01c-ad24-4e88-a405-b3ab220b47ca,HABIT,7.2,6.8,0.9444,6.8,0.93,ON_TRACK
aeffa87e-d6a1-4bbd-a50f-34d9dd8ea672,2025-10-22,f516d2da-0168-4498-a19a-15c553b92083,FINANCIAL,18000,33882,1.5,47742.82,0.99,ON_TRACK
b6500042-1e8a-4ace-a359-3be01f5717df,2025-10-22,6e2f27d3-b0a7-41af-ae04-dd93747ab1ab,STUDY,14,2.8,0.2,6.53,0.452,AT_RISK
c3bcbf7b-32aa-428c-add6-5e0930cc6aac,2025-10-22,942340a9-28cf-4419-a543-8fb8ad16ee20,HABIT,5,1,0.2,2.33,0.452,AT_RISK
a42bf19e-e4d5-4c9f-a11b-a0c6f21e3d1d,2025-10-22,f8586d7f-42a8-40bb-a2c6-46993832c939,HABIT,25,45,1.5,45,0.99,ON_TRACK
17ff48aa-b703-4698-ae41-950e567cca33,2025-10-22,2d885db5-09de-4d36-abdc-c357a5253c90,FINANCIAL,96000,16000,0.1667,124255.32,0.99,ON_TRACK
1e9796e5-c24e-46bd-a96c-22fb96504ca1,2025-10-22,cb90e01c-ad24-4e88-a405-b3ab220b47ca,HABIT,7.2,7.6,1.0556,7.6,0.99,ON_TRACK
3c97996b-dcff-4629-ad66-97409f5c16ff,2025-10-23,f516d2da-0168-4498-a19a-15c553b92083,FINANCIAL,18000,32253,1.5,43471.43,0.99,ON_TRACK
d9687bda-3290-44ba-a7d0-70ff43609e23,2025-10-23,6e2f27d3-b0a7-41af-ae04-dd93747ab1ab,STUDY,14,5.1,0.3643,8.92,0.6046,NEEDS_ATTENTION
4598e1b0-1cab-4e60-a4ba-6574d917ff8d,2025-10-23,942340a9-28cf-4419-a543-8fb8ad16ee20,HABIT,5,2,0.4,3.5,0.656,NEEDS_ATTENTION
e597746f-8c21-4c75-accb-e988e1ad3bde,2025-10-23,f8586d7f-42a8-40bb-a2c6-46993832c939,HABIT,25,27,1.08,27,0.99,ON_TRACK
e476ecca-1d76-4cdb-a1a4-c5f0be0de076,2025-10-23,2d885db5-09de-4d36-abdc-c357a5253c90,FINANCIAL,96000,16000,0.1667,121666.67,0.99,ON_TRACK
3bbcfc7d-1f37-4a7e-a819-45d4b4d11b24,2025-10-23,cb90e01c-ad24-4e88-a405-b3ab220b47ca,HABIT,7.2,7.6,1.0556,7.6,0.99,ON_TRACK
9c8e6314-55d6-45cd-a478-36f9d918c6e1,2025-10-24,f516d2da-0168-4498-a19a-15c553b92083,FINANCIAL,18000,31326,1.5,40462.75,0.99,ON_TRACK
7158697d-9c2b-441d-a6da-0c24ff75a48c,2025-10-24,6e2f27d3-b0a7-41af-ae04-dd93747ab1ab,STUDY,14,5.1,0.3643,7.14,0.5128,AT_RISK
63b707d9-e0e5-4e7c-a4ab-13452a100bce,2025-10-24,942340a9-28cf-4419-a543-8fb8ad16ee20,HABIT,5,3,0.6,4.2,0.7928,NEEDS_ATTENTION
8e34f766-6403-4392-a80b-b18ebaba8ac5,2025-10-24,f8586d7f-42a8-40bb-a2c6-46993832c939,HABIT,25,28,1.12,28,0.99,ON_TRACK
db6947af-a283-441c-a1d2-f1b4588fa35b,2025-10-24,2d885db5-09de-4d36-abdc-c357a5253c90,FINANCIAL,96000,16000,0.1667,119183.67,0.99,ON_TRACK
cc73e3f3-f868-4e15-a5d7-ab8915fb8257,2025-10-24,cb90e01c-ad24-4e88-a405-b3ab220b47ca,HABIT,7.2,6.6,0.9167,6.6,0.905,ON_TRACK
7cf9537f-633d-4c42-abf9-5f953d53a38e,2025-10-25,f516d2da-0168-4498-a19a-15c553b92083,FINANCIAL,18000,30615,1.5,37962.6,0.99,ON_TRACK
7caa72ff-f856-48d8-a606-58682c2a19fd,2025-10-25,6e2f27d3-b0a7-41af-ae04-dd93747ab1ab,STUDY,14,5.1,0.3643,5.95,0.4516,AT_RISK
94b93552-297c-4f25-ab2b-5b79fcb09cc5,2025-10-25,942340a9-28cf-4419-a543-8fb8ad16ee20,HABIT,5,4,0.8,4.67,0.896,ON_TRACK
e120b89b-6129-4ef1-a0c9-9fe43ede164b,2025-10-25,f8586d7f-42a8-40bb-a2c6-46993832c939,HABIT,25,32,1.28,32,0.99,ON_TRACK
eaf17ba9-88fd-447a-aedb-457117870ccf,2025-10-25,2d885db5-09de-4d36-abdc-c357a5253c90,FINANCIAL,96000,16000,0.1667,116800,0.986,ON_TRACK
de30ef20-e6df-44e0-a1c7-c0cb553d99a7,2025-10-25,cb90e01c-ad24-4e88-a405-b3ab220b47ca,HABIT,7.2,8.1,1.125,8.1,0.99,ON_TRACK
10a8c696-e7d6-4670-a94f-ea56d7741817,2025-10-26,f516d2da-0168-4498-a19a-15c553b92083,FINANCIAL,18000,29684,1.5,35392.46,0.99,ON_TRACK
ead03b1b-a08c-43eb-a6d2-bda47c0bfbc8,2025-10-26,6e2f27d3-b0a7-41af-ae04-dd93747ab1ab,STUDY,14,7,0.5,7,0.53,AT_RISK
175f9960-674b-4b53-a526-c08d9ab58c11,2025-10-26,942340a9-28cf-4419-a543-8fb8ad16ee20,HABIT,5,4,0.8,4,0.8,NEEDS_ATTENTION
8077ab94-3584-4e80-add3-58898c61a48b,2025-10-26,f8586d7f-42a8-40bb-a2c6-46993832c939,HABIT,25,25,1,25,0.98,ON_TRACK
8f39832c-9c64-41fb-a65a-92c796387708,2025-10-26,2d885db5-09de-4d36-abdc-c357a5253c90,FINANCIAL,96000,16000,0.1667,114509.8,0.9688,ON_TRACK
26426744-2e3b-449f-ada4-5f5d9df1243a,2025-10-26,cb90e01c-ad24-4e88-a405-b3ab220b47ca,HABIT,7.2,8,1.1111,8,0.99,ON_TRACK
fb31b0f8-e150-408a-a600-dd9412bec973,2025-10-27,f516d2da-0168-4498-a19a-15c553b92083,FINANCIAL,18000,29349,1.5,33697,0.99,ON_TRACK
d4d4f37d-f597-434a-af5a-35e9d86b81ba,2025-10-27,6e2f27d3-b0a7-41af-ae04-dd93747ab1ab,STUDY,14,1.7,0.1214,11.9,0.7139,NEEDS_ATTENTION
81b91612-1511-4072-afe6-879ce7228982,2025-10-27,942340a9-28cf-4419-a543-8fb8ad16ee20,HABIT,5,1,0.2,7,0.99,ON_TRACK
d4dcad7b-28d0-4126-aa45-e31c3be78cdd,2025-10-27,f8586d7f-42a8-40bb-a2c6-46993832c939,HABIT,25,0,0,0,0.08,AT_RISK
e2c4e708-9ee8-4b7a-a1bc-e86b88e668b2,2025-10-27,2d885db5-09de-4d36-abdc-c357a5253c90,FINANCIAL,96000,16000,0.1667,112307.69,0.9523,ON_TRACK
95456985-82b4-48c8-a456-bfc9db38b0c3,2025-10-27,cb90e01c-ad24-4e88-a405-b3ab220b47ca,HABIT,7.2,6.6,0.9167,6.6,0.905,ON_TRACK
9e138429-1c7f-4aa0-af23-ed0bd8b02a2e,2025-10-28,f516d2da-0168-4498-a19a-15c553b92083,FINANCIAL,18000,28718,1.5,31794.93,0.99,ON_TRACK
5b640e0e-b5cc-499b-a792-735a42686af3,2025-10-28,6e2f27d3-b0a7-41af-ae04-dd93747ab1ab,STUDY,14,4.4,0.3143,15.4,0.9286,ON_TRACK
356903c6-b467-4761-ad05-746a2138dec8,2025-10-28,942340a9-28cf-4419-a543-8fb8ad16ee20,HABIT,5,1,0.2,3.5,0.62,NEEDS_ATTENTION
d99a665b-1a85-4301-aba4-ee8c620ff58f,2025-10-28,f8586d7f-42a8-40bb-a2c6-46993832c939,HABIT,25,23,0.92,23,0.908,ON_TRACK
3d68a990-a1e3-49c9-a8d8-d1ce69b2b294,2025-10-28,2d885db5-09de-4d36-abdc-c357a5253c90,FINANCIAL,96000,16000,0.1667,110188.68,0.9364,ON_TRACK
2b0a9a52-71b8-4b65-a21a-bcfec6f23939,2025-10-28,cb90e01c-ad24-4e88-a405-b3ab220b47ca,HABIT,7.2,6.5,0.9028,6.5,0.8925,ON_TRACK
8473789e-5813-4505-a631-9295dcb92ca9,2025-10-29,f516d2da-0168-4498-a19a-15c553b92083,FINANCIAL,18000,27867,1.5,29788.86,0.99,ON_TRACK
14a52913-c351-4050-a191-ac1583edec0b,2025-10-29,6e2f27d3-b0a7-41af-ae04-dd93747ab1ab,STUDY,14,6.5,0.4643,15.17,0.9436,ON_TRACK
8614622e-bd7d-437d-abac-6ac55a12355a,2025-10-29,942340a9-28cf-4419-a543-8fb8ad16ee20,HABIT,5,1,0.2,2.33,0.452,AT_RISK
e9a9b2c2-bf81-4c91-ad0f-629e86923aac,2025-10-29,f8586d7f-42a8-40bb-a2c6-46993832c939,HABIT,25,23,0.92,23,0.908,ON_TRACK
ec802451-2882-46ad-a9f3-ca6688a529ae,2025-10-29,2d885db5-09de-4d36-abdc-c357a5253c90,FINANCIAL,96000,16000,0.1667,108148.15,0.9211,ON_TRACK
da0a6156-8c86-4760-adc0-3ebecff0483d,2025-10-29,cb90e01c-ad24-4e88-a405-b3ab220b47ca,HABIT,7.2,7.7,1.0694,7.7,0.99,ON_TRACK
10de095d-0033-442f-a593-57cd365db5ff,2025-10-30,f516d2da-0168-4498-a19a-15c553b92083,FINANCIAL,18000,24917,1.3843,25747.57,0.99,ON_TRACK
2928baff-3dc6-45d4-ab20-33900f9fb1a1,2025-10-30,6e2f27d3-b0a7-41af-ae04-dd93747ab1ab,STUDY,14,6.5,0.4643,11.38,0.7486,NEEDS_ATTENTION
17188425-2737-4e66-aa36-a297f1141333,2025-10-30,942340a9-28cf-4419-a543-8fb8ad16ee20,HABIT,5,1,0.2,1.75,0.368,AT_RISK
82bb2a5b-1d5c-4949-aef7-4951f6138792,2025-10-30,f8586d7f-42a8-40bb-a2c6-46993832c939,HABIT,25,32,1.28,32,0.99,ON_TRACK
1dace0a6-4dfd-48bf-a32e-0509aa98f984,2025-10-30,2d885db5-09de-4d36-abdc-c357a5253c90,FINANCIAL,96000,16000,0.1667,106181.82,0.9064,ON_TRACK
52d241fa-ddd2-40ca-a64e-e62f1dd684ad,2025-10-30,cb90e01c-ad24-4e88-a405-b3ab220b47ca,HABIT,7.2,7.1,0.9861,7.1,0.9675,ON_TRACK
23fa51a6-6dc9-4cc6-acdb-5036041eedd5,2025-10-31,f516d2da-0168-4498-a19a-15c553b92083,FINANCIAL,18000,24781,1.3767,24781,0.99,ON_TRACK
64174d3d-9497-4f46-ae11-dac75cadf265,2025-10-31,6e2f27d3-b0a7-41af-ae04-dd93747ab1ab,STUDY,14,8.5,0.6071,11.9,0.8013,NEEDS_ATTENTION
19fc6b35-74cc-4c2f-ab67-fa8d65efde5d,2025-10-31,942340a9-28cf-4419-a543-8fb8ad16ee20,HABIT,5,2,0.4,2.8,0.5552,AT_RISK
0e25b158-6a06-4ae7-a353-8cdb0abf3562,2025-10-31,f8586d7f-42a8-40bb-a2c6-46993832c939,HABIT,25,26,1.04,26,0.99,ON_TRACK
8da3faae-a5c0-414d-a6c1-bf9f5e4fc5b2,2025-10-31,2d885db5-09de-4d36-abdc-c357a5253c90,FINANCIAL,96000,16000,0.1667,104285.71,0.8921,ON_TRACK
6eaa2297-5fb9-4ef8-a3d8-edae0c14f948,2025-10-31,cb90e01c-ad24-4e88-a405-b3ab220b47ca,HABIT,7.2,7.3,1.0139,7.3,0.99,ON_TRACK
638607f7-023a-4240-a433-882e2dbcfe5b,2025-11-01,f516d2da-0168-4498-a19a-15c553b92083,FINANCIAL,18000,84304,1.5,2529120,0.99,ON_TRACK
af677a58-c460-43f6-a528-5cd86ef515c2,2025-11-01,6e2f27d3-b0a7-41af-ae04-dd93747ab1ab,STUDY,14,8.5,0.6071,9.92,0.6993,NEEDS_ATTENTION
78ecbdba-fb0c-49a4-a7a6-0fba03319259,2025-11-01,942340a9-28cf-4419-a543-8fb8ad16ee20,HABIT,5,2,0.4,2.33,0.488,AT_RISK
0c57be13-a8bf-4cc7-ab1f-6142ecf165f0,2025-11-01,f8586d7f-42a8-40bb-a2c6-46993832c939,HABIT,25,27,1.08,27,0.99,ON_TRACK
69f818a8-fc2c-459d-a5c0-3e9d2da47585,2025-11-01,2d885db5-09de-4d36-abdc-c357a5253c90,FINANCIAL,96000,16000,0.1667,102456.14,0.8784,ON_TRACK
419e1ff8-189b-4e3b-a2ad-eda0e5701df8,2025-11-01,cb90e01c-ad24-4e88-a405-b3ab220b47ca,HABIT,7.2,7.1,0.9861,7.1,0.9675,ON_TRACK
807772cc-f851-40b2-aff5-b8832d08945d,2025-11-02,f516d2da-0168-4498-a19a-15c553b92083,FINANCIAL,18000,61866,1.5,927990,0.99,ON_TRACK
7cba0466-0bb3-4111-abbd-af366770fd26,2025-11-02,6e2f27d3-b0a7-41af-ae04-dd93747ab1ab,STUDY,14,11.6,0.8286,11.6,0.8257,NEEDS_ATTENTION
f968d752-64b3-44d4-a050-8b759233e77f,2025-11-02,942340a9-28cf-4419-a543-8fb8ad16ee20,HABIT,5,2,0.4,2,0.44,AT_RISK
ba6bdee0-2077-47ac-a2e3-51ad0fd094ea,2025-11-02,f8586d7f-42a8-40bb-a2c6-46993832c939,HABIT,25,0,0,0,0.08,AT_RISK
022c9009-ba2c-4ecc-a804-e602250b93f8,2025-11-02,2d885db5-09de-4d36-abdc-c357a5253c90,FINANCIAL,96000,16000,0.1667,100689.66,0.8652,ON_TRACK
6d34f7ce-39e1-4d59-ade1-eec4eca50d54,2025-11-02,cb90e01c-ad24-4e88-a405-b3ab220b47ca,HABIT,7.2,7.4,1.0278,7.4,0.99,ON_TRACK
b094e1de-1be1-4481-a6c0-a1dd90484d73,2025-11-03,f516d2da-0168-4498-a19a-15c553b92083,FINANCIAL,18000,58966,1.5,589660,0.99,ON_TRACK
1b3d32bf-1858-4239-abdd-182a3a798731,2025-11-03,6e2f27d3-b0a7-41af-ae04-dd93747ab1ab,STUDY,14,2,0.1429,14,0.8257,NEEDS_ATTENTION
b932e856-eb7a-4868-a5fb-9af0125d9f86,2025-11-03,942340a9-28cf-4419-a543-8fb8ad16ee20,HABIT,5,1,0.2,7,0.99,ON_TRACK
14a24420-7299-4482-a3b4-6aa894b66efc,2025-11-03,f8586d7f-42a8-40bb-a2c6-46993832c939,HABIT,25,34,1.36,34,0.99,ON_TRACK
2767e07b-940a-41f3-a6e6-7362db46f43d,2025-11-03,2d885db5-09de-4d36-abdc-c357a5253c90,FINANCIAL,96000,16000,0.1667,98983.05,0.8524,ON_TRACK
740eb9b0-e9ca-4ace-aa4d-52998980ad3b,2025-11-03,cb90e01c-ad24-4e88-a405-b3ab220b47ca,HABIT,7.2,6.8,0.9444,6.8,0.93,ON_TRACK
7efdd689-1d17-4381-a06e-6725b237c001,2025-11-04,f516d2da-0168-4498-a19a-15c553b92083,FINANCIAL,18000,58966,1.5,442245,0.99,ON_TRACK
0b10e77f-32d7-4991-a6e7-c6e762e2ab6a,2025-11-04,6e2f27d3-b0a7-41af-ae04-dd93747ab1ab,STUDY,14,4.8,0.3429,16.8,0.99,ON_TRACK
25b32ec5-a999-4e31-a194-f9c90274164e,2025-11-04,942340a9-28cf-4419-a543-8fb8ad16ee20,HABIT,5,2,0.4,7,0.99,ON_TRACK
14782134-f188-4f7e-a6c8-554c8ed80006,2025-11-04,f8586d7f-42a8-40bb-a2c6-46993832c939,HABIT,25,34,1.36,34,0.99,ON_TRACK
05182e67-2cc2-403f-a190-065c42a862ac,2025-11-04,2d885db5-09de-4d36-abdc-c357a5253c90,FINANCIAL,96000,16000,0.1667,97333.33,0.84,NEEDS_ATTENTION
23c754c1-d70a-467c-a8c9-412d11ffd99f,2025-11-04,cb90e01c-ad24-4e88-a405-b3ab220b47ca,HABIT,7.2,7,0.9722,7,0.955,ON_TRACK
62deb051-d2e5-4059-af5a-cf16ba301796,2025-11-05,f516d2da-0168-4498-a19a-15c553b92083,FINANCIAL,18000,54662,1.5,327972,0.99,ON_TRACK
eca01948-b1ca-4b25-a535-0da142487961,2025-11-05,6e2f27d3-b0a7-41af-ae04-dd93747ab1ab,STUDY,14,7.7,0.55,17.97,0.99,ON_TRACK
7758d962-95fb-4be1-a967-545b2d0d4044,2025-11-05,942340a9-28cf-4419-a543-8fb8ad16ee20,HABIT,5,2,0.4,4.67,0.824,NEEDS_ATTENTION
b3e69127-425c-4186-ae2c-44cb0fa7e47f,2025-11-05,f8586d7f-42a8-40bb-a2c6-46993832c939,HABIT,25,33,1.32,33,0.99,ON_TRACK
b75015f8-2b51-47e6-a521-b4df5561a188,2025-11-05,2d885db5-09de-4d36-abdc-c357a5253c90,FINANCIAL,96000,16000,0.1667,95737.7,0.828,NEEDS_ATTENTION
970b7f52-17a9-4e38-a47d-3b1e773d3e2c,2025-11-05,cb90e01c-ad24-4e88-a405-b3ab220b47ca,HABIT,7.2,7.5,1.0417,7.5,0.99,ON_TRACK
d71b08db-981a-4aaa-ab6e-99e20b9816e9,2025-11-06,f516d2da-0168-4498-a19a-15c553b92083,FINANCIAL,18000,52723,1.5,263615,0.99,ON_TRACK
1412160a-3b7e-4c4f-a33e-e43e520f136b,2025-11-06,6e2f27d3-b0a7-41af-ae04-dd93747ab1ab,STUDY,14,9.7,0.6929,16.97,0.99,ON_TRACK
8b900303-bbc8-4f8a-af41-6e3095ccd499,2025-11-06,942340a9-28cf-4419-a543-8fb8ad16ee20,HABIT,5,3,0.6,5.25,0.944,ON_TRACK
826c4b27-4f40-490d-a03c-699e13389068,2025-11-06,f8586d7f-42a8-40bb-a2c6-46993832c939,HABIT,25,37,1.48,37,0.99,ON_TRACK
9636f5d4-89ba-46d6-a028-f048b416b8ab,2025-11-06,2d885db5-09de-4d36-abdc-c357a5253c90,FINANCIAL,96000,16000,0.1667,94193.55,0.8165,NEEDS_ATTENTION
0cc091c9-3d22-4422-ac9e-ca7526f5c93b,2025-11-06,cb90e01c-ad24-4e88-a405-b3ab220b47ca,HABIT,7.2,7,0.9722,7,0.955,ON_TRACK
2ed10d8a-4bb7-4598-a033-9e14966ffa07,2025-11-07,f516d2da-0168-4498-a19a-15c553b92083,FINANCIAL,18000,51501,1.5,220718.57,0.99,ON_TRACK
9287f39a-21cd-4a5b-a07b-7764daff5e55,2025-11-07,6e2f27d3-b0a7-41af-ae04-dd93747ab1ab,STUDY,14,12.8,0.9143,17.92,0.99,ON_TRACK
14912385-84c9-4b9b-a3bc-6b6e913cd1d3,2025-11-07,942340a9-28cf-4419-a543-8fb8ad16ee20,HABIT,5,4,0.8,5.6,0.99,ON_TRACK
b801f962-b6f8-4500-a34a-f2821bee7390,2025-11-07,f8586d7f-42a8-40bb-a2c6-46993832c939,HABIT,25,44,1.5,44,0.99,ON_TRACK
f168ab3d-f9f1-4497-a059-bafbcd41a017,2025-11-07,2d885db5-09de-4d36-abdc-c357a5253c90,FINANCIAL,96000,16000,0.1667,92698.41,0.8052,NEEDS_ATTENTION
4746a032-9a54-421d-a1ca-3e3790ee3009,2025-11-07,cb90e01c-ad24-4e88-a405-b3ab220b47ca,HABIT,7.2,6.9,0.9583,6.9,0.9425,ON_TRACK
3a24f73f-1ce3-4e12-ac61-de4541799a7e,2025-11-08,f516d2da-0168-4498-a19a-15c553b92083,FINANCIAL,18000,48936,1.5,183510,0.99,ON_TRACK
aa768523-90bb-4e27-ab84-158f10a50cae,2025-11-08,6e2f27d3-b0a7-41af-ae04-dd93747ab1ab,STUDY,14,12.8,0.9143,14.93,0.99,ON_TRACK
ebbe32d1-be8f-4516-a8e8-9225bce94ca9,2025-11-08,942340a9-28cf-4419-a543-8fb8ad16ee20,HABIT,5,5,1,5.83,0.99,ON_TRACK
4b85c904-24d2-48ba-a223-1379acc2dc64,2025-11-08,f8586d7f-42a8-40bb-a2c6-46993832c939,HABIT,25,38,1.5,38,0.99,ON_TRACK
fae5f1f5-f959-483e-a2c6-2f98d7bf5b07,2025-11-08,2d885db5-09de-4d36-abdc-c357a5253c90,FINANCIAL,96000,16000,0.1667,91250,0.7944,NEEDS_ATTENTION
650df156-5b28-4862-a50a-a6df3098fcb1,2025-11-08,cb90e01c-ad24-4e88-a405-b3ab220b47ca,HABIT,7.2,7.7,1.0694,7.7,0.99,ON_TRACK
c9961a8a-119a-4c1d-a677-a958d3ac3ee8,2025-11-09,f516d2da-0168-4498-a19a-15c553b92083,FINANCIAL,18000,48936,1.5,163120,0.99,ON_TRACK
f06a1da8-3f61-456e-a4ce-5e6ddfb68ec2,2025-11-09,6e2f27d3-b0a7-41af-ae04-dd93747ab1ab,STUDY,14,15.7,1.1214,15.7,0.99,ON_TRACK
2ce57313-ac15-40e4-a808-e5b977658d52,2025-11-09,942340a9-28cf-4419-a543-8fb8ad16ee20,HABIT,5,5,1,5,0.98,ON_TRACK
cfad48d7-bb28-457b-ae8e-2db48c56af8a,2025-11-09,f8586d7f-42a8-40bb-a2c6-46993832c939,HABIT,25,44,1.5,44,0.99,ON_TRACK
72d4918c-387b-4d59-a099-8d22c38e4ac1,2025-11-09,2d885db5-09de-4d36-abdc-c357a5253c90,FINANCIAL,96000,16000,0.1667,89846.15,0.7838,NEEDS_ATTENTION
1348d0ed-8a4f-422a-a110-76f5654096ad,2025-11-09,cb90e01c-ad24-4e88-a405-b3ab220b47ca,HABIT,7.2,7.6,1.0556,7.6,0.99,ON_TRACK
270ba1e7-1970-40fe-ace7-58525a53b9db,2025-11-10,f516d2da-0168-4498-a19a-15c553b92083,FINANCIAL,18000,37851,1.5,113553,0.99,ON_TRACK
6dddfadd-76e8-4b65-a856-efd41efe7d27,2025-11-10,6e2f27d3-b0a7-41af-ae04-dd93747ab1ab,STUDY,14,1.2,0.0857,8.4,0.5274,AT_RISK
7fa61885-f091-4e4f-a226-8555cfe702ab,2025-11-10,942340a9-28cf-4419-a543-8fb8ad16ee20,HABIT,5,1,0.2,7,0.99,ON_TRACK
0e15df98-e8c1-4124-a2ad-0eaaadbaf47c,2025-11-10,f8586d7f-42a8-40bb-a2c6-46993832c939,HABIT,25,0,0,0,0.08,AT_RISK
5043ff42-cc71-46e6-a68a-edec3277ae56,2025-11-10,2d885db5-09de-4d36-abdc-c357a5253c90,FINANCIAL,96000,24000,0.25,132727.27,0.99,ON_TRACK
8b30d0e1-7846-4569-a28e-427675360126,2025-11-10,cb90e01c-ad24-4e88-a405-b3ab220b47ca,HABIT,7.2,7,0.9722,7,0.955,ON_TRACK
0659ba72-dae8-4586-a009-1c775e67cc22,2025-11-11,f516d2da-0168-4498-a19a-15c553b92083,FINANCIAL,18000,36668,1.5,100003.64,0.99,ON_TRACK
ebdcc9ab-baed-4968-a066-1e363bd2c0e8,2025-11-11,6e2f27d3-b0a7-41af-ae04-dd93747ab1ab,STUDY,14,1.2,0.0857,4.2,0.3114,AT_RISK
16732125-adf9-4c50-a101-5b7cfe578d95,2025-11-11,942340a9-28cf-4419-a543-8fb8ad16ee20,HABIT,5,2,0.4,7,0.99,ON_TRACK
55bc9262-40a3-4c6c-ac73-5e260005d6b9,2025-11-11,f8586d7f-42a8-40bb-a2c6-46993832c939,HABIT,25,40,1.5,40,0.99,ON_TRACK
69ee2347-69ad-4efb-ac4f-0643d26e62d7,2025-11-11,2d885db5-09de-4d36-abdc-c357a5253c90,FINANCIAL,96000,24000,0.25,130746.27,0.99,ON_TRACK
6942969e-c064-486a-a5b9-656ac50e3f1b,2025-11-11,cb90e01c-ad24-4e88-a405-b3ab220b47ca,HABIT,7.2,6.6,0.9167,6.6,0.905,ON_TRACK
478a9c4f-0214-4ce4-af72-ef459f2e41fd,2025-11-12,f516d2da-0168-4498-a19a-15c553b92083,FINANCIAL,18000,36668,1.5,91670,0.99,ON_TRACK
9854ffe1-9830-4484-a3b3-186c3f8bfd50,2025-11-12,6e2f27d3-b0a7-41af-ae04-dd93747ab1ab,STUDY,14,2.7,0.1929,6.3,0.4387,AT_RISK
259be0ee-f8f1-44ff-a4eb-6b3148bf776c,2025-11-12,942340a9-28cf-4419-a543-8fb8ad16ee20,HABIT,5,2,0.4,4.67,0.824,NEEDS_ATTENTION
cceb5fe3-694c-4c00-a4b1-dabeb9ce1816,2025-11-12,f8586d7f-42a8-40bb-a2c6-46993832c939,HABIT,25,0,0,0,0.08,AT_RISK
d0fa2e1b-979f-4114-a502-28da86da8024,2025-11-12,2d885db5-09de-4d36-abdc-c357a5253c90,FINANCIAL,96000,24000,0.25,128823.53,0.99,ON_TRACK
66f47371-6dee-4d5e-a800-a2ccad5b6660,2025-11-12,cb90e01c-ad24-4e88-a405-b3ab220b47ca,HABIT,7.2,6.8,0.9444,6.8,0.93,ON_TRACK
dce4e42f-3f73-43d1-af70-721c06bc75ad,2025-11-13,f516d2da-0168-4498-a19a-15c553b92083,FINANCIAL,18000,36299,1.5,83766.92,0.99,ON_TRACK
dd8bd8ed-032a-445d-adbc-43019ccab946,2025-11-13,6e2f27d3-b0a7-41af-ae04-dd93747ab1ab,STUDY,14,2.7,0.1929,4.73,0.3577,AT_RISK
3348b8ce-6305-41cc-a4a5-859d470a5e48,2025-11-13,942340a9-28cf-4419-a543-8fb8ad16ee20,HABIT,5,3,0.6,5.25,0.944,ON_TRACK
81bdd8ed-ede8-4031-af33-11ddb0448158,2025-11-13,f8586d7f-42a8-40bb-a2c6-46993832c939,HABIT,25,0,0,0,0.08,AT_RISK
f56a8d9d-5613-4201-ac22-7f34f388a0d3,2025-11-13,2d885db5-09de-4d36-abdc-c357a5253c90,FINANCIAL,96000,24000,0.25,126956.52,0.99,ON_TRACK
a5194ab2-4037-4184-a65f-c84673f10a00,2025-11-13,cb90e01c-ad24-4e88-a405-b3ab220b47ca,HABIT,7.2,7.3,1.0139,7.3,0.99,ON_TRACK
f38a2f65-81d3-4cdc-a080-d5beb97fb939,2025-11-14,f516d2da-0168-4498-a19a-15c553b92083,FINANCIAL,18000,35990,1.5,77121.43,0.99,ON_TRACK
3fe2a3ce-29b8-46e1-aaa3-87bdc12c8e1d,2025-11-14,6e2f27d3-b0a7-41af-ae04-dd93747ab1ab,STUDY,14,2.7,0.1929,3.78,0.3091,AT_RISK
d7426b87-4d75-42a6-a6b7-082b27a63e03,2025-11-14,942340a9-28cf-4419-a543-8fb8ad16ee20,HABIT,5,3,0.6,4.2,0.7928,NEEDS_ATTENTION
233ecc04-ff27-4cca-a121-eca63fbb0855,2025-11-14,f8586d7f-42a8-40bb-a2c6-46993832c939,HABIT,25,0,0,0,0.08,AT_RISK
953bcc92-0e0a-4d61-a879-dc108c92f5bd,2025-11-14,2d885db5-09de-4d36-abdc-c357a5253c90,FINANCIAL,96000,24000,0.25,125142.86,0.99,ON_TRACK
7d0db5e0-8165-4337-a7fd-4e980ffd9e1c,2025-11-14,cb90e01c-ad24-4e88-a405-b3ab220b47ca,HABIT,7.2,6.7,0.9306,6.7,0.9175,ON_TRACK
26ee93fe-e553-4c50-a0d0-a06fc751cbaf,2025-11-15,f516d2da-0168-4498-a19a-15c553b92083,FINANCIAL,18000,35662,1.5,71324,0.99,ON_TRACK
edd03b48-51ae-4501-a5ad-27ab5719abff,2025-11-15,6e2f27d3-b0a7-41af-ae04-dd93747ab1ab,STUDY,14,2.7,0.1929,3.15,0.2767,AT_RISK
0f3ef1e9-efe8-47b2-a061-e714908d1af4,2025-11-15,942340a9-28cf-4419-a543-8fb8ad16ee20,HABIT,5,3,0.6,3.5,0.692,NEEDS_ATTENTION
c462ae45-7e9b-445c-a98e-543ee9056d65,2025-11-15,f8586d7f-42a8-40bb-a2c6-46993832c939,HABIT,25,41,1.5,41,0.99,ON_TRACK
db3b6ae6-0513-4001-ada4-ae2d4c115947,2025-11-15,2d885db5-09de-4d36-abdc-c357a5253c90,FINANCIAL,96000,24000,0.25,123380.28,0.99,ON_TRACK
8fcd0529-2ab1-4a57-a83e-4e1eec456f64,2025-11-15,cb90e01c-ad24-4e88-a405-b3ab220b47ca,HABIT,7.2,7.5,1.0417,7.5,0.99,ON_TRACK
dd6caf34-c152-4435-a6f6-11e5beadcb75,2025-11-16,f516d2da-0168-4498-a19a-15c553b92083,FINANCIAL,18000,33408,1.5,62640,0.99,ON_TRACK
f5b3f39e-951b-4ed2-a845-d464ce375af3,2025-11-16,6e2f27d3-b0a7-41af-ae04-dd93747ab1ab,STUDY,14,2.7,0.1929,2.7,0.2536,AT_RISK
64fec8a0-76ce-4594-a56c-6fe541a2357a,2025-11-16,942340a9-28cf-4419-a543-8fb8ad16ee20,HABIT,5,3,0.6,3,0.62,NEEDS_ATTENTION
3ec3386c-cf35-48d5-adfc-2c9d4e5b131f,2025-11-16,f8586d7f-42a8-40bb-a2c6-46993832c939,HABIT,25,44,1.5,44,0.99,ON_TRACK
425127e1-78fe-47b7-ac95-4656d6b54928,2025-11-16,2d885db5-09de-4d36-abdc-c357a5253c90,FINANCIAL,96000,24000,0.25,121666.67,0.99,ON_TRACK
0b294df6-7733-42de-aab8-7ca4e1e8c2bf,2025-11-16,cb90e01c-ad24-4e88-a405-b3ab220b47ca,HABIT,7.2,7.8,1.0833,7.8,0.99,ON_TRACK
61b3c71a-7e38-43cc-ac91-fd64015e622c,2025-11-17,f516d2da-0168-4498-a19a-15c553b92083,FINANCIAL,18000,33016,1.5,58263.53,0.99,ON_TRACK
f277bc66-3071-45b6-ae73-7177935d4ae7,2025-11-17,6e2f27d3-b0a7-41af-ae04-dd93747ab1ab,STUDY,14,3,0.2143,21,0.99,ON_TRACK
08f5b24a-1625-4ff5-ae69-c718f3991d77,2025-11-17,942340a9-28cf-4419-a543-8fb8ad16ee20,HABIT,5,1,0.2,7,0.99,ON_TRACK
bfc31095-5d6c-48db-a69b-6e053f9eb613,2025-11-17,f8586d7f-42a8-40bb-a2c6-46993832c939,HABIT,25,35,1.4,35,0.99,ON_TRACK
f54c8b11-aba6-469e-aea8-1d95880679ab,2025-11-17,2d885db5-09de-4d36-abdc-c357a5253c90,FINANCIAL,96000,24000,0.25,120000,0.99,ON_TRACK
5d567178-83b9-4a7e-aa40-75cb1ac8542a,2025-11-17,cb90e01c-ad24-4e88-a405-b3ab220b47ca,HABIT,7.2,6.6,0.9167,6.6,0.905,ON_TRACK
62488777-8805-4a3e-a0d0-9048a6d25c59,2025-11-18,f516d2da-0168-4498-a19a-15c553b92083,FINANCIAL,18000,41161,1.5,68601.67,0.99,ON_TRACK
9c05751c-eb67-467d-a600-7f60836bb809,2025-11-18,6e2f27d3-b0a7-41af-ae04-dd93747ab1ab,STUDY,14,3,0.2143,10.5,0.6586,NEEDS_ATTENTION
9f6e874c-2ab6-405f-a119-151b0d004ce1,2025-11-18,942340a9-28cf-4419-a543-8fb8ad16ee20,HABIT,5,2,0.4,7,0.99,ON_TRACK
21a2d41e-6bb3-4706-a5b5-1908bdf98d77,2025-11-18,f8586d7f-42a8-40bb-a2c6-46993832c939,HABIT,25,44,1.5,44,0.99,ON_TRACK
6d7573c6-d7d4-49d3-a1e7-feba88849dad,2025-11-18,2d885db5-09de-4d36-abdc-c357a5253c90,FINANCIAL,96000,24000,0.25,118378.38,0.99,ON_TRACK
f48d9dce-e7ac-4d78-a56f-95de2f523c39,2025-11-18,cb90e01c-ad24-4e88-a405-b3ab220b47ca,HABIT,7.2,6.9,0.9583,6.9,0.9425,ON_TRACK
e8242e13-fcb0-4cd2-a00e-c0c6a047d4b3,2025-11-19,f516d2da-0168-4498-a19a-15c553b92083,FINANCIAL,18000,39727,1.5,62726.84,0.99,ON_TRACK
a83dfefc-d426-4096-aca0-c720fbf016d7,2025-11-19,6e2f27d3-b0a7-41af-ae04-dd93747ab1ab,STUDY,14,5.1,0.3643,11.9,0.7576,NEEDS_ATTENTION
97d32f88-55f2-4dfd-ad41-8b1efe685033,2025-11-19,942340a9-28cf-4419-a543-8fb8ad16ee20,HABIT,5,2,0.4,4.67,0.824,NEEDS_ATTENTION
e717e493-8823-48a0-ae5a-6aefd8ae965e,2025-11-19,f8586d7f-42a8-40bb-a2c6-46993832c939,HABIT,25,0,0,0,0.08,AT_RISK
c9bf3d15-0ec7-42b7-a0f0-9be42a0ff2c7,2025-11-19,2d885db5-09de-4d36-abdc-c357a5253c90,FINANCIAL,96000,24000,0.25,116800,0.99,ON_TRACK
c2bbaaba-0add-4eb9-a5dd-8fdd03a55774,2025-11-19,cb90e01c-ad24-4e88-a405-b3ab220b47ca,HABIT,7.2,6.5,0.9028,6.5,0.8925,ON_TRACK
1d7ee4b2-56a5-4747-a6a6-a7ad8747ad48,2025-11-20,f516d2da-0168-4498-a19a-15c553b92083,FINANCIAL,18000,38716,1.5,58074,0.99,ON_TRACK
c12b95f7-3df5-4afc-a1e8-e722b9bc1892,2025-11-20,6e2f27d3-b0a7-41af-ae04-dd93747ab1ab,STUDY,14,6.3,0.45,11.03,0.728,NEEDS_ATTENTION
0b715110-3815-4450-ad9d-8ce82632008e,2025-11-20,942340a9-28cf-4419-a543-8fb8ad16ee20,HABIT,5,3,0.6,5.25,0.944,ON_TRACK
ff7562b0-958a-45dc-ac6d-b2a75e1e85de,2025-11-20,f8586d7f-42a8-40bb-a2c6-46993832c939,HABIT,25,0,0,0,0.08,AT_RISK
2b50cf3a-99aa-4f2d-a6f4-e17f3705e916,2025-11-20,2d885db5-09de-4d36-abdc-c357a5253c90,FINANCIAL,96000,24000,0.25,115263.16,0.9895,ON_TRACK
c25eb5c7-57ef-4b25-aefd-7db55a2a45b9,2025-11-20,cb90e01c-ad24-4e88-a405-b3ab220b47ca,HABIT,7.2,7.6,1.0556,7.6,0.99,ON_TRACK
d9ef6553-1137-4952-afbd-a7a2fd51ff7f,2025-11-21,f516d2da-0168-4498-a19a-15c553b92083,FINANCIAL,18000,35727,1.5,51038.57,0.99,ON_TRACK
e0a82c70-ed9b-45fe-ab03-8a2445860688,2025-11-21,6e2f27d3-b0a7-41af-ae04-dd93747ab1ab,STUDY,14,9.1,0.65,12.74,0.8522,ON_TRACK
f67a3a30-ceb7-42d3-a16c-989648201e49,2025-11-21,942340a9-28cf-4419-a543-8fb8ad16ee20,HABIT,5,4,0.8,5.6,0.99,ON_TRACK
42cb9814-448f-4282-a779-e0ac7d1032b2,2025-11-21,f8586d7f-42a8-40bb-a2c6-46993832c939,HABIT,25,44,1.5,44,0.99,ON_TRACK
82639be1-40e9-4a85-a220-ccb4532864d0,2025-11-21,2d885db5-09de-4d36-abdc-c357a5253c90,FINANCIAL,96000,24000,0.25,113766.23,0.9782,ON_TRACK
f1eac6ba-9d0c-441c-a566-1a9450d73ad8,2025-11-21,cb90e01c-ad24-4e88-a405-b3ab220b47ca,HABIT,7.2,7.3,1.0139,7.3,0.99,ON_TRACK
57734f71-8f85-4bc5-aa09-f3f39c1666a6,2025-11-22,f516d2da-0168-4498-a19a-15c553b92083,FINANCIAL,18000,33704,1.5,45960,0.99,ON_TRACK
c4463dcc-f797-4670-abc9-4c8a721760b7,2025-11-22,6e2f27d3-b0a7-41af-ae04-dd93747ab1ab,STUDY,14,13.2,0.9429,15.4,0.99,ON_TRACK
7ead8db9-57e4-43dd-a9e5-4ac0b4d85a85,2025-11-22,942340a9-28cf-4419-a543-8fb8ad16ee20,HABIT,5,5,1,5.83,0.99,ON_TRACK
34b0f0cd-2852-4868-a5e7-28a83033e1c3,2025-11-22,f8586d7f-42a8-40bb-a2c6-46993832c939,HABIT,25,23,0.92,23,0.908,ON_TRACK
1707dd09-25ed-4b6e-a99d-20ccb5ccf66e,2025-11-22,2d885db5-09de-4d36-abdc-c357a5253c90,FINANCIAL,96000,24000,0.25,112307.69,0.9673,ON_TRACK
5bc3e9d4-9a43-48f4-a6ae-4af777de5e71,2025-11-22,cb90e01c-ad24-4e88-a405-b3ab220b47ca,HABIT,7.2,7.2,1,7.2,0.98,ON_TRACK
4eae4ee6-0ad5-44eb-a856-f4b6049df16c,2025-11-23,f516d2da-0168-4498-a19a-15c553b92083,FINANCIAL,18000,31944,1.5,41666.09,0.99,ON_TRACK
c68350a6-50f0-4549-aea5-71aa8f9c85fd,2025-11-23,6e2f27d3-b0a7-41af-ae04-dd93747ab1ab,STUDY,14,15.5,1.1071,15.5,0.99,ON_TRACK
e623e750-1097-45c0-a3a2-48e942a44341,2025-11-23,942340a9-28cf-4419-a543-8fb8ad16ee20,HABIT,5,5,1,5,0.98,ON_TRACK
a647e874-4983-470a-ac2d-87dc85a782ca,2025-11-23,f8586d7f-42a8-40bb-a2c6-46993832c939,HABIT,25,0,0,0,0.08,AT_RISK
e36e26ca-237a-4611-a359-c8b91fe16078,2025-11-23,2d885db5-09de-4d36-abdc-c357a5253c90,FINANCIAL,96000,24000,0.25,110886.08,0.9566,ON_TRACK
3111a41a-a056-4668-a409-fee642380937,2025-11-23,cb90e01c-ad24-4e88-a405-b3ab220b47ca,HABIT,7.2,7.5,1.0417,7.5,0.99,ON_TRACK
4aab663b-e6fb-4a0f-a6fd-767cd2370465,2025-11-24,f516d2da-0168-4498-a19a-15c553b92083,FINANCIAL,18000,31304,1.5,39130,0.99,ON_TRACK
0806403f-c4bc-4070-af62-19277822c044,2025-11-24,6e2f27d3-b0a7-41af-ae04-dd93747ab1ab,STUDY,14,3.5,0.25,24.5,0.99,ON_TRACK
65edaeba-165e-451f-a419-563f8d4a1c25,2025-11-24,942340a9-28cf-4419-a543-8fb8ad16ee20,HABIT,5,1,0.2,7,0.99,ON_TRACK
ebbbb48b-e285-4468-ad31-5866805af9bd,2025-11-24,f8586d7f-42a8-40bb-a2c6-46993832c939,HABIT,25,42,1.5,42,0.99,ON_TRACK
50696510-e58f-490c-ac97-b40dc9419362,2025-11-24,2d885db5-09de-4d36-abdc-c357a5253c90,FINANCIAL,96000,24000,0.25,109500,0.9462,ON_TRACK
c57f4e2d-634a-4895-a5f4-c5b484cc8fa3,2025-11-24,cb90e01c-ad24-4e88-a405-b3ab220b47ca,HABIT,7.2,6.6,0.9167,6.6,0.905,ON_TRACK
5c353096-0551-4941-a05c-6848832abd7f,2025-11-25,f516d2da-0168-4498-a19a-15c553b92083,FINANCIAL,18000,30880,1.5,37056,0.99,ON_TRACK
b0b7acf2-667b-4166-a976-523b001940a5,2025-11-25,6e2f27d3-b0a7-41af-ae04-dd93747ab1ab,STUDY,14,6.3,0.45,22.05,0.99,ON_TRACK
b3931f39-3256-4bb4-abeb-4b5005b3ab3b,2025-11-25,942340a9-28cf-4419-a543-8fb8ad16ee20,HABIT,5,1,0.2,3.5,0.62,NEEDS_ATTENTION
12d1a8f9-7803-47e6-a8f2-8dc9c35908ab,2025-11-25,f8586d7f-42a8-40bb-a2c6-46993832c939,HABIT,25,28,1.12,28,0.99,ON_TRACK
54741118-5630-476b-a24f-534a8f8a0d7a,2025-11-25,2d885db5-09de-4d36-abdc-c357a5253c90,FINANCIAL,96000,24000,0.25,108148.15,0.9361,ON_TRACK
594d0863-1d7a-4f80-a3a6-42e36bab13e0,2025-11-25,cb90e01c-ad24-4e88-a405-b3ab220b47ca,HABIT,7.2,7.1,0.9861,7.1,0.9675,ON_TRACK
aa90a7cd-b01d-4bb8-a92a-704c75f755bd,2025-11-26,f516d2da-0168-4498-a19a-15c553b92083,FINANCIAL,18000,30880,1.5,35630.77,0.99,ON_TRACK
1b053706-4e81-4462-a81e-b261e7125083,2025-11-26,6e2f27d3-b0a7-41af-ae04-dd93747ab1ab,STUDY,14,6.3,0.45,14.7,0.917,ON_TRACK
1369a18f-7471-4094-a6ee-b79cd4ca39ff,2025-11-26,942340a9-28cf-4419-a543-8fb8ad16ee20,HABIT,5,1,0.2,2.33,0.452,AT_RISK
ca886675-05d1-4c7b-a941-d6a2e7008a46,2025-11-26,f8586d7f-42a8-40bb-a2c6-46993832c939,HABIT,25,39,1.5,39,0.99,ON_TRACK
f7fd4159-ddc1-4195-a651-c0d2028b2867,2025-11-26,2d885db5-09de-4d36-abdc-c357a5253c90,FINANCIAL,96000,24000,0.25,106829.27,0.9262,ON_TRACK
f074d67e-996c-4776-a09b-73ae828be57e,2025-11-26,cb90e01c-ad24-4e88-a405-b3ab220b47ca,HABIT,7.2,6.5,0.9028,6.5,0.8925,ON_TRACK
3f5fad94-f7b9-4df5-a602-a16407c8a2fd,2025-11-27,f516d2da-0168-4498-a19a-15c553b92083,FINANCIAL,18000,29832,1.5,33146.67,0.99,ON_TRACK
35d30e27-967f-4d22-aa74-e905912cfb77,2025-11-27,6e2f27d3-b0a7-41af-ae04-dd93747ab1ab,STUDY,14,8,0.5714,14,0.9029,ON_TRACK
d54e8ee2-ffa9-4935-a090-c223b224b56f,2025-11-27,942340a9-28cf-4419-a543-8fb8ad16ee20,HABIT,5,1,0.2,1.75,0.368,AT_RISK
ee4538c6-8aa5-425e-a1f8-22f215970941,2025-11-27,f8586d7f-42a8-40bb-a2c6-46993832c939,HABIT,25,45,1.5,45,0.99,ON_TRACK
b7f1c79a-45b7-41e2-a548-ae226cd6568f,2025-11-27,2d885db5-09de-4d36-abdc-c357a5253c90,FINANCIAL,96000,24000,0.25,105542.17,0.9166,ON_TRACK
09b499bf-7a41-462b-a0ad-d1a3a4e2232e,2025-11-27,cb90e01c-ad24-4e88-a405-b3ab220b47ca,HABIT,7.2,6.5,0.9028,6.5,0.8925,ON_TRACK
15f8a637-8056-41de-a5c0-1b5d2ea2a0d9,2025-11-28,f516d2da-0168-4498-a19a-15c553b92083,FINANCIAL,18000,28411,1.5,30440.36,0.99,ON_TRACK
7337219e-0d4d-49bb-ad4e-ade31562f447,2025-11-28,6e2f27d3-b0a7-41af-ae04-dd93747ab1ab,STUDY,14,8,0.5714,11.2,0.7589,NEEDS_ATTENTION
5de2fb4a-74f8-469f-a6f1-b7eec4f782e5,2025-11-28,942340a9-28cf-4419-a543-8fb8ad16ee20,HABIT,5,2,0.4,2.8,0.5552,AT_RISK
7371a1e6-b810-4552-a100-95c60cb65a7a,2025-11-28,f8586d7f-42a8-40bb-a2c6-46993832c939,HABIT,25,0,0,0,0.08,AT_RISK
b143701f-dc30-4251-ae23-0d59b65da904,2025-11-28,2d885db5-09de-4d36-abdc-c357a5253c90,FINANCIAL,96000,24000,0.25,104285.71,0.9071,ON_TRACK
cef2d993-d1b7-41a5-ad56-6af81c421123,2025-11-28,cb90e01c-ad24-4e88-a405-b3ab220b47ca,HABIT,7.2,7.4,1.0278,7.4,0.99,ON_TRACK
77beb142-b85f-44db-a3ba-6c242a4e97cb,2025-11-29,f516d2da-0168-4498-a19a-15c553b92083,FINANCIAL,18000,26857,1.4921,27783.1,0.99,ON_TRACK
cb988f1a-0b2b-46a3-aace-127b2228b865,2025-11-29,6e2f27d3-b0a7-41af-ae04-dd93747ab1ab,STUDY,14,8,0.5714,9.33,0.6629,NEEDS_ATTENTION
08faa463-8cde-42eb-aa0e-3d4f5807e0b6,2025-11-29,942340a9-28cf-4419-a543-8fb8ad16ee20,HABIT,5,3,0.6,3.5,0.692,NEEDS_ATTENTION
efc3c063-61ba-4cae-a61b-c8b72fb90f4d,2025-11-29,f8586d7f-42a8-40bb-a2c6-46993832c939,HABIT,25,29,1.16,29,0.99,ON_TRACK
db422bf3-e3e5-4f93-a533-3c10363fe9ea,2025-11-29,2d885db5-09de-4d36-abdc-c357a5253c90,FINANCIAL,96000,24000,0.25,103058.82,0.8979,ON_TRACK
b0c6a2b3-ea35-43c0-a378-00f08ec67f6d,2025-11-29,cb90e01c-ad24-4e88-a405-b3ab220b47ca,HABIT,7.2,7.1,0.9861,7.1,0.9675,ON_TRACK
a189cc9a-d65d-4359-aeb9-70bce2db7641,2025-11-30,f516d2da-0168-4498-a19a-15c553b92083,FINANCIAL,18000,24644,1.3691,24644,0.99,ON_TRACK
7da77a14-08fd-4026-a0c6-a9495f099e91,2025-11-30,6e2f27d3-b0a7-41af-ae04-dd93747ab1ab,STUDY,14,11.6,0.8286,11.6,0.8257,NEEDS_ATTENTION
fee9f991-46a9-441b-ad5b-d5c213d001ae,2025-11-30,942340a9-28cf-4419-a543-8fb8ad16ee20,HABIT,5,3,0.6,3,0.62,NEEDS_ATTENTION
49a6a0a1-23d7-408b-a5b7-57b402d20fd1,2025-11-30,f8586d7f-42a8-40bb-a2c6-46993832c939,HABIT,25,0,0,0,0.08,AT_RISK
6e74685f-5596-406b-aee2-724c44f150d0,2025-11-30,2d885db5-09de-4d36-abdc-c357a5253c90,FINANCIAL,96000,24000,0.25,101860.47,0.889,ON_TRACK
c9e4900d-97f3-4a44-afbe-7aa426bb1b6d,2025-11-30,cb90e01c-ad24-4e88-a405-b3ab220b47ca,HABIT,7.2,8.1,1.125,8.1,0.99,ON_TRACK
3f84c0b1-f1d0-44ba-a641-94c7f61ff9bd,2025-12-01,f516d2da-0168-4498-a19a-15c553b92083,FINANCIAL,18000,83857,1.5,2599567,0.99,ON_TRACK
137f2be8-9bc7-42c7-ac0d-4db862c13e6d,2025-12-01,6e2f27d3-b0a7-41af-ae04-dd93747ab1ab,STUDY,14,3.4,0.2429,23.8,0.99,ON_TRACK
d9b94314-010a-456a-a92e-cb281cf4cecb,2025-12-01,942340a9-28cf-4419-a543-8fb8ad16ee20,HABIT,5,1,0.2,7,0.99,ON_TRACK
91fe5f9e-3eb5-46ab-a66f-82996417df3c,2025-12-01,f8586d7f-42a8-40bb-a2c6-46993832c939,HABIT,25,25,1,25,0.98,ON_TRACK
0f7c444d-f3e4-42d4-a279-37c826261bbc,2025-12-01,2d885db5-09de-4d36-abdc-c357a5253c90,FINANCIAL,96000,24000,0.25,100689.66,0.8802,ON_TRACK
ca8aba72-afd2-418d-a273-656f42a7a79a,2025-12-01,cb90e01c-ad24-4e88-a405-b3ab220b47ca,HABIT,7.2,7.6,1.0556,7.6,0.99,ON_TRACK
d3250229-b6e8-4397-a31d-a3f307a8669f,2025-12-02,f516d2da-0168-4498-a19a-15c553b92083,FINANCIAL,18000,60470,1.5,937285,0.99,ON_TRACK
7e928c78-c442-47a2-a1c9-f29e69104c61,2025-12-02,6e2f27d3-b0a7-41af-ae04-dd93747ab1ab,STUDY,14,7.3,0.5214,25.55,0.99,ON_TRACK
c0976780-8ed0-4435-ac8a-220d2886f14a,2025-12-02,942340a9-28cf-4419-a543-8fb8ad16ee20,HABIT,5,2,0.4,7,0.99,ON_TRACK
2ed3563d-febb-41ec-ac4a-0a4d6f4e9092,2025-12-02,f8586d7f-42a8-40bb-a2c6-46993832c939,HABIT,25,0,0,0,0.08,AT_RISK
9ad7babe-8623-4f71-a15b-4380a8f9643a,2025-12-02,2d885db5-09de-4d36-abdc-c357a5253c90,FINANCIAL,96000,24000,0.25,99545.45,0.8716,ON_TRACK
4bd8afaf-04bf-42ba-a036-53abfbe74825,2025-12-02,cb90e01c-ad24-4e88-a405-b3ab220b47ca,HABIT,7.2,6.8,0.9444,6.8,0.93,ON_TRACK
0f68312f-5aca-4381-aab0-26755e03dba9,2025-12-03,f516d2da-0168-4498-a19a-15c553b92083,FINANCIAL,18000,58636,1.5,605905.33,0.99,ON_TRACK
5643b41a-e2fd-4695-aa24-4ad75d82b65e,2025-12-03,6e2f27d3-b0a7-41af-ae04-dd93747ab1ab,STUDY,14,7.3,0.5214,17.03,0.99,ON_TRACK
b4953da6-ce7e-41c9-a509-d8393d36af18,2025-12-03,942340a9-28cf-4419-a543-8fb8ad16ee20,HABIT,5,2,0.4,4.67,0.824,NEEDS_ATTENTION
895b8cc1-5de9-476e-a8ee-a156c6b8fe6d,2025-12-03,f8586d7f-42a8-40bb-a2c6-46993832c939,HABIT,25,24,0.96,24,0.944,ON_TRACK
81ef1b76-f964-4a3d-acee-8d54fc67d921,2025-12-03,2d885db5-09de-4d36-abdc-c357a5253c90,FINANCIAL,96000,24000,0.25,98426.97,0.8632,ON_TRACK
368159c2-0d02-4d11-a011-f484d16c5ab6,2025-12-03,cb90e01c-ad24-4e88-a405-b3ab220b47ca,HABIT,7.2,6.5,0.9028,6.5,0.8925,ON_TRACK
211e1b74-00ef-41eb-a057-011ea3785ed9,2025-12-04,f516d2da-0168-4498-a19a-15c553b92083,FINANCIAL,18000,58092,1.5,450213,0.99,ON_TRACK
ad158965-cf02-4213-a828-07df44c917b9,2025-12-04,6e2f27d3-b0a7-41af-ae04-dd93747ab1ab,STUDY,14,8.8,0.6286,15.4,0.9851,ON_TRACK
cdf68d11-50d3-44cf-ab7b-90adad54fd8c,2025-12-04,942340a9-28cf-4419-a543-8fb8ad16ee20,HABIT,5,3,0.6,5.25,0.944,ON_TRACK
5ce0ce30-fe35-4809-a3e9-f4e453ac037d,2025-12-04,f8586d7f-42a8-40bb-a2c6-46993832c939,HABIT,25,0,0,0,0.08,AT_RISK
666d7264-7109-44dc-a6d8-16096516f8e9,2025-12-04,2d885db5-09de-4d36-abdc-c357a5253c90,FINANCIAL,96000,24000,0.25,97333.33,0.855,ON_TRACK
e72e01ac-aebd-4e6a-ae8f-06565c93a684,2025-12-04,cb90e01c-ad24-4e88-a405-b3ab220b47ca,HABIT,7.2,6.7,0.9306,6.7,0.9175,ON_TRACK
49362da7-a425-43af-ad74-62d04d573533,2025-12-05,f516d2da-0168-4498-a19a-15c553b92083,FINANCIAL,18000,54643,1.5,338786.6,0.99,ON_TRACK
74312b1f-8ae3-4dae-a5e8-59a75315df7b,2025-12-05,6e2f27d3-b0a7-41af-ae04-dd93747ab1ab,STUDY,14,11.8,0.8429,16.52,0.99,ON_TRACK
972f4af1-32f5-4ec2-ae71-aab8c60f3ffe,2025-12-05,942340a9-28cf-4419-a543-8fb8ad16ee20,HABIT,5,4,0.8,5.6,0.99,ON_TRACK
6dc1e86a-b885-4f07-a7c5-d23948b9c590,2025-12-05,f8586d7f-42a8-40bb-a2c6-46993832c939,HABIT,25,35,1.4,35,0.99,ON_TRACK
50e15d48-22eb-4e24-aa8d-0246e71771be,2025-12-05,2d885db5-09de-4d36-abdc-c357a5253c90,FINANCIAL,96000,24000,0.25,96263.74,0.847,NEEDS_ATTENTION
2c65cd50-0d0c-4d56-a394-174cb9370487,2025-12-05,cb90e01c-ad24-4e88-a405-b3ab220b47ca,HABIT,7.2,7.3,1.0139,7.3,0.99,ON_TRACK
b7f7a573-454a-46e2-ae49-f3be735a8b33,2025-12-06,f516d2da-0168-4498-a19a-15c553b92083,FINANCIAL,18000,53246,1.5,275104.33,0.99,ON_TRACK
48780e30-e84e-4587-acb1-87545b7dc81f,2025-12-06,6e2f27d3-b0a7-41af-ae04-dd93747ab1ab,STUDY,14,15,1.0714,17.5,0.99,ON_TRACK
c12eed6f-4fc3-4534-a9b4-76a218856610,2025-12-06,942340a9-28cf-4419-a543-8fb8ad16ee20,HABIT,5,5,1,5.83,0.99,ON_TRACK
77740b79-c701-4a1f-a761-53e6f7780b1e,2025-12-06,f8586d7f-42a8-40bb-a2c6-46993832c939,HABIT,25,42,1.5,42,0.99,ON_TRACK
b3a5dac8-769b-4e27-a685-3f40435bc911,2025-12-06,2d885db5-09de-4d36-abdc-c357a5253c90,FINANCIAL,96000,24000,0.25,95217.39,0.8391,NEEDS_ATTENTION
3a7b8d2b-9d28-4d45-acc0-2d8ee01495cc,2025-12-06,cb90e01c-ad24-4e88-a405-b3ab220b47ca,HABIT,7.2,7.3,1.0139,7.3,0.99,ON_TRACK
4db5ca66-1a9b-45ed-af6f-7dcc3ea090e0,2025-12-07,f516d2da-0168-4498-a19a-15c553b92083,FINANCIAL,18000,51402,1.5,227637.43,0.99,ON_TRACK
d6ba4bd6-17b0-4aaf-a156-1fe646cbca35,2025-12-07,6e2f27d3-b0a7-41af-ae04-dd93747ab1ab,STUDY,14,16.3,1.1643,16.3,0.99,ON_TRACK
bdaf69c5-9010-407d-a1a2-a6ca9b2809f6,2025-12-07,942340a9-28cf-4419-a543-8fb8ad16ee20,HABIT,5,5,1,5,0.98,ON_TRACK
d40deff1-3420-4aaa-ad22-2bd8333a3dc9,2025-12-07,f8586d7f-42a8-40bb-a2c6-46993832c939,HABIT,25,33,1.32,33,0.99,ON_TRACK
7a8dd046-6ece-44e2-ac5c-052b0d23e061,2025-12-07,2d885db5-09de-4d36-abdc-c357a5253c90,FINANCIAL,96000,24000,0.25,94193.55,0.8315,NEEDS_ATTENTION
61feb552-1327-4871-ae35-80b15d43a099,2025-12-07,cb90e01c-ad24-4e88-a405-b3ab220b47ca,HABIT,7.2,8,1.1111,8,0.99,ON_TRACK
cdde46b7-8f40-44f1-af1c-d200f3c4d8e7,2025-12-08,f516d2da-0168-4498-a19a-15c553b92083,FINANCIAL,18000,50386,1.5,195245.75,0.99,ON_TRACK
406657bf-4086-4625-a1af-c71e2cde6956,2025-12-08,6e2f27d3-b0a7-41af-ae04-dd93747ab1ab,STUDY,14,1.8,0.1286,12.6,0.7511,NEEDS_ATTENTION
6bef0466-2a66-4ece-a988-c5362c771709,2025-12-08,942340a9-28cf-4419-a543-8fb8ad16ee20,HABIT,5,1,0.2,7,0.99,ON_TRACK
1e4fa0b1-6540-42f3-ac35-1d68551b215c,2025-12-08,f8586d7f-42a8-40bb-a2c6-46993832c939,HABIT,25,45,1.5,45,0.99,ON_TRACK
86b95cad-0429-450c-a7fc-a26041e8d379,2025-12-08,2d885db5-09de-4d36-abdc-c357a5253c90,FINANCIAL,96000,24000,0.25,93191.49,0.8239,NEEDS_ATTENTION
acbce715-83dc-4a69-ad97-85e38f9a1702,2025-12-08,cb90e01c-ad24-4e88-a405-b3ab220b47ca,HABIT,7.2,7.5,1.0417,7.5,0.99,ON_TRACK
2935088c-9d71-4292-abbb-4e284e741717,2025-12-09,f516d2da-0168-4498-a19a-15c553b92083,FINANCIAL,18000,49993,1.5,172198.11,0.99,ON_TRACK
7109abd5-438a-412d-a9ba-fe3b07287bc2,2025-12-09,6e2f27d3-b0a7-41af-ae04-dd93747ab1ab,STUDY,14,2.9,0.2071,10.15,0.6393,NEEDS_ATTENTION
a5c21fec-8f1b-44e5-a64f-863127f1e6b1,2025-12-09,942340a9-28cf-4419-a543-8fb8ad16ee20,HABIT,5,2,0.4,7,0.99,ON_TRACK
4f035b2c-e68b-40c0-a00b-e9a36c24e00f,2025-12-09,f8586d7f-42a8-40bb-a2c6-46993832c939,HABIT,25,28,1.12,28,0.99,ON_TRACK
b7776ea9-0856-4095-a2ad-7620de073edd,2025-12-09,2d885db5-09de-4d36-abdc-c357a5253c90,FINANCIAL,96000,24000,0.25,92210.53,0.8166,NEEDS_ATTENTION
adcbedd1-5ada-48a1-ac57-a59f085cd7ef,2025-12-09,cb90e01c-ad24-4e88-a405-b3ab220b47ca,HABIT,7.2,7.6,1.0556,7.6,0.99,ON_TRACK
0043d0c7-01df-478d-a680-c841e35723d0,2025-12-10,f516d2da-0168-4498-a19a-15c553b92083,FINANCIAL,18000,38453,1.5,119204.3,0.99,ON_TRACK
fc69c305-536b-4b1d-aa49-84d9067ca23e,2025-12-10,6e2f27d3-b0a7-41af-ae04-dd93747ab1ab,STUDY,14,2.9,0.2071,6.77,0.4653,AT_RISK
e7d89953-e86c-4d8b-ad2e-a29c23494cdd,2025-12-10,942340a9-28cf-4419-a543-8fb8ad16ee20,HABIT,5,2,0.4,4.67,0.824,NEEDS_ATTENTION
824b303b-03a6-4d5f-a6e9-47cb19ca2212,2025-12-10,f8586d7f-42a8-40bb-a2c6-46993832c939,HABIT,25,0,0,0,0.08,AT_RISK
f2d97790-0c1a-4efa-a897-3b5dc8061909,2025-12-10,2d885db5-09de-4d36-abdc-c357a5253c90,FINANCIAL,96000,32000,0.3333,121666.67,0.99,ON_TRACK
79638ffc-24f1-41fb-a0fb-036b387771e5,2025-12-10,cb90e01c-ad24-4e88-a405-b3ab220b47ca,HABIT,7.2,7.3,1.0139,7.3,0.99,ON_TRACK
3e682854-f8b4-41b1-aab8-d638ae4ed7d7,2025-12-11,f516d2da-0168-4498-a19a-15c553b92083,FINANCIAL,18000,36983,1.5,104224.82,0.99,ON_TRACK
46b41a04-0937-4b0e-a29d-db9d4600a234,2025-12-11,6e2f27d3-b0a7-41af-ae04-dd93747ab1ab,STUDY,14,6.7,0.4786,11.72,0.7691,NEEDS_ATTENTION
35949de5-933f-4eb1-aa37-a4042d567446,2025-12-11,942340a9-28cf-4419-a543-8fb8ad16ee20,HABIT,5,3,0.6,5.25,0.944,ON_TRACK
f90cae41-5099-4177-a62a-643fe32469e8,2025-12-11,f8586d7f-42a8-40bb-a2c6-46993832c939,HABIT,25,42,1.5,42,0.99,ON_TRACK
6e902601-1b4a-4eea-a92c-3ff873364dd2,2025-12-11,2d885db5-09de-4d36-abdc-c357a5253c90,FINANCIAL,96000,32000,0.3333,120412.37,0.99,ON_TRACK
021a1bb1-e469-470d-a97e-d2a2777a8852,2025-12-11,cb90e01c-ad24-4e88-a405-b3ab220b47ca,HABIT,7.2,7.7,1.0694,7.7,0.99,ON_TRACK
7bd8f0a6-a927-41bf-a690-b888b877616c,2025-12-12,f516d2da-0168-4498-a19a-15c553b92083,FINANCIAL,18000,35729,1.5,92299.92,0.99,ON_TRACK
801799d5-49f3-43e9-af92-df656e55d477,2025-12-12,6e2f27d3-b0a7-41af-ae04-dd93747ab1ab,STUDY,14,6.7,0.4786,9.38,0.6485,NEEDS_ATTENTION
0c65c3b2-6dad-49e0-a233-a635ad4a268b,2025-12-12,942340a9-28cf-4419-a543-8fb8ad16ee20,HABIT,5,4,0.8,5.6,0.99,ON_TRACK
bdd83c36-2b96-4227-a9b4-b45e8bfe1562,2025-12-12,f8586d7f-42a8-40bb-a2c6-46993832c939,HABIT,25,32,1.28,32,0.99,ON_TRACK
80414370-f3fe-47d2-a05f-ed01219e7e5f,2025-12-12,2d885db5-09de-4d36-abdc-c357a5253c90,FINANCIAL,96000,32000,0.3333,119183.67,0.99,ON_TRACK
b847d3a9-e125-4212-a34d-be8d5c5aa74d,2025-12-12,cb90e01c-ad24-4e88-a405-b3ab220b47ca,HABIT,7.2,7.1,0.9861,7.1,0.9675,ON_TRACK
3d261175-8c3c-4761-a62e-a858bf189fcc,2025-12-13,f516d2da-0168-4498-a19a-15c553b92083,FINANCIAL,18000,35729,1.5,85199.92,0.99,ON_TRACK
b70b38a3-d9b4-464d-a529-9d33f86d818c,2025-12-13,6e2f27d3-b0a7-41af-ae04-dd93747ab1ab,STUDY,14,10,0.7143,11.67,0.8086,NEEDS_ATTENTION
a114b85c-af8a-4975-ac7a-cb6dab5ac285,2025-12-13,942340a9-28cf-4419-a543-8fb8ad16ee20,HABIT,5,5,1,5.83,0.99,ON_TRACK
09f85d0d-d9b7-4e03-a9bb-1bccfd27c1f6,2025-12-13,f8586d7f-42a8-40bb-a2c6-46993832c939,HABIT,25,0,0,0,0.08,AT_RISK
73a8e2a9-578c-42f5-a683-b2cb799cf786,2025-12-13,2d885db5-09de-4d36-abdc-c357a5253c90,FINANCIAL,96000,32000,0.3333,117979.8,0.99,ON_TRACK
a07320cd-1e2b-48cc-a7e6-6b6657a049b0,2025-12-13,cb90e01c-ad24-4e88-a405-b3ab220b47ca,HABIT,7.2,7.5,1.0417,7.5,0.99,ON_TRACK
02ee54cd-cdd0-451b-a298-45b1e8185e9d,2025-12-14,f516d2da-0168-4498-a19a-15c553b92083,FINANCIAL,18000,35174,1.5,77885.29,0.99,ON_TRACK
ede775bc-f1d5-4219-ab0a-02b6ba108682,2025-12-14,6e2f27d3-b0a7-41af-ae04-dd93747ab1ab,STUDY,14,12.7,0.9071,12.7,0.8964,ON_TRACK
e72a761d-e825-49fe-aa6f-7c0ddcc9fa6c,2025-12-14,942340a9-28cf-4419-a543-8fb8ad16ee20,HABIT,5,5,1,5,0.98,ON_TRACK
f76f34ad-c2a5-4c0b-ac1c-0a21f1ca02ba,2025-12-14,f8586d7f-42a8-40bb-a2c6-46993832c939,HABIT,25,27,1.08,27,0.99,ON_TRACK
1123ed78-7079-4623-a4c5-83bdeefb2f7c,2025-12-14,2d885db5-09de-4d36-abdc-c357a5253c90,FINANCIAL,96000,32000,0.3333,116800,0.99,ON_TRACK
704c0485-a76a-4f3a-a552-c4704d5a6805,2025-12-14,cb90e01c-ad24-4e88-a405-b3ab220b47ca,HABIT,7.2,7.9,1.0972,7.9,0.99,ON_TRACK
8fbdd746-fc21-4238-a665-78b11db18a55,2025-12-15,f516d2da-0168-4498-a19a-15c553b92083,FINANCIAL,18000,35025,1.5,72385,0.99,ON_TRACK
cbf58395-7f9c-4a81-a833-615a5891a305,2025-12-15,6e2f27d3-b0a7-41af-ae04-dd93747ab1ab,STUDY,14,2.7,0.1929,18.9,0.99,ON_TRACK
96acf881-cf50-4d56-a29f-e7f904379002,2025-12-15,942340a9-28cf-4419-a543-8fb8ad16ee20,HABIT,5,1,0.2,7,0.99,ON_TRACK
177a7d11-c540-4edc-aa8c-c5213883d102,2025-12-15,f8586d7f-42a8-40bb-a2c6-46993832c939,HABIT,25,36,1.44,36,0.99,ON_TRACK
04dfa448-b680-424d-a7aa-78d833da8d6e,2025-12-15,2d885db5-09de-4d36-abdc-c357a5253c90,FINANCIAL,96000,32000,0.3333,115643.56,0.99,ON_TRACK
7127b140-8e41-4bb6-af91-a3ef3303854f,2025-12-15,cb90e01c-ad24-4e88-a405-b3ab220b47ca,HABIT,7.2,7.5,1.0417,7.5,0.99,ON_TRACK
2dedde61-597b-421a-a44e-f85f24404307,2025-12-16,f516d2da-0168-4498-a19a-15c553b92083,FINANCIAL,18000,34619,1.5,67074.31,0.99,ON_TRACK
527231bb-ecd6-43bc-ae0a-2abb5f65866d,2025-12-16,6e2f27d3-b0a7-41af-ae04-dd93747ab1ab,STUDY,14,4.7,0.3357,16.45,0.9864,ON_TRACK
01ad9fd4-379b-4b29-a841-38bceff84908,2025-12-16,942340a9-28cf-4419-a543-8fb8ad16ee20,HABIT,5,2,0.4,7,0.99,ON_TRACK
16b68c7b-3cb0-4de0-a550-bb1df0cc15ab,2025-12-16,f8586d7f-42a8-40bb-a2c6-46993832c939,HABIT,25,38,1.5,38,0.99,ON_TRACK
8998d444-5ca8-419d-a57e-74850d7d3d55,2025-12-16,2d885db5-09de-4d36-abdc-c357a5253c90,FINANCIAL,96000,32000,0.3333,114509.8,0.99,ON_TRACK
4d89accf-f735-44bf-ace1-38be5d2a3dbf,2025-12-16,cb90e01c-ad24-4e88-a405-b3ab220b47ca,HABIT,7.2,7.2,1,7.2,0.98,ON_TRACK
acf93a65-baac-40fe-a6e0-318c531a7747,2025-12-17,f516d2da-0168-4498-a19a-15c553b92083,FINANCIAL,18000,33008,1.5,60191.06,0.99,ON_TRACK
57d791f0-f960-46e3-af61-df83edae7555,2025-12-17,6e2f27d3-b0a7-41af-ae04-dd93747ab1ab,STUDY,14,7.4,0.5286,17.27,0.99,ON_TRACK
16fea176-59bd-4ad1-a115-bd596086eeef,2025-12-17,942340a9-28cf-4419-a543-8fb8ad16ee20,HABIT,5,2,0.4,4.67,0.824,NEEDS_ATTENTION
3ae7801a-d7c7-44b6-a477-1f78aa806630,2025-12-17,f8586d7f-42a8-40bb-a2c6-46993832c939,HABIT,25,27,1.08,27,0.99,ON_TRACK
13044ddb-de77-47af-a075-040a9b824f11,2025-12-17,2d885db5-09de-4d36-abdc-c357a5253c90,FINANCIAL,96000,32000,0.3333,113398.06,0.99,ON_TRACK
a61e01dd-c73b-4dbb-a36e-ff2a03f6f97b,2025-12-17,cb90e01c-ad24-4e88-a405-b3ab220b47ca,HABIT,7.2,6.6,0.9167,6.6,0.905,ON_TRACK
af5aed16-dd49-4c1b-a5ba-b259d7a5aab1,2025-12-18,f516d2da-0168-4498-a19a-15c553b92083,FINANCIAL,18000,32373,1.5,55753.5,0.99,ON_TRACK
0d12721f-ad9c-4e39-abb7-a2ed13dc063e,2025-12-18,6e2f27d3-b0a7-41af-ae04-dd93747ab1ab,STUDY,14,7.4,0.5286,12.95,0.8411,NEEDS_ATTENTION
26587cca-d013-40c4-a1a2-131379f27170,2025-12-18,942340a9-28cf-4419-a543-8fb8ad16ee20,HABIT,5,2,0.4,3.5,0.656,NEEDS_ATTENTION
125f33c3-1122-45bd-a879-7c9b2a876df4,2025-12-18,f8586d7f-42a8-40bb-a2c6-46993832c939,HABIT,25,0,0,0,0.08,AT_RISK
a5c29c7b-e155-41e3-af7b-1ccc5218b5b6,2025-12-18,2d885db5-09de-4d36-abdc-c357a5253c90,FINANCIAL,96000,32000,0.3333,112307.69,0.9823,ON_TRACK
ae3a6796-ab2a-4d0b-afa6-ebcd895c299a,2025-12-18,cb90e01c-ad24-4e88-a405-b3ab220b47ca,HABIT,7.2,6.7,0.9306,6.7,0.9175,ON_TRACK
f9f2eaec-db41-4d68-add8-03eca591f4f6,2025-12-19,f516d2da-0168-4498-a19a-15c553b92083,FINANCIAL,18000,30133,1.5,49164.37,0.99,ON_TRACK
0f99dd84-8b3e-48b4-a984-928795c7a523,2025-12-19,6e2f27d3-b0a7-41af-ae04-dd93747ab1ab,STUDY,14,8.6,0.6143,12.04,0.8098,NEEDS_ATTENTION
94c5fb1b-8fa9-4db7-ab21-8e6c908ec71b,2025-12-19,942340a9-28cf-4419-a543-8fb8ad16ee20,HABIT,5,3,0.6,4.2,0.7928,NEEDS_ATTENTION
9cd3eac5-14db-446c-a178-5a546af7e8a7,2025-12-19,f8586d7f-42a8-40bb-a2c6-46993832c939,HABIT,25,27,1.08,27,0.99,ON_TRACK
e4bd7853-c3bb-455d-a008-38c4d9057ee2,2025-12-19,2d885db5-09de-4d36-abdc-c357a5253c90,FINANCIAL,96000,32000,0.3333,111238.1,0.9743,ON_TRACK
f15fe23c-02dd-4867-aa93-c39e247d480d,2025-12-19,cb90e01c-ad24-4e88-a405-b3ab220b47ca,HABIT,7.2,6.7,0.9306,6.7,0.9175,ON_TRACK
388f2a23-05cb-4969-ada3-9edb103b0ccf,2025-12-20,f516d2da-0168-4498-a19a-15c553b92083,FINANCIAL,18000,29650,1.5,45957.5,0.99,ON_TRACK
5d8c0a23-90a8-46df-ac62-6c8693a14f70,2025-12-20,6e2f27d3-b0a7-41af-ae04-dd93747ab1ab,STUDY,14,8.6,0.6143,10.03,0.7066,NEEDS_ATTENTION
766d8594-4310-4fa1-ae22-76597a6162e6,2025-12-20,942340a9-28cf-4419-a543-8fb8ad16ee20,HABIT,5,4,0.8,4.67,0.896,ON_TRACK
923206f1-5bbd-41c6-a665-3d0a34176c57,2025-12-20,f8586d7f-42a8-40bb-a2c6-46993832c939,HABIT,25,27,1.08,27,0.99,ON_TRACK
56ba7d24-173b-46ea-ace9-f4d5de473cde,2025-12-20,2d885db5-09de-4d36-abdc-c357a5253c90,FINANCIAL,96000,32000,0.3333,110188.68,0.9664,ON_TRACK
19b87966-413b-4668-ada6-251979717e71,2025-12-20,cb90e01c-ad24-4e88-a405-b3ab220b47ca,HABIT,7.2,8.1,1.125,8.1,0.99,ON_TRACK
39b498b5-af34-457f-aa3d-0544539ce067,2025-12-21,f516d2da-0168-4498-a19a-15c553b92083,FINANCIAL,18000,28915,1.5,42684.05,0.99,ON_TRACK
290c5427-f8ad-431e-ad97-39915eb7a674,2025-12-21,6e2f27d3-b0a7-41af-ae04-dd93747ab1ab,STUDY,14,10,0.7143,10,0.7229,NEEDS_ATTENTION
1ca333b0-cf2c-4cac-acf0-46b220591cb7,2025-12-21,942340a9-28cf-4419-a543-8fb8ad16ee20,HABIT,5,4,0.8,4,0.8,NEEDS_ATTENTION
b2832b3c-2919-48ca-a031-41ff4e6c3c13,2025-12-21,f8586d7f-42a8-40bb-a2c6-46993832c939,HABIT,25,36,1.44,36,0.99,ON_TRACK
4eae327c-b4fe-4035-a4ce-013b620f09c6,2025-12-21,2d885db5-09de-4d36-abdc-c357a5253c90,FINANCIAL,96000,32000,0.3333,109158.88,0.9587,ON_TRACK
897eef85-1911-41fc-ae5a-ef4f4317541f,2025-12-21,cb90e01c-ad24-4e88-a405-b3ab220b47ca,HABIT,7.2,7.9,1.0972,7.9,0.99,ON_TRACK
4986e123-d819-4775-a716-e37fa15ec2f1,2025-12-22,f516d2da-0168-4498-a19a-15c553b92083,FINANCIAL,18000,28810,1.5,40595.91,0.99,ON_TRACK
eb8a4b34-3fed-4dfa-a6db-08499e158edc,2025-12-22,6e2f27d3-b0a7-41af-ae04-dd93747ab1ab,STUDY,14,3.6,0.2571,25.2,0.99,ON_TRACK
c61f00a0-2485-4d78-acf2-955bf740ac3b,2025-12-22,942340a9-28cf-4419-a543-8fb8ad16ee20,HABIT,5,0,0,0,0.08,AT_RISK
ead18db4-4218-4cea-ab09-b6a6538a40fe,2025-12-22,f8586d7f-42a8-40bb-a2c6-46993832c939,HABIT,25,0,0,0,0.08,AT_RISK
58c9fec7-f594-458f-a4f3-a175a25c2601,2025-12-22,2d885db5-09de-4d36-abdc-c357a5253c90,FINANCIAL,96000,32000,0.3333,108148.15,0.9511,ON_TRACK
2d895280-9011-4d18-abf5-c9ccbfab3e0f,2025-12-22,cb90e01c-ad24-4e88-a405-b3ab220b47ca,HABIT,7.2,6.7,0.9306,6.7,0.9175,ON_TRACK
cbd661d9-9343-49f2-a40f-f5af7d8e438c,2025-12-23,f516d2da-0168-4498-a19a-15c553b92083,FINANCIAL,18000,27759,1.5,37414.3,0.99,ON_TRACK
cb0949fa-a201-400e-a327-c9e5cff33bb2,2025-12-23,6e2f27d3-b0a7-41af-ae04-dd93747ab1ab,STUDY,14,5.6,0.4,19.6,0.99,ON_TRACK
dcb2020a-7b2d-491e-ad2c-bbf63ea27ef7,2025-12-23,942340a9-28cf-4419-a543-8fb8ad16ee20,HABIT,5,1,0.2,3.5,0.62,NEEDS_ATTENTION
018c2447-f644-467e-a989-46fd8e9c9f44,2025-12-23,f8586d7f-42a8-40bb-a2c6-46993832c939,HABIT,25,0,0,0,0.08,AT_RISK
e6b5454a-205f-460a-af19-f7c0771f2831,2025-12-23,2d885db5-09de-4d36-abdc-c357a5253c90,FINANCIAL,96000,32000,0.3333,107155.96,0.9437,ON_TRACK
252283bf-d59a-4e80-a71d-941127b48e08,2025-12-23,cb90e01c-ad24-4e88-a405-b3ab220b47ca,HABIT,7.2,7.5,1.0417,7.5,0.99,ON_TRACK
cb4cfe06-f609-4a9b-a525-a46ec049ef8b,2025-12-24,f516d2da-0168-4498-a19a-15c553b92083,FINANCIAL,18000,27662,1.5,35730.08,0.99,ON_TRACK
617a0146-5e92-4dba-aa5b-11b7f950cc2b,2025-12-24,6e2f27d3-b0a7-41af-ae04-dd93747ab1ab,STUDY,14,9.3,0.6643,21.7,0.99,ON_TRACK
2cdb9dfb-3ea9-4458-a328-f22aad4ebb25,2025-12-24,942340a9-28cf-4419-a543-8fb8ad16ee20,HABIT,5,1,0.2,2.33,0.452,AT_RISK
6d60be40-c06c-4489-a54d-0eb5dbd03798,2025-12-24,f8586d7f-42a8-40bb-a2c6-46993832c939,HABIT,25,0,0,0,0.08,AT_RISK
55811ca4-5146-4e86-ac86-7cf08b061c03,2025-12-24,2d885db5-09de-4d36-abdc-c357a5253c90,FINANCIAL,96000,32000,0.3333,106181.82,0.9364,ON_TRACK
8fce659c-b58e-4f9f-a458-71810005ce42,2025-12-24,cb90e01c-ad24-4e88-a405-b3ab220b47ca,HABIT,7.2,7.2,1,7.2,0.98,ON_TRACK
a51fff1c-58d9-4e73-a40d-bc02a4e6690b,2025-12-25,f516d2da-0168-4498-a19a-15c553b92083,FINANCIAL,18000,27482,1.5,34077.68,0.99,ON_TRACK
265e4299-4a34-4521-a806-864ac7924bd8,2025-12-25,6e2f27d3-b0a7-41af-ae04-dd93747ab1ab,STUDY,14,13.2,0.9429,23.1,0.99,ON_TRACK
b70ca698-c4d2-4c74-a39d-6ccfea8f0904,2025-12-25,942340a9-28cf-4419-a543-8fb8ad16ee20,HABIT,5,2,0.4,3.5,0.656,NEEDS_ATTENTION
b47d993a-7ea4-4d06-ab72-72987b0231b2,2025-12-25,f8586d7f-42a8-40bb-a2c6-46993832c939,HABIT,25,29,1.16,29,0.99,ON_TRACK
370fb705-db33-48c0-a056-92f8a580233f,2025-12-25,2d885db5-09de-4d36-abdc-c357a5253c90,FINANCIAL,96000,32000,0.3333,105225.23,0.9292,ON_TRACK
72da7fe8-0150-4c4f-a34e-ab529046d545,2025-12-25,cb90e01c-ad24-4e88-a405-b3ab220b47ca,HABIT,7.2,6.9,0.9583,6.9,0.9425,ON_TRACK
b8e84d2d-df54-4012-a141-5c32fc4a7ebd,2025-12-26,f516d2da-0168-4498-a19a-15c553b92083,FINANCIAL,18000,26926,1.4959,32104.08,0.99,ON_TRACK
93450d79-c0ff-4991-a4c9-ddf4cdaa8f84,2025-12-26,6e2f27d3-b0a7-41af-ae04-dd93747ab1ab,STUDY,14,15.4,1.1,21.56,0.99,ON_TRACK
3da14816-fc8d-4a80-ad86-5236c0c5499b,2025-12-26,942340a9-28cf-4419-a543-8fb8ad16ee20,HABIT,5,3,0.6,4.2,0.7928,NEEDS_ATTENTION
34b23a6a-ad0e-419c-a91a-178239c1304d,2025-12-26,f8586d7f-42a8-40bb-a2c6-46993832c939,HABIT,25,42,1.5,42,0.99,ON_TRACK
3daa1bea-38d4-4229-abfb-b387c763cbda,2025-12-26,2d885db5-09de-4d36-abdc-c357a5253c90,FINANCIAL,96000,32000,0.3333,104285.71,0.9221,ON_TRACK
2ec885f9-d3d9-4f31-a98d-223508c30bd6,2025-12-26,cb90e01c-ad24-4e88-a405-b3ab220b47ca,HABIT,7.2,6.9,0.9583,6.9,0.9425,ON_TRACK
f2551e0d-a473-44a7-a369-f6d05edf6873,2025-12-27,f516d2da-0168-4498-a19a-15c553b92083,FINANCIAL,18000,26319,1.4622,30218.11,0.99,ON_TRACK
885abf4e-b00d-4ebe-ab60-8d7ede00558c,2025-12-27,6e2f27d3-b0a7-41af-ae04-dd93747ab1ab,STUDY,14,17.5,1.25,20.42,0.99,ON_TRACK
72c0897d-2277-45e0-a4d4-ae0fa3a5eec8,2025-12-27,942340a9-28cf-4419-a543-8fb8ad16ee20,HABIT,5,4,0.8,4.67,0.896,ON_TRACK
743a4585-3e6e-4838-a6ea-6ce49ecbb69c,2025-12-27,f8586d7f-42a8-40bb-a2c6-46993832c939,HABIT,25,30,1.2,30,0.99,ON_TRACK
6131e560-6531-4cc0-a6f8-3b4fd9002a5a,2025-12-27,2d885db5-09de-4d36-abdc-c357a5253c90,FINANCIAL,96000,32000,0.3333,103362.83,0.9152,ON_TRACK
d765e607-e6e0-4a58-ac8f-450635f746dc,2025-12-27,cb90e01c-ad24-4e88-a405-b3ab220b47ca,HABIT,7.2,8,1.1111,8,0.99,ON_TRACK
238a1016-cf14-4a46-abd9-b66396ea624c,2025-12-28,f516d2da-0168-4498-a19a-15c553b92083,FINANCIAL,18000,24169,1.3427,26758.54,0.99,ON_TRACK
1f539b19-92fe-480a-aaf3-144aa0c2c932,2025-12-28,6e2f27d3-b0a7-41af-ae04-dd93747ab1ab,STUDY,14,19.8,1.4143,19.8,0.99,ON_TRACK
01eef7c5-07f1-4038-afaa-20aa7c047f72,2025-12-28,942340a9-28cf-4419-a543-8fb8ad16ee20,HABIT,5,4,0.8,4,0.8,NEEDS_ATTENTION
4caa8c87-7cf4-4d5b-aa34-2c0e80502183,2025-12-28,f8586d7f-42a8-40bb-a2c6-46993832c939,HABIT,25,0,0,0,0.08,AT_RISK
b19501f0-6b5a-441c-ae46-d8d7f02ec862,2025-12-28,2d885db5-09de-4d36-abdc-c357a5253c90,FINANCIAL,96000,32000,0.3333,102456.14,0.9084,ON_TRACK
43865a77-0537-4408-ac5a-ec4e1b075ccb,2025-12-28,cb90e01c-ad24-4e88-a405-b3ab220b47ca,HABIT,7.2,8,1.1111,8,0.99,ON_TRACK
81f0da52-88de-416b-afd0-225edc67c745,2025-12-29,f516d2da-0168-4498-a19a-15c553b92083,FINANCIAL,18000,23750,1.3194,25387.93,0.99,ON_TRACK
0f013718-0e96-4759-a5fa-5c0a03397702,2025-12-29,6e2f27d3-b0a7-41af-ae04-dd93747ab1ab,STUDY,14,4,0.2857,28,0.99,ON_TRACK
0e1810f4-22a6-4cdc-a39f-88b51c7369da,2025-12-29,942340a9-28cf-4419-a543-8fb8ad16ee20,HABIT,5,1,0.2,7,0.99,ON_TRACK
904ff95e-a8d4-44f5-aa80-8fa5822d730f,2025-12-29,f8586d7f-42a8-40bb-a2c6-46993832c939,HABIT,25,24,0.96,24,0.944,ON_TRACK
416f4a3b-72eb-4ed7-a1a2-f4a2b5acae1d,2025-12-29,2d885db5-09de-4d36-abdc-c357a5253c90,FINANCIAL,96000,32000,0.3333,101565.22,0.9017,ON_TRACK
fd4c7ff6-82ca-4fee-a5ce-205186d77721,2025-12-29,cb90e01c-ad24-4e88-a405-b3ab220b47ca,HABIT,7.2,7.3,1.0139,7.3,0.99,ON_TRACK
ad495841-de0d-44d2-a1b7-733c83f564d4,2025-12-30,f516d2da-0168-4498-a19a-15c553b92083,FINANCIAL,18000,23421,1.3012,24201.7,0.99,ON_TRACK
d7b20f68-2c80-478b-aaaf-2f95ca6cffa7,2025-12-30,6e2f27d3-b0a7-41af-ae04-dd93747ab1ab,STUDY,14,7.7,0.55,26.95,0.99,ON_TRACK
3d4cd80b-18dd-4d73-aab1-c8225fb35a3d,2025-12-30,942340a9-28cf-4419-a543-8fb8ad16ee20,HABIT,5,2,0.4,7,0.99,ON_TRACK
ec2d21f8-6e16-4d05-aff6-9d9c9fb94bd2,2025-12-30,f8586d7f-42a8-40bb-a2c6-46993832c939,HABIT,25,43,1.5,43,0.99,ON_TRACK
bac8d5b6-9e9c-4197-adb0-adc3b8ef0d2a,2025-12-30,2d885db5-09de-4d36-abdc-c357a5253c90,FINANCIAL,96000,32000,0.3333,100689.66,0.8952,ON_TRACK
0f3e9221-6839-42cc-a455-e74b30a4f605,2025-12-30,cb90e01c-ad24-4e88-a405-b3ab220b47ca,HABIT,7.2,6.5,0.9028,6.5,0.8925,ON_TRACK
09c92955-bda5-427c-acc5-794a8fb6e844,2025-12-31,f516d2da-0168-4498-a19a-15c553b92083,FINANCIAL,18000,23046,1.2803,23046,0.99,ON_TRACK
87431665-7aa5-47fc-a000-867dd53d2545,2025-12-31,6e2f27d3-b0a7-41af-ae04-dd93747ab1ab,STUDY,14,7.7,0.55,17.97,0.99,ON_TRACK
bf017d4f-eb66-4a52-a5a2-c1b4a64f6c1d,2025-12-31,942340a9-28cf-4419-a543-8fb8ad16ee20,HABIT,5,2,0.4,4.67,0.824,NEEDS_ATTENTION
6b9dcf46-1227-44ed-af9f-77d84bc5bb12,2025-12-31,f8586d7f-42a8-40bb-a2c6-46993832c939,HABIT,25,38,1.5,38,0.99,ON_TRACK
57a5e867-f4a1-4f2c-a555-083f021f7762,2025-12-31,2d885db5-09de-4d36-abdc-c357a5253c90,FINANCIAL,96000,32000,0.3333,99829.06,0.8887,ON_TRACK
077c07e1-6d20-4f13-a847-db7df3031145,2025-12-31,cb90e01c-ad24-4e88-a405-b3ab220b47ca,HABIT,7.2,6.6,0.9167,6.6,0.905,ON_TRACK
ff64805b-b74e-44fc-a582-cc034c455a2a,2026-01-01,f516d2da-0168-4498-a19a-15c553b92083,FINANCIAL,18000,83881,1.5,2600311,0.99,ON_TRACK
a72d2cca-65a5-4114-af22-abbb97e9569c,2026-01-01,6e2f27d3-b0a7-41af-ae04-dd93747ab1ab,STUDY,14,10.3,0.7357,18.03,0.99,ON_TRACK
211a44a0-3706-4997-a1da-3899df9e5be3,2026-01-01,942340a9-28cf-4419-a543-8fb8ad16ee20,HABIT,5,3,0.6,5.25,0.944,ON_TRACK
ab2ea60b-992d-4c2c-a880-842d67b9b180,2026-01-01,f8586d7f-42a8-40bb-a2c6-46993832c939,HABIT,25,0,0,0,0.08,AT_RISK
1bf7c260-8a35-4c70-ac9e-4296197625d7,2026-01-01,2d885db5-09de-4d36-abdc-c357a5253c90,FINANCIAL,96000,32000,0.3333,98983.05,0.8824,ON_TRACK
d81e91e4-0600-43c6-a3fb-7ccbbba96993,2026-01-01,cb90e01c-ad24-4e88-a405-b3ab220b47ca,HABIT,7.2,7.7,1.0694,7.7,0.99,ON_TRACK
204eb8e1-1a1e-4e88-a26d-a4834d7aa633,2026-01-02,f516d2da-0168-4498-a19a-15c553b92083,FINANCIAL,18000,61506,1.5,953343,0.99,ON_TRACK
23dd1ee6-68a4-4cd9-a452-d36ce06a64df,2026-01-02,6e2f27d3-b0a7-41af-ae04-dd93747ab1ab,STUDY,14,12.4,0.8857,17.36,0.99,ON_TRACK
08fcdef5-f110-4ea3-ae57-24af763f8714,2026-01-02,942340a9-28cf-4419-a543-8fb8ad16ee20,HABIT,5,4,0.8,5.6,0.99,ON_TRACK
10945d4b-2520-427c-a4c0-8b6ffdda8188,2026-01-02,f8586d7f-42a8-40bb-a2c6-46993832c939,HABIT,25,26,1.04,26,0.99,ON_TRACK
3a61d313-242d-4ab7-a434-6312fc3ad018,2026-01-02,2d885db5-09de-4d36-abdc-c357a5253c90,FINANCIAL,96000,32000,0.3333,98151.26,0.8761,ON_TRACK
a9012c4d-e598-4e96-a79c-376a803015d2,2026-01-02,cb90e01c-ad24-4e88-a405-b3ab220b47ca,HABIT,7.2,7.4,1.0278,7.4,0.99,ON_TRACK
65b22115-8cce-4bdd-aab6-cb161bbfa8aa,2026-01-03,f516d2da-0168-4498-a19a-15c553b92083,FINANCIAL,18000,60206,1.5,622128.67,0.99,ON_TRACK
4e301463-feb7-4b26-a4a4-1221dca3faec,2026-01-03,6e2f27d3-b0a7-41af-ae04-dd93747ab1ab,STUDY,14,12.4,0.8857,14.47,0.9834,ON_TRACK
335896a3-34c4-448c-a4f3-9b7a2a658a3f,2026-01-03,942340a9-28cf-4419-a543-8fb8ad16ee20,HABIT,5,5,1,5.83,0.99,ON_TRACK
765555ac-682d-4956-a469-009a371c01a9,2026-01-03,f8586d7f-42a8-40bb-a2c6-46993832c939,HABIT,25,32,1.28,32,0.99,ON_TRACK
89e47e91-57b7-45b0-ac27-35e163f26ef0,2026-01-03,2d885db5-09de-4d36-abdc-c357a5253c90,FINANCIAL,96000,32000,0.3333,97333.33,0.87,ON_TRACK
92f399da-058c-443c-a490-6edd4c22db56,2026-01-03,cb90e01c-ad24-4e88-a405-b3ab220b47ca,HABIT,7.2,7.9,1.0972,7.9,0.99,ON_TRACK
40151b79-e74a-41c2-a449-6c118944e1c4,2026-01-04,f516d2da-0168-4498-a19a-15c553b92083,FINANCIAL,18000,59177,1.5,458621.75,0.99,ON_TRACK
598b5072-6a5e-49c8-af4e-e682f7e67287,2026-01-04,6e2f27d3-b0a7-41af-ae04-dd93747ab1ab,STUDY,14,14.3,1.0214,14.3,0.99,ON_TRACK
d108659d-1ad3-4135-a2b3-c3f743026417,2026-01-04,942340a9-28cf-4419-a543-8fb8ad16ee20,HABIT,5,5,1,5,0.98,ON_TRACK
8aa0b8d0-87ed-4b84-a3dd-be3c88c29615,2026-01-04,f8586d7f-42a8-40bb-a2c6-46993832c939,HABIT,25,36,1.44,36,0.99,ON_TRACK
999d4eb2-9572-4974-aeb8-5f589dddf649,2026-01-04,2d885db5-09de-4d36-abdc-c357a5253c90,FINANCIAL,96000,32000,0.3333,96528.93,0.864,ON_TRACK
9f219933-f796-4e3c-acc8-716492ca70e0,2026-01-04,cb90e01c-ad24-4e88-a405-b3ab220b47ca,HABIT,7.2,8.1,1.125,8.1,0.99,ON_TRACK
11669373-6582-4fb7-af06-4057392cd71b,2026-01-05,f516d2da-0168-4498-a19a-15c553b92083,FINANCIAL,18000,54535,1.5,338117,0.99,ON_TRACK
c0d8986f-712e-44a6-a140-a1e05d97f1d8,2026-01-05,6e2f27d3-b0a7-41af-ae04-dd93747ab1ab,STUDY,14,1.2,0.0857,8.4,0.5274,AT_RISK
734f6052-09a1-4cff-aa86-e81aca5b7a8a,2026-01-05,942340a9-28cf-4419-a543-8fb8ad16ee20,HABIT,5,1,0.2,7,0.99,ON_TRACK
ed9f5c28-4fd4-4312-aaa4-65933d603145,2026-01-05,f8586d7f-42a8-40bb-a2c6-46993832c939,HABIT,25,30,1.2,30,0.99,ON_TRACK
7132c443-d648-4b5c-ac37-fb31a00fc520,2026-01-05,2d885db5-09de-4d36-abdc-c357a5253c90,FINANCIAL,96000,32000,0.3333,95737.7,0.858,ON_TRACK
bc5f0eab-2a8a-4b1a-a3ed-8777ba16c18b,2026-01-05,cb90e01c-ad24-4e88-a405-b3ab220b47ca,HABIT,7.2,6.8,0.9444,6.8,0.93,ON_TRACK
edd98116-abae-4f49-a689-1e5ce0b4d045,2026-01-06,f516d2da-0168-4498-a19a-15c553b92083,FINANCIAL,18000,54535,1.5,281764.17,0.99,ON_TRACK
201b7d45-9d5a-474b-a875-9b29e1e159ce,2026-01-06,6e2f27d3-b0a7-41af-ae04-dd93747ab1ab,STUDY,14,3.5,0.25,12.25,0.755,NEEDS_ATTENTION
77e621a2-7037-477e-ab97-da4bf13df2ad,2026-01-06,942340a9-28cf-4419-a543-8fb8ad16ee20,HABIT,5,2,0.4,7,0.99,ON_TRACK
44085ef4-7bbd-4fa4-a303-bcc064f710a9,2026-01-06,f8586d7f-42a8-40bb-a2c6-46993832c939,HABIT,25,37,1.48,37,0.99,ON_TRACK
cf751297-22b1-43ed-a067-0ab64378aa17,2026-01-06,2d885db5-09de-4d36-abdc-c357a5253c90,FINANCIAL,96000,32000,0.3333,94959.35,0.8522,ON_TRACK
efa1572c-a393-4adb-a5d5-cb89edf87647,2026-01-06,cb90e01c-ad24-4e88-a405-b3ab220b47ca,HABIT,7.2,7.6,1.0556,7.6,0.99,ON_TRACK
5984d4be-8b8d-4f65-a721-39d7d8a47c8e,2026-01-07,f516d2da-0168-4498-a19a-15c553b92083,FINANCIAL,18000,53041,1.5,234895.86,0.99,ON_TRACK
21f66d43-251a-43d1-afdd-f0b1d4f73c87,2026-01-07,6e2f27d3-b0a7-41af-ae04-dd93747ab1ab,STUDY,14,3.5,0.25,8.17,0.545,AT_RISK
99ea7774-7b94-4aaa-a65a-fea486da726f,2026-01-07,942340a9-28cf-4419-a543-8fb8ad16ee20,HABIT,5,2,0.4,4.67,0.824,NEEDS_ATTENTION
4da52fce-8cc4-44ce-ad58-9b2af741eecf,2026-01-07,f8586d7f-42a8-40bb-a2c6-46993832c939,HABIT,25,38,1.5,38,0.99,ON_TRACK
8aad64de-8bc3-4b4f-af92-b3105a01fd86,2026-01-07,2d885db5-09de-4d36-abdc-c357a5253c90,FINANCIAL,96000,32000,0.3333,94193.55,0.8465,NEEDS_ATTENTION
d0626c8b-635b-4449-a293-abb719dea742,2026-01-07,cb90e01c-ad24-4e88-a405-b3ab220b47ca,HABIT,7.2,7,0.9722,7,0.955,ON_TRACK
33552bed-145f-45dc-a49f-c54364998704,2026-01-08,f516d2da-0168-4498-a19a-15c553b92083,FINANCIAL,18000,52010,1.5,201538.75,0.99,ON_TRACK
90976182-04a5-4a8e-aa43-0011056707bf,2026-01-08,6e2f27d3-b0a7-41af-ae04-dd93747ab1ab,STUDY,14,5.9,0.4214,10.33,0.6869,NEEDS_ATTENTION
6ab605da-c6dd-46ea-ae04-253cb4e1cc88,2026-01-08,942340a9-28cf-4419-a543-8fb8ad16ee20,HABIT,5,2,0.4,3.5,0.656,NEEDS_ATTENTION
b0343b44-8a4b-4618-a268-7c97a4f96862,2026-01-08,f8586d7f-42a8-40bb-a2c6-46993832c939,HABIT,25,25,1,25,0.98,ON_TRACK
9b835302-015e-4d98-afb3-62a563f8e3c3,2026-01-08,2d885db5-09de-4d36-abdc-c357a5253c90,FINANCIAL,96000,32000,0.3333,93440,0.8408,NEEDS_ATTENTION
618d41a7-79c4-49e8-ace7-f04cca6bb349,2026-01-08,cb90e01c-ad24-4e88-a405-b3ab220b47ca,HABIT,7.2,7.5,1.0417,7.5,0.99,ON_TRACK
a7e14891-a4f6-4f4e-a7d5-8b9bc975c80f,2026-01-09,f516d2da-0168-4498-a19a-15c553b92083,FINANCIAL,18000,50498,1.5,173937.56,0.99,ON_TRACK
fa170a59-9fb3-4f90-accc-e892fc5ec385,2026-01-09,6e2f27d3-b0a7-41af-ae04-dd93747ab1ab,STUDY,14,7.3,0.5214,10.22,0.6995,NEEDS_ATTENTION
c9a92f05-2256-4a85-ac15-3cb1aa074898,2026-01-09,942340a9-28cf-4419-a543-8fb8ad16ee20,HABIT,5,2,0.4,2.8,0.5552,AT_RISK
d1baef3b-6aa4-4c20-a708-995d2dbe9e6b,2026-01-09,f8586d7f-42a8-40bb-a2c6-46993832c939,HABIT,25,32,1.28,32,0.99,ON_TRACK
451f52b6-8208-41c3-a797-98f0e127b9a5,2026-01-09,2d885db5-09de-4d36-abdc-c357a5253c90,FINANCIAL,96000,32000,0.3333,92698.41,0.8352,NEEDS_ATTENTION
7f4cd4e8-ea24-42a4-a8b1-859b0d284804,2026-01-09,cb90e01c-ad24-4e88-a405-b3ab220b47ca,HABIT,7.2,7.5,1.0417,7.5,0.99,ON_TRACK
c798522a-c1f8-4f4f-ac86-711b26789d94,2026-01-10,f516d2da-0168-4498-a19a-15c553b92083,FINANCIAL,18000,42498,1.5,131743.8,0.99,ON_TRACK
3a9f1234-9a1a-4d60-ace2-5bd3807e5833,2026-01-10,6e2f27d3-b0a7-41af-ae04-dd93747ab1ab,STUDY,14,7.3,0.5214,8.52,0.6119,NEEDS_ATTENTION
c1deccc1-83fc-4cf2-a18f-02e1e7fe7ef6,2026-01-10,942340a9-28cf-4419-a543-8fb8ad16ee20,HABIT,5,3,0.6,3.5,0.692,NEEDS_ATTENTION
93d71e06-3803-45b5-a4eb-e1074eb44a69,2026-01-10,f8586d7f-42a8-40bb-a2c6-46993832c939,HABIT,25,45,1.5,45,0.99,ON_TRACK
80bcc58d-2d51-4f64-a1f9-347353b5a41d,2026-01-10,2d885db5-09de-4d36-abdc-c357a5253c90,FINANCIAL,96000,40000,0.4167,114960.63,0.99,ON_TRACK
e70b3b2a-e36a-4dbb-a9c3-f92a6858f2f9,2026-01-10,cb90e01c-ad24-4e88-a405-b3ab220b47ca,HABIT,7.2,7.9,1.0972,7.9,0.99,ON_TRACK
86769592-324d-4f04-a14a-9c2fb2284ee0,2026-01-11,f516d2da-0168-4498-a19a-15c553b92083,FINANCIAL,18000,41283,1.5,116343,0.99,ON_TRACK
9cdce75a-c7ed-449e-a23c-6d1f97e57a79,2026-01-11,6e2f27d3-b0a7-41af-ae04-dd93747ab1ab,STUDY,14,7.3,0.5214,7.3,0.5493,AT_RISK
5ac71903-d713-42c3-a5fd-9bfdaf693f0b,2026-01-11,942340a9-28cf-4419-a543-8fb8ad16ee20,HABIT,5,3,0.6,3,0.62,NEEDS_ATTENTION
4623c031-df19-4d54-af62-562dfb5235ec,2026-01-11,f8586d7f-42a8-40bb-a2c6-46993832c939,HABIT,25,44,1.5,44,0.99,ON_TRACK
2d30ef0d-074a-4d20-aea3-a9cded2526d0,2026-01-11,2d885db5-09de-4d36-abdc-c357a5253c90,FINANCIAL,96000,40000,0.4167,114062.5,0.99,ON_TRACK
1be8f8ef-f5d9-457f-a7fa-cb467ace8b29,2026-01-11,cb90e01c-ad24-4e88-a405-b3ab220b47ca,HABIT,7.2,8.1,1.125,8.1,0.99,ON_TRACK
06ebf0d8-c758-4977-a8ef-96a35729428e,2026-01-12,f516d2da-0168-4498-a19a-15c553b92083,FINANCIAL,18000,38215,1.5,98722.08,0.99,ON_TRACK
dfc16503-708a-43f4-a3da-c8e03531180f,2026-01-12,6e2f27d3-b0a7-41af-ae04-dd93747ab1ab,STUDY,14,0,0,0,0.08,AT_RISK
60b842fa-8f7e-4de8-a75c-43e8bb1aac66,2026-01-12,942340a9-28cf-4419-a543-8fb8ad16ee20,HABIT,5,0,0,0,0.08,AT_RISK
ae8ceb34-11af-4fd1-a46a-d83f8f37b55e,2026-01-12,f8586d7f-42a8-40bb-a2c6-46993832c939,HABIT,25,0,0,0,0.08,AT_RISK
1947c553-41a7-421c-a202-bfbcacd19904,2026-01-12,2d885db5-09de-4d36-abdc-c357a5253c90,FINANCIAL,96000,40000,0.4167,113178.29,0.99,ON_TRACK
e50bd958-fe31-4fbc-a471-4c6f741a6a61,2026-01-12,cb90e01c-ad24-4e88-a405-b3ab220b47ca,HABIT,7.2,7.1,0.9861,7.1,0.9675,ON_TRACK
9f22a190-0825-4a94-aaa2-4de9b5a052c7,2026-01-13,f516d2da-0168-4498-a19a-15c553b92083,FINANCIAL,18000,37084,1.5,88431.08,0.99,ON_TRACK
b2e232be-ab08-465a-ab73-b4cff6f46ac6,2026-01-13,6e2f27d3-b0a7-41af-ae04-dd93747ab1ab,STUDY,14,0,0,0,0.08,AT_RISK
0071fe68-4cf8-4fc5-a474-ae1a2624ceb9,2026-01-13,942340a9-28cf-4419-a543-8fb8ad16ee20,HABIT,5,1,0.2,3.5,0.62,NEEDS_ATTENTION
2e019797-d037-49d7-aebf-f32e77bca4d0,2026-01-13,f8586d7f-42a8-40bb-a2c6-46993832c939,HABIT,25,39,1.5,39,0.99,ON_TRACK
b350eea2-54c0-4c20-ae42-02687daf64d1,2026-01-13,2d885db5-09de-4d36-abdc-c357a5253c90,FINANCIAL,96000,40000,0.4167,112307.69,0.99,ON_TRACK
475cb56f-5c07-45fe-abc2-afbffb7c3fc4,2026-01-13,cb90e01c-ad24-4e88-a405-b3ab220b47ca,HABIT,7.2,7.5,1.0417,7.5,0.99,ON_TRACK
39d5cceb-556f-404e-a707-aef5d4639ab0,2026-01-14,f516d2da-0168-4498-a19a-15c553b92083,FINANCIAL,18000,36720,1.5,81308.57,0.99,ON_TRACK
30911105-c611-4483-aa16-1fff879fc45a,2026-01-14,6e2f27d3-b0a7-41af-ae04-dd93747ab1ab,STUDY,14,0,0,0,0.08,AT_RISK
b4cd3eab-0330-4228-abae-289cf440fa01,2026-01-14,942340a9-28cf-4419-a543-8fb8ad16ee20,HABIT,5,1,0.2,2.33,0.452,AT_RISK
68f0c32e-a798-41b5-ae89-1013d7e36ec6,2026-01-14,f8586d7f-42a8-40bb-a2c6-46993832c939,HABIT,25,0,0,0,0.08,AT_RISK
fa6a97af-1424-48ea-acbd-72cf53f3c0a9,2026-01-14,2d885db5-09de-4d36-abdc-c357a5253c90,FINANCIAL,96000,40000,0.4167,111450.38,0.99,ON_TRACK
c4c0f04f-c47b-43eb-a8e0-1005fc98c92f,2026-01-14,cb90e01c-ad24-4e88-a405-b3ab220b47ca,HABIT,7.2,7.5,1.0417,7.5,0.99,ON_TRACK
4efcd5b1-3b5a-4581-acc6-e7352c279bcf,2026-01-15,f516d2da-0168-4498-a19a-15c553b92083,FINANCIAL,18000,36459,1.5,75348.6,0.99,ON_TRACK
1fee14ef-b3d4-4860-a357-de85dcafff1c,2026-01-15,6e2f27d3-b0a7-41af-ae04-dd93747ab1ab,STUDY,14,2.3,0.1643,4.02,0.3166,AT_RISK
c1d34314-97a3-4de0-a3a9-8e977499fc3b,2026-01-15,942340a9-28cf-4419-a543-8fb8ad16ee20,HABIT,5,2,0.4,3.5,0.656,NEEDS_ATTENTION
31b26ba2-d5e2-474a-a86a-64e5b4ff9616,2026-01-15,f8586d7f-42a8-40bb-a2c6-46993832c939,HABIT,25,41,1.5,41,0.99,ON_TRACK
58e3359d-fa8b-4388-a17a-4db97fad0355,2026-01-15,2d885db5-09de-4d36-abdc-c357a5253c90,FINANCIAL,96000,40000,0.4167,110606.06,0.9845,ON_TRACK
5ee96ed5-cc3c-491c-ad70-0b747a0415e6,2026-01-15,cb90e01c-ad24-4e88-a405-b3ab220b47ca,HABIT,7.2,6.6,0.9167,6.6,0.905,ON_TRACK
91b1af2a-914a-44b1-a28c-53b638352cf1,2026-01-16,f516d2da-0168-4498-a19a-15c553b92083,FINANCIAL,18000,35936,1.5,69626,0.99,ON_TRACK
6315734d-1fb4-4d62-a9a9-78e37570ee6e,2026-01-16,6e2f27d3-b0a7-41af-ae04-dd93747ab1ab,STUDY,14,4.7,0.3357,6.58,0.4788,AT_RISK
68d3020b-498b-40fc-aac4-5fc03529bfd9,2026-01-16,942340a9-28cf-4419-a543-8fb8ad16ee20,HABIT,5,3,0.6,4.2,0.7928,NEEDS_ATTENTION
a6615b9a-c6ab-42e8-a4bd-f60127d148b7,2026-01-16,f8586d7f-42a8-40bb-a2c6-46993832c939,HABIT,25,0,0,0,0.08,AT_RISK
1a309519-77d9-463f-a860-35f497e5cdd4,2026-01-16,2d885db5-09de-4d36-abdc-c357a5253c90,FINANCIAL,96000,40000,0.4167,109774.44,0.9783,ON_TRACK
0b144ef9-f30c-4000-a7e7-b35b1d34a812,2026-01-16,cb90e01c-ad24-4e88-a405-b3ab220b47ca,HABIT,7.2,7.3,1.0139,7.3,0.99,ON_TRACK
75de5154-2abb-4018-a090-caaa11198a77,2026-01-17,f516d2da-0168-4498-a19a-15c553b92083,FINANCIAL,18000,35936,1.5,65530.35,0.99,ON_TRACK
804de8ea-5fbc-4c08-a86a-b1764a60e31b,2026-01-17,6e2f27d3-b0a7-41af-ae04-dd93747ab1ab,STUDY,14,4.7,0.3357,5.48,0.4224,AT_RISK
45a8ea27-6b5a-4f23-a3d2-a676c072eef8,2026-01-17,942340a9-28cf-4419-a543-8fb8ad16ee20,HABIT,5,3,0.6,3.5,0.692,NEEDS_ATTENTION
04eb591c-50dc-4fcf-a011-a693a906c171,2026-01-17,f8586d7f-42a8-40bb-a2c6-46993832c939,HABIT,25,45,1.5,45,0.99,ON_TRACK
7a7ef786-1123-4829-a134-4b2fe5e20bd2,2026-01-17,2d885db5-09de-4d36-abdc-c357a5253c90,FINANCIAL,96000,40000,0.4167,108955.22,0.9722,ON_TRACK
875a7738-d879-4d8a-a473-0e2173c15e04,2026-01-17,cb90e01c-ad24-4e88-a405-b3ab220b47ca,HABIT,7.2,7.8,1.0833,7.8,0.99,ON_TRACK
1384132f-920b-4204-aef4-7db00f9e2018,2026-01-18,f516d2da-0168-4498-a19a-15c553b92083,FINANCIAL,18000,41911,1.5,72180.06,0.99,ON_TRACK
20bc0e7c-cbde-4c02-a2b3-2e272b34dc1c,2026-01-18,6e2f27d3-b0a7-41af-ae04-dd93747ab1ab,STUDY,14,6.3,0.45,6.3,0.485,AT_RISK
417615cc-ec3b-4fa1-af56-00e1c4abdf87,2026-01-18,942340a9-28cf-4419-a543-8fb8ad16ee20,HABIT,5,3,0.6,3,0.62,NEEDS_ATTENTION
b5ab7e73-098e-423e-a32c-d41918740362,2026-01-18,f8586d7f-42a8-40bb-a2c6-46993832c939,HABIT,25,42,1.5,42,0.99,ON_TRACK
727d294b-2a3b-4256-a681-cfd7fcee2d65,2026-01-18,2d885db5-09de-4d36-abdc-c357a5253c90,FINANCIAL,96000,40000,0.4167,108148.15,0.9661,ON_TRACK
96cb11f9-2c00-4126-aafa-c5c77b926c9f,2026-01-18,cb90e01c-ad24-4e88-a405-b3ab220b47ca,HABIT,7.2,7.3,1.0139,7.3,0.99,ON_TRACK
0f6eedff-c63d-44f9-af50-3d6a065a7d45,2026-01-19,f516d2da-0168-4498-a19a-15c553b92083,FINANCIAL,18000,41727,1.5,68080.89,0.99,ON_TRACK
b0704d6f-e811-4760-ae87-fa3808de4c55,2026-01-19,6e2f27d3-b0a7-41af-ae04-dd93747ab1ab,STUDY,14,2.3,0.1643,16.1,0.9376,ON_TRACK
06c37c7c-6938-4383-a0ba-c729f5b2f1d7,2026-01-19,942340a9-28cf-4419-a543-8fb8ad16ee20,HABIT,5,1,0.2,7,0.99,ON_TRACK
05df0fd9-361f-4479-a97c-38e844a5eb52,2026-01-19,f8586d7f-42a8-40bb-a2c6-46993832c939,HABIT,25,27,1.08,27,0.99,ON_TRACK
b5cceeed-40a7-4ea0-a223-92eaf70f9d88,2026-01-19,2d885db5-09de-4d36-abdc-c357a5253c90,FINANCIAL,96000,40000,0.4167,107352.94,0.9601,ON_TRACK
d6e822f7-4084-48ff-a867-6313e9e036ee,2026-01-19,cb90e01c-ad24-4e88-a405-b3ab220b47ca,HABIT,7.2,6.6,0.9167,6.6,0.905,ON_TRACK
1d23ca64-1421-4713-a4f7-c25d8961221b,2026-01-20,f516d2da-0168-4498-a19a-15c553b92083,FINANCIAL,18000,40921,1.5,63427.55,0.99,ON_TRACK
45445609-415e-437d-a49e-6a42d05d0597,2026-01-20,6e2f27d3-b0a7-41af-ae04-dd93747ab1ab,STUDY,14,3.9,0.2786,13.65,0.8321,NEEDS_ATTENTION
072967ff-85d8-427c-abcd-3259018338ec,2026-01-20,942340a9-28cf-4419-a543-8fb8ad16ee20,HABIT,5,2,0.4,7,0.99,ON_TRACK
82d31df1-568d-436c-a5f1-02a151f55992,2026-01-20,f8586d7f-42a8-40bb-a2c6-46993832c939,HABIT,25,28,1.12,28,0.99,ON_TRACK
3a50950d-4156-4ca8-a3b1-13897cfec0e3,2026-01-20,2d885db5-09de-4d36-abdc-c357a5253c90,FINANCIAL,96000,40000,0.4167,106569.34,0.9543,ON_TRACK
39aa6e6d-0350-4bf2-a960-783d2b34dcfa,2026-01-20,cb90e01c-ad24-4e88-a405-b3ab220b47ca,HABIT,7.2,6.8,0.9444,6.8,0.93,ON_TRACK
dd456119-3bec-4b78-a725-7d6e1e5d11ba,2026-01-21,f516d2da-0168-4498-a19a-15c553b92083,FINANCIAL,18000,40736,1.5,60134.1,0.99,ON_TRACK
c0081ed9-6ef6-485f-af7e-42722e3906a4,2026-01-21,6e2f27d3-b0a7-41af-ae04-dd93747ab1ab,STUDY,14,5.8,0.4143,13.53,0.8506,ON_TRACK
f0287a26-8f09-4287-a109-8fd2876bdcc2,2026-01-21,942340a9-28cf-4419-a543-8fb8ad16ee20,HABIT,5,2,0.4,4.67,0.824,NEEDS_ATTENTION
b0330e72-d584-4026-a13d-fa33e7fc8a84,2026-01-21,f8586d7f-42a8-40bb-a2c6-46993832c939,HABIT,25,26,1.04,26,0.99,ON_TRACK
575f247c-891d-4038-a7cd-404cfe20c62e,2026-01-21,2d885db5-09de-4d36-abdc-c357a5253c90,FINANCIAL,96000,40000,0.4167,105797.1,0.9485,ON_TRACK
6901c276-7845-4b28-a85a-06cab365eb42,2026-01-21,cb90e01c-ad24-4e88-a405-b3ab220b47ca,HABIT,7.2,7,0.9722,7,0.955,ON_TRACK
f10a4644-5018-4794-a2a2-2bbf20c1f897,2026-01-22,f516d2da-0168-4498-a19a-15c553b92083,FINANCIAL,18000,39713,1.5,55959.23,0.99,ON_TRACK
bce319b9-efa5-41c7-af12-d193c2be222b,2026-01-22,6e2f27d3-b0a7-41af-ae04-dd93747ab1ab,STUDY,14,8.4,0.6,14.7,0.944,ON_TRACK
944b44bb-cd05-4d06-a7b2-9fc7d2487c55,2026-01-22,942340a9-28cf-4419-a543-8fb8ad16ee20,HABIT,5,2,0.4,3.5,0.656,NEEDS_ATTENTION
9900aa46-0bce-4067-ab29-a355022c46e5,2026-01-22,f8586d7f-42a8-40bb-a2c6-46993832c939,HABIT,25,26,1.04,26,0.99,ON_TRACK
0aabf6ad-1377-4866-ac00-a34a7a8e89e8,2026-01-22,2d885db5-09de-4d36-abdc-c357a5253c90,FINANCIAL,96000,40000,0.4167,105035.97,0.9428,ON_TRACK
25dd0256-9e57-463c-a305-3dbb01fbd219,2026-01-22,cb90e01c-ad24-4e88-a405-b3ab220b47ca,HABIT,7.2,7.5,1.0417,7.5,0.99,ON_TRACK
dbe13965-0a73-467a-a1ad-4a56224a07ff,2026-01-23,f516d2da-0168-4498-a19a-15c553b92083,FINANCIAL,18000,39713,1.5,53526.22,0.99,ON_TRACK
e4a720da-4a1d-4714-a9d1-0bed5184c556,2026-01-23,6e2f27d3-b0a7-41af-ae04-dd93747ab1ab,STUDY,14,9.6,0.6857,13.44,0.8946,ON_TRACK
b1ab3e52-b756-4011-aef1-d837d478b76b,2026-01-23,942340a9-28cf-4419-a543-8fb8ad16ee20,HABIT,5,3,0.6,4.2,0.7928,NEEDS_ATTENTION
8c0f53f2-56af-487d-ad4e-4e8acb415e38,2026-01-23,f8586d7f-42a8-40bb-a2c6-46993832c939,HABIT,25,28,1.12,28,0.99,ON_TRACK
66e3c77a-521e-4f68-aef6-da3b7fdb7b3d,2026-01-23,2d885db5-09de-4d36-abdc-c357a5253c90,FINANCIAL,96000,40000,0.4167,104285.71,0.9371,ON_TRACK
e8d7b33a-0669-4f05-aab7-c6ae3465212f,2026-01-23,cb90e01c-ad24-4e88-a405-b3ab220b47ca,HABIT,7.2,6.8,0.9444,6.8,0.93,ON_TRACK
93b39b9f-1d2f-40c3-a79b-b2b77ee323e5,2026-01-24,f516d2da-0168-4498-a19a-15c553b92083,FINANCIAL,18000,39713,1.5,51295.96,0.99,ON_TRACK
be7cbd98-d048-41f4-a331-66b773301a03,2026-01-24,6e2f27d3-b0a7-41af-ae04-dd93747ab1ab,STUDY,14,9.6,0.6857,11.2,0.7794,NEEDS_ATTENTION
f6c9b4f3-c431-4d95-a4d2-91f8fa346602,2026-01-24,942340a9-28cf-4419-a543-8fb8ad16ee20,HABIT,5,4,0.8,4.67,0.896,ON_TRACK
fe098b43-75ba-45fa-a7b6-d0f2bb84410b,2026-01-24,f8586d7f-42a8-40bb-a2c6-46993832c939,HABIT,25,39,1.5,39,0.99,ON_TRACK
f0e9c9b5-5900-41eb-a297-10ba1faf3a65,2026-01-24,2d885db5-09de-4d36-abdc-c357a5253c90,FINANCIAL,96000,40000,0.4167,103546.1,0.9316,ON_TRACK
17d70da8-c59f-416c-a279-def91344919e,2026-01-24,cb90e01c-ad24-4e88-a405-b3ab220b47ca,HABIT,7.2,7.4,1.0278,7.4,0.99,ON_TRACK
c19eed87-7f3f-401b-a14e-3b8a1855d382,2026-01-25,f516d2da-0168-4498-a19a-15c553b92083,FINANCIAL,18000,37620,1.5,46648.8,0.99,ON_TRACK
9e66d658-2327-4845-a664-f5b14af89110,2026-01-25,6e2f27d3-b0a7-41af-ae04-dd93747ab1ab,STUDY,14,9.6,0.6857,9.6,0.6971,NEEDS_ATTENTION
02d5d051-8e36-499b-a2d5-0fbadb20154f,2026-01-25,942340a9-28cf-4419-a543-8fb8ad16ee20,HABIT,5,4,0.8,4,0.8,NEEDS_ATTENTION
953ffc14-1f9c-45b7-affe-b5d4f71d2ca6,2026-01-25,f8586d7f-42a8-40bb-a2c6-46993832c939,HABIT,25,27,1.08,27,0.99,ON_TRACK
37410fb7-3aaa-4b8e-ae88-29b33a74ae7d,2026-01-25,2d885db5-09de-4d36-abdc-c357a5253c90,FINANCIAL,96000,40000,0.4167,102816.9,0.9261,ON_TRACK
380e165e-3e60-4c2f-a752-d22c6e1909ec,2026-01-25,cb90e01c-ad24-4e88-a405-b3ab220b47ca,HABIT,7.2,7.7,1.0694,7.7,0.99,ON_TRACK
af7e0297-8246-49c6-a23c-b57bf04d6334,2026-01-26,f516d2da-0168-4498-a19a-15c553b92083,FINANCIAL,18000,36111,1.5,43055.42,0.99,ON_TRACK
bf93e814-f48b-4d8c-ab8a-d2fa778f39c0,2026-01-26,6e2f27d3-b0a7-41af-ae04-dd93747ab1ab,STUDY,14,1.3,0.0929,9.1,0.5647,AT_RISK
2b7da5fa-b446-4ab7-a721-a7a8fb7d5c14,2026-01-26,942340a9-28cf-4419-a543-8fb8ad16ee20,HABIT,5,1,0.2,7,0.99,ON_TRACK
7d61e970-126a-470f-a598-e58783f5e7d7,2026-01-26,f8586d7f-42a8-40bb-a2c6-46993832c939,HABIT,25,39,1.5,39,0.99,ON_TRACK
ddbbcac7-d3bd-49cf-acd2-861649f4b4db,2026-01-26,2d885db5-09de-4d36-abdc-c357a5253c90,FINANCIAL,96000,40000,0.4167,102097.9,0.9207,ON_TRACK
5e560cd5-76bc-46d8-a577-a57d24d7cd2d,2026-01-26,cb90e01c-ad24-4e88-a405-b3ab220b47ca,HABIT,7.2,6.8,0.9444,6.8,0.93,ON_TRACK
caaaa6ea-011c-423e-ad9d-eac7a2aa4b5f,2026-01-27,f516d2da-0168-4498-a19a-15c553b92083,FINANCIAL,18000,35737,1.5,41031.37,0.99,ON_TRACK
e3cecd2c-2b6e-4caa-aa30-fbc1b503f7e8,2026-01-27,6e2f27d3-b0a7-41af-ae04-dd93747ab1ab,STUDY,14,4.4,0.3143,15.4,0.9286,ON_TRACK
1ea46916-4f70-4886-a17f-f43fee8fa093,2026-01-27,942340a9-28cf-4419-a543-8fb8ad16ee20,HABIT,5,1,0.2,3.5,0.62,NEEDS_ATTENTION
cf2869e2-f29f-4b29-a56c-cd2e3b92af2e,2026-01-27,f8586d7f-42a8-40bb-a2c6-46993832c939,HABIT,25,0,0,0,0.08,AT_RISK
7f91bc37-ec31-45ff-a1bf-a433493907d8,2026-01-27,2d885db5-09de-4d36-abdc-c357a5253c90,FINANCIAL,96000,40000,0.4167,101388.89,0.9154,ON_TRACK
f6d94336-be2b-44f8-a538-93c29080005f,2026-01-27,cb90e01c-ad24-4e88-a405-b3ab220b47ca,HABIT,7.2,6.6,0.9167,6.6,0.905,ON_TRACK
955d166b-7f8c-4af1-a437-2fb7288d8aaf,2026-01-28,f516d2da-0168-4498-a19a-15c553b92083,FINANCIAL,18000,35360,1.5,39148.57,0.99,ON_TRACK
27fb160a-3bbe-4c41-ace4-6173b5c5d673,2026-01-28,6e2f27d3-b0a7-41af-ae04-dd93747ab1ab,STUDY,14,4.4,0.3143,10.27,0.6646,NEEDS_ATTENTION
57cad199-0113-4da1-add2-364c17d4fd89,2026-01-28,942340a9-28cf-4419-a543-8fb8ad16ee20,HABIT,5,1,0.2,2.33,0.452,AT_RISK
1f73ab51-ed2d-45a2-a43a-aae74e0c8dc8,2026-01-28,f8586d7f-42a8-40bb-a2c6-46993832c939,HABIT,25,32,1.28,32,0.99,ON_TRACK
f4152101-2b3c-4e3b-a231-8c651064cd27,2026-01-28,2d885db5-09de-4d36-abdc-c357a5253c90,FINANCIAL,96000,40000,0.4167,100689.66,0.9102,ON_TRACK
219d999c-a89b-44c6-af25-4ccbd6fd739c,2026-01-28,cb90e01c-ad24-4e88-a405-b3ab220b47ca,HABIT,7.2,6.9,0.9583,6.9,0.9425,ON_TRACK
f2432ef0-174c-433b-a3bd-c3594d802c58,2026-01-29,f516d2da-0168-4498-a19a-15c553b92083,FINANCIAL,18000,34323,1.5,36690.1,0.99,ON_TRACK
53188256-82a3-46dd-a1fc-a096e631f97c,2026-01-29,6e2f27d3-b0a7-41af-ae04-dd93747ab1ab,STUDY,14,6.5,0.4643,11.38,0.7486,NEEDS_ATTENTION
5d2646f4-ad3d-45e2-aa81-03524f450023,2026-01-29,942340a9-28cf-4419-a543-8fb8ad16ee20,HABIT,5,2,0.4,3.5,0.656,NEEDS_ATTENTION
f5fcfaa7-cf94-4161-ac53-2d78a3cc6664,2026-01-29,f8586d7f-42a8-40bb-a2c6-46993832c939,HABIT,25,23,0.92,23,0.908,ON_TRACK
ed989b7d-bcab-4101-ab44-1b081bd2dbc8,2026-01-29,2d885db5-09de-4d36-abdc-c357a5253c90,FINANCIAL,96000,40000,0.4167,100000,0.905,ON_TRACK
09ea3790-b258-42c5-abd6-d19c7f695fb0,2026-01-29,cb90e01c-ad24-4e88-a405-b3ab220b47ca,HABIT,7.2,6.7,0.9306,6.7,0.9175,ON_TRACK
5555b0ef-a59a-4754-a9f4-189ec914e7f5,2026-01-30,f516d2da-0168-4498-a19a-15c553b92083,FINANCIAL,18000,30991,1.5,32024.03,0.99,ON_TRACK
57391280-2002-407f-a147-19edbfaaf1cd,2026-01-30,6e2f27d3-b0a7-41af-ae04-dd93747ab1ab,STUDY,14,8.1,0.5786,11.34,0.7673,NEEDS_ATTENTION
ec926d9b-3e1e-4a01-abd2-b3165689489b,2026-01-30,942340a9-28cf-4419-a543-8fb8ad16ee20,HABIT,5,3,0.6,4.2,0.7928,NEEDS_ATTENTION
b848cc66-cf5e-4132-a277-8c902b575e7e,2026-01-30,f8586d7f-42a8-40bb-a2c6-46993832c939,HABIT,25,34,1.36,34,0.99,ON_TRACK
42954427-49c9-4ba2-a9e9-70a645a5c915,2026-01-30,2d885db5-09de-4d36-abdc-c357a5253c90,FINANCIAL,96000,40000,0.4167,99319.73,0.8999,ON_TRACK
23c9cd97-7394-434e-a4f8-dbadf02e7587,2026-01-30,cb90e01c-ad24-4e88-a405-b3ab220b47ca,HABIT,7.2,6.5,0.9028,6.5,0.8925,ON_TRACK
4fb9355e-1b9b-4cb3-a9fc-8dbb704e7720,2026-01-31,f516d2da-0168-4498-a19a-15c553b92083,FINANCIAL,18000,28115,1.5,28115,0.99,ON_TRACK
3e2d6a00-9dee-4c80-a350-c0b9e683f36d,2026-01-31,6e2f27d3-b0a7-41af-ae04-dd93747ab1ab,STUDY,14,8.1,0.5786,9.45,0.6701,NEEDS_ATTENTION
8d7bc8f0-f974-4688-a858-7944b1ab1161,2026-01-31,942340a9-28cf-4419-a543-8fb8ad16ee20,HABIT,5,3,0.6,3.5,0.692,NEEDS_ATTENTION
858ea64d-3d7f-47a4-a731-c698d018b3c6,2026-01-31,f8586d7f-42a8-40bb-a2c6-46993832c939,HABIT,25,23,0.92,23,0.908,ON_TRACK
de3f7755-8ac6-43bf-aee2-449e73216edb,2026-01-31,2d885db5-09de-4d36-abdc-c357a5253c90,FINANCIAL,96000,40000,0.4167,98648.65,0.8949,ON_TRACK
2435e0e2-f1d8-4c46-ac80-1e8197ea8a9a,2026-01-31,cb90e01c-ad24-4e88-a405-b3ab220b47ca,HABIT,7.2,8,1.1111,8,0.99,ON_TRACK
ca4d8ba8-19cd-4fef-a608-f2b69a791016,2026-02-01,f516d2da-0168-4498-a19a-15c553b92083,FINANCIAL,18000,85000,1.5,2380000,0.99,ON_TRACK
df119d3a-56e3-46d6-ac85-f18de5352448,2026-02-01,6e2f27d3-b0a7-41af-ae04-dd93747ab1ab,STUDY,14,10.4,0.7429,10.4,0.7486,NEEDS_ATTENTION
b9cf2569-301a-42db-ac34-abdea8154076,2026-02-01,942340a9-28cf-4419-a543-8fb8ad16ee20,HABIT,5,3,0.6,3,0.62,NEEDS_ATTENTION
b929c18d-8e69-4c29-aa3d-3e4d90a6963c,2026-02-01,f8586d7f-42a8-40bb-a2c6-46993832c939,HABIT,25,0,0,0,0.08,AT_RISK
6b1652bc-bfc8-4c2e-a387-a2bdf874516b,2026-02-01,2d885db5-09de-4d36-abdc-c357a5253c90,FINANCIAL,96000,40000,0.4167,97986.58,0.8899,ON_TRACK
845b75be-8e7a-4c4f-a044-5553a10996df,2026-02-01,cb90e01c-ad24-4e88-a405-b3ab220b47ca,HABIT,7.2,7,0.9722,7,0.955,ON_TRACK
c59d95e7-149d-4307-ab57-62a2f685a002,2026-02-02,f516d2da-0168-4498-a19a-15c553b92083,FINANCIAL,18000,62140,1.5,869960,0.99,ON_TRACK
f65e6ce0-edd5-451a-a9e7-209546831a86,2026-02-02,6e2f27d3-b0a7-41af-ae04-dd93747ab1ab,STUDY,14,0,0,0,0.08,AT_RISK
7d51981b-6986-4804-affd-cfd300804130,2026-02-02,942340a9-28cf-4419-a543-8fb8ad16ee20,HABIT,5,1,0.2,7,0.99,ON_TRACK
2cc05c00-a2f3-4854-ac2a-0b149928928c,2026-02-02,f8586d7f-42a8-40bb-a2c6-46993832c939,HABIT,25,33,1.32,33,0.99,ON_TRACK
d2b70ec4-a7ef-467c-a622-2f1f378d719e,2026-02-02,2d885db5-09de-4d36-abdc-c357a5253c90,FINANCIAL,96000,40000,0.4167,97333.33,0.885,ON_TRACK
816feb70-ef8f-402f-a67c-d2c7de09c17a,2026-02-02,cb90e01c-ad24-4e88-a405-b3ab220b47ca,HABIT,7.2,7.2,1,7.2,0.98,ON_TRACK
8507bfa6-4b3b-4df4-a5d9-40a9de56272d,2026-02-03,f516d2da-0168-4498-a19a-15c553b92083,FINANCIAL,18000,61516,1.5,574149.33,0.99,ON_TRACK
3aec0071-1b21-4987-a745-0abae905a910,2026-02-03,6e2f27d3-b0a7-41af-ae04-dd93747ab1ab,STUDY,14,2,0.1429,7,0.4657,AT_RISK
f9bb01ac-dc34-4b1a-a327-d4141c5368fe,2026-02-03,942340a9-28cf-4419-a543-8fb8ad16ee20,HABIT,5,2,0.4,7,0.99,ON_TRACK
37296da3-389d-4a16-a3cb-3c73634a4bf7,2026-02-03,f8586d7f-42a8-40bb-a2c6-46993832c939,HABIT,25,41,1.5,41,0.99,ON_TRACK
ff553477-ffe1-472a-a849-3c6740848bbe,2026-02-03,2d885db5-09de-4d36-abdc-c357a5253c90,FINANCIAL,96000,40000,0.4167,96688.74,0.8802,ON_TRACK
5014ce74-0d02-43bc-a3fd-895207f863ed,2026-02-03,cb90e01c-ad24-4e88-a405-b3ab220b47ca,HABIT,7.2,7.2,1,7.2,0.98,ON_TRACK
48ff4c4a-869e-4a4a-a39d-59a43069c7af,2026-02-04,f516d2da-0168-4498-a19a-15c553b92083,FINANCIAL,18000,61180,1.5,428260,0.99,ON_TRACK
42313978-2e99-4393-a0a6-b0da6a5189ac,2026-02-04,6e2f27d3-b0a7-41af-ae04-dd93747ab1ab,STUDY,14,4.1,0.2929,9.57,0.6247,NEEDS_ATTENTION
8de8942d-49d4-4ef3-a1b1-884746322717,2026-02-04,942340a9-28cf-4419-a543-8fb8ad16ee20,HABIT,5,2,0.4,4.67,0.824,NEEDS_ATTENTION
ec25f680-ef10-48c3-a0d4-fd04acf73cb1,2026-02-04,f8586d7f-42a8-40bb-a2c6-46993832c939,HABIT,25,31,1.24,31,0.99,ON_TRACK
92a488c1-2898-458e-a69f-a60966a2feb4,2026-02-04,2d885db5-09de-4d36-abdc-c357a5253c90,FINANCIAL,96000,40000,0.4167,96052.63,0.8754,ON_TRACK
2c43b107-02bc-473c-a6e5-04ceaab9ff9d,2026-02-04,cb90e01c-ad24-4e88-a405-b3ab220b47ca,HABIT,7.2,7.6,1.0556,7.6,0.99,ON_TRACK
ee5cce2b-28df-4f89-a544-fea5ab1dc0b2,2026-02-05,f516d2da-0168-4498-a19a-15c553b92083,FINANCIAL,18000,57586,1.5,322481.6,0.99,ON_TRACK
9fff787a-4ef3-43f4-a9a8-856f3b878f61,2026-02-05,6e2f27d3-b0a7-41af-ae04-dd93747ab1ab,STUDY,14,4.1,0.2929,7.17,0.5017,AT_RISK
cb0c9aa7-0c46-4efa-ac27-7f538ef4edaf,2026-02-05,942340a9-28cf-4419-a543-8fb8ad16ee20,HABIT,5,3,0.6,5.25,0.944,ON_TRACK
62af7ac0-aff5-43f5-aed2-3a11099f4c68,2026-02-05,f8586d7f-42a8-40bb-a2c6-46993832c939,HABIT,25,41,1.5,41,0.99,ON_TRACK
1f5747c0-e9d6-41a5-ac3c-9536ea9dcc5c,2026-02-05,2d885db5-09de-4d36-abdc-c357a5253c90,FINANCIAL,96000,40000,0.4167,95424.84,0.8707,ON_TRACK
2db1b01c-7f27-4c89-a97d-2c5ffad1df04,2026-02-05,cb90e01c-ad24-4e88-a405-b3ab220b47ca,HABIT,7.2,6.9,0.9583,6.9,0.9425,ON_TRACK
10c2840e-36c2-4945-a2ed-c6dd7d00cdd5,2026-02-06,f516d2da-0168-4498-a19a-15c553b92083,FINANCIAL,18000,57417,1.5,267946,0.99,ON_TRACK
317faa3e-511c-44e3-a057-027e3823159d,2026-02-06,6e2f27d3-b0a7-41af-ae04-dd93747ab1ab,STUDY,14,6,0.4286,8.4,0.5891,AT_RISK
d437f626-e6cd-49e3-a5b7-c012ad4591fa,2026-02-06,942340a9-28cf-4419-a543-8fb8ad16ee20,HABIT,5,4,0.8,5.6,0.99,ON_TRACK
d940aa1b-e9b8-4aa5-abe6-6fc21f03bce1,2026-02-06,f8586d7f-42a8-40bb-a2c6-46993832c939,HABIT,25,40,1.5,40,0.99,ON_TRACK
9336e3d2-9114-4589-a289-18cf79a88619,2026-02-06,2d885db5-09de-4d36-abdc-c357a5253c90,FINANCIAL,96000,40000,0.4167,94805.19,0.866,ON_TRACK
8a739854-7174-401f-a4d4-e294fd705dd6,2026-02-06,cb90e01c-ad24-4e88-a405-b3ab220b47ca,HABIT,7.2,7.7,1.0694,7.7,0.99,ON_TRACK
aade9efa-e65b-476c-aa9a-2c81a5b00306,2026-02-07,f516d2da-0168-4498-a19a-15c553b92083,FINANCIAL,18000,55194,1.5,220776,0.99,ON_TRACK
c6107915-9e68-43f2-a40c-ad7e87f07c33,2026-02-07,6e2f27d3-b0a7-41af-ae04-dd93747ab1ab,STUDY,14,6,0.4286,7,0.5171,AT_RISK
eb671378-1c92-43c5-adf9-ac16eb723131,2026-02-07,942340a9-28cf-4419-a543-8fb8ad16ee20,HABIT,5,4,0.8,4.67,0.896,ON_TRACK
d6242659-bba5-46e1-adc8-3e417e3935e4,2026-02-07,f8586d7f-42a8-40bb-a2c6-46993832c939,HABIT,25,24,0.96,24,0.944,ON_TRACK
1d0a87a0-d5b8-4f0a-a5a2-266895b98809,2026-02-07,2d885db5-09de-4d36-abdc-c357a5253c90,FINANCIAL,96000,40000,0.4167,94193.55,0.8615,ON_TRACK
6f50ef11-13c2-4980-a907-39f557132c6f,2026-02-07,cb90e01c-ad24-4e88-a405-b3ab220b47ca,HABIT,7.2,7.6,1.0556,7.6,0.99,ON_TRACK
f8b23fbf-07fb-4f69-ad19-856ef6daeb6d,2026-02-08,f516d2da-0168-4498-a19a-15c553b92083,FINANCIAL,18000,54395,1.5,190382.5,0.99,ON_TRACK
6008a06c-c2b8-4c17-a797-42d6819b04a6,2026-02-08,6e2f27d3-b0a7-41af-ae04-dd93747ab1ab,STUDY,14,6,0.4286,6,0.4657,AT_RISK
8b044ece-b859-4c7c-ac25-f9706b91fb66,2026-02-08,942340a9-28cf-4419-a543-8fb8ad16ee20,HABIT,5,4,0.8,4,0.8,NEEDS_ATTENTION
3b920f0f-d2ae-48b6-a7a0-096de9a41585,2026-02-08,f8586d7f-42a8-40bb-a2c6-46993832c939,HABIT,25,45,1.5,45,0.99,ON_TRACK
426701dd-16b2-40a7-a27b-69595a9ba836,2026-02-08,2d885db5-09de-4d36-abdc-c357a5253c90,FINANCIAL,96000,40000,0.4167,93589.74,0.8569,ON_TRACK
184de037-4085-4a9a-aa6a-ce4c829d8419,2026-02-08,cb90e01c-ad24-4e88-a405-b3ab220b47ca,HABIT,7.2,7.8,1.0833,7.8,0.99,ON_TRACK
62da1405-323f-4415-af58-a60460f416e9,2026-02-09,f516d2da-0168-4498-a19a-15c553b92083,FINANCIAL,18000,53294,1.5,165803.56,0.99,ON_TRACK
bbeadd19-e38f-4cb4-a76b-bb8ec76e6733,2026-02-09,6e2f27d3-b0a7-41af-ae04-dd93747ab1ab,STUDY,14,1.7,0.1214,11.9,0.7139,NEEDS_ATTENTION
8ad6d99e-80b9-4911-af7b-df2a65ce25e6,2026-02-09,942340a9-28cf-4419-a543-8fb8ad16ee20,HABIT,5,0,0,0,0.08,AT_RISK
74bc81c6-007d-4510-abe9-9e4d77b38aa9,2026-02-09,f8586d7f-42a8-40bb-a2c6-46993832c939,HABIT,25,0,0,0,0.08,AT_RISK
4875659b-6e75-4f28-af44-3e893ef3a8e0,2026-02-09,2d885db5-09de-4d36-abdc-c357a5253c90,FINANCIAL,96000,40000,0.4167,92993.63,0.8525,ON_TRACK
ff18dcac-9ae4-45aa-a1ed-d8c092103f24,2026-02-09,cb90e01c-ad24-4e88-a405-b3ab220b47ca,HABIT,7.2,6.8,0.9444,6.8,0.93,ON_TRACK
f0e6a337-2cb8-42a3-a636-fe3715dc7bf9,2026-02-10,f516d2da-0168-4498-a19a-15c553b92083,FINANCIAL,18000,45167,1.5,126467.6,0.99,ON_TRACK
2de0d02e-196b-47a7-a40e-89b1a1dc4531,2026-02-10,6e2f27d3-b0a7-41af-ae04-dd93747ab1ab,STUDY,14,4.8,0.3429,16.8,0.99,ON_TRACK
3f51243c-3dd5-4234-af1a-39e46cc2e56f,2026-02-10,942340a9-28cf-4419-a543-8fb8ad16ee20,HABIT,5,1,0.2,3.5,0.62,NEEDS_ATTENTION
ff018a47-5e01-4622-af20-3676d8e42df5,2026-02-10,f8586d7f-42a8-40bb-a2c6-46993832c939,HABIT,25,24,0.96,24,0.944,ON_TRACK
0ccec63f-4a4a-4c46-a359-0a95aeff78ca,2026-02-10,2d885db5-09de-4d36-abdc-c357a5253c90,FINANCIAL,96000,48000,0.5,110886.08,0.99,ON_TRACK
accef2d5-7eed-4352-a069-9d089a1703a7,2026-02-10,cb90e01c-ad24-4e88-a405-b3ab220b47ca,HABIT,7.2,7.6,1.0556,7.6,0.99,ON_TRACK
1ce4b9fd-d43f-4851-a99b-bf4c307bc668,2026-02-11,f516d2da-0168-4498-a19a-15c553b92083,FINANCIAL,18000,44244,1.5,112621.09,0.99,ON_TRACK
b77a7129-f245-438d-a333-120106431545,2026-02-11,6e2f27d3-b0a7-41af-ae04-dd93747ab1ab,STUDY,14,4.8,0.3429,11.2,0.7177,NEEDS_ATTENTION
a5dacc31-2ded-4b9b-a41a-7480cc1e2e86,2026-02-11,942340a9-28cf-4419-a543-8fb8ad16ee20,HABIT,5,1,0.2,2.33,0.452,AT_RISK
a6a75736-a8a6-4273-ab62-55bbb70c1bd2,2026-02-11,f8586d7f-42a8-40bb-a2c6-46993832c939,HABIT,25,44,1.5,44,0.99,ON_TRACK
16c9afb4-e1f8-4e01-abdb-523b4a17dcd2,2026-02-11,2d885db5-09de-4d36-abdc-c357a5253c90,FINANCIAL,96000,48000,0.5,110188.68,0.99,ON_TRACK
fe70b0b5-d534-40cf-a7ed-a976a58877e9,2026-02-11,cb90e01c-ad24-4e88-a405-b3ab220b47ca,HABIT,7.2,7.1,0.9861,7.1,0.9675,ON_TRACK
61931702-ac44-409f-a501-273cb060c148,2026-02-12,f516d2da-0168-4498-a19a-15c553b92083,FINANCIAL,18000,43954,1.5,102559.33,0.99,ON_TRACK
db8223d7-2bfd-439c-aefa-57424c9aff84,2026-02-12,6e2f27d3-b0a7-41af-ae04-dd93747ab1ab,STUDY,14,4.8,0.3429,8.4,0.5737,AT_RISK
e13ea659-bc51-4869-a503-c7e7cfe06a25,2026-02-12,942340a9-28cf-4419-a543-8fb8ad16ee20,HABIT,5,1,0.2,1.75,0.368,AT_RISK
46bc8c05-9c3e-4800-a454-a726019b841f,2026-02-12,f8586d7f-42a8-40bb-a2c6-46993832c939,HABIT,25,36,1.44,36,0.99,ON_TRACK
3789f946-aca3-492c-ac05-91d692663264,2026-02-12,2d885db5-09de-4d36-abdc-c357a5253c90,FINANCIAL,96000,48000,0.5,109500,0.99,ON_TRACK
56e2af59-0009-4f16-ab0c-94110cfa7a9b,2026-02-12,cb90e01c-ad24-4e88-a405-b3ab220b47ca,HABIT,7.2,6.6,0.9167,6.6,0.905,ON_TRACK
420a8b1b-0063-486e-a995-ae9fb4eadec0,2026-02-13,f516d2da-0168-4498-a19a-15c553b92083,FINANCIAL,18000,42959,1.5,92527.08,0.99,ON_TRACK
1f1ea688-4d9f-4b10-a909-b14013a2513a,2026-02-13,6e2f27d3-b0a7-41af-ae04-dd93747ab1ab,STUDY,14,7.8,0.5571,10.92,0.7419,NEEDS_ATTENTION
0ff121f1-2962-4d8a-abe5-cdac75a1d5a9,2026-02-13,942340a9-28cf-4419-a543-8fb8ad16ee20,HABIT,5,2,0.4,2.8,0.5552,AT_RISK
549ab716-3449-4632-a135-eb8ffb58d6a1,2026-02-13,f8586d7f-42a8-40bb-a2c6-46993832c939,HABIT,25,25,1,25,0.98,ON_TRACK
7e626607-0870-46c9-a6e9-1ba62d20f6f3,2026-02-13,2d885db5-09de-4d36-abdc-c357a5253c90,FINANCIAL,96000,48000,0.5,108819.88,0.9861,ON_TRACK
1ad4a304-959b-4c77-a73e-570acd54a634,2026-02-13,cb90e01c-ad24-4e88-a405-b3ab220b47ca,HABIT,7.2,7.5,1.0417,7.5,0.99,ON_TRACK
27d412be-d07c-4889-a7cb-9e868c38dd9f,2026-02-14,f516d2da-0168-4498-a19a-15c553b92083,FINANCIAL,18000,41649,1.5,83298,0.99,ON_TRACK
c283bed9-e139-4a83-a1d7-f72fb5847a63,2026-02-14,6e2f27d3-b0a7-41af-ae04-dd93747ab1ab,STUDY,14,7.8,0.5571,9.1,0.6483,NEEDS_ATTENTION
edc33566-7b35-42ff-adf3-a23557eefdc0,2026-02-14,942340a9-28cf-4419-a543-8fb8ad16ee20,HABIT,5,3,0.6,3.5,0.692,NEEDS_ATTENTION
a8f97963-aa2b-453e-ad44-5c42a7c4bd19,2026-02-14,f8586d7f-42a8-40bb-a2c6-46993832c939,HABIT,25,0,0,0,0.08,AT_RISK
2b259d88-e64d-41da-a876-06b91ca583f8,2026-02-14,2d885db5-09de-4d36-abdc-c357a5253c90,FINANCIAL,96000,48000,0.5,108148.15,0.9811,ON_TRACK
6d394bdc-8eb5-4d95-a96d-b2cc59712a10,2026-02-14,cb90e01c-ad24-4e88-a405-b3ab220b47ca,HABIT,7.2,7.5,1.0417,7.5,0.99,ON_TRACK
4464acc8-c174-4b05-aa2e-4c80130cd35a,2026-02-15,f516d2da-0168-4498-a19a-15c553b92083,FINANCIAL,18000,40396,1.5,75405.87,0.99,ON_TRACK
274db249-bdb7-4ac4-abbb-0288176afc0b,2026-02-15,6e2f27d3-b0a7-41af-ae04-dd93747ab1ab,STUDY,14,7.8,0.5571,7.8,0.5814,AT_RISK
240a343e-df5d-40f6-a0a3-c2976259555c,2026-02-15,942340a9-28cf-4419-a543-8fb8ad16ee20,HABIT,5,3,0.6,3,0.62,NEEDS_ATTENTION
61f96392-551f-43a6-abd8-0d7a576edaaf,2026-02-15,f8586d7f-42a8-40bb-a2c6-46993832c939,HABIT,25,0,0,0,0.08,AT_RISK
7b0fbf0a-5ecb-462c-a39c-05db4acea872,2026-02-15,2d885db5-09de-4d36-abdc-c357a5253c90,FINANCIAL,96000,48000,0.5,107484.66,0.9761,ON_TRACK
cbc9891e-412e-4cd6-acc8-25b48454f282,2026-02-15,cb90e01c-ad24-4e88-a405-b3ab220b47ca,HABIT,7.2,8.1,1.125,8.1,0.99,ON_TRACK
dd04b497-1b1e-41cc-aea4-5cfbc929748a,2026-02-16,f516d2da-0168-4498-a19a-15c553b92083,FINANCIAL,18000,40294,1.5,70514.5,0.99,ON_TRACK
c5a24c65-52ec-4818-a4f0-70757e3b44d8,2026-02-16,6e2f27d3-b0a7-41af-ae04-dd93747ab1ab,STUDY,14,1.1,0.0786,7.7,0.4901,AT_RISK
fc6814be-20be-4b06-a6de-3ef3dc6faa94,2026-02-16,942340a9-28cf-4419-a543-8fb8ad16ee20,HABIT,5,1,0.2,7,0.99,ON_TRACK
10879829-1e96-495b-a56e-08621109ae04,2026-02-16,f8586d7f-42a8-40bb-a2c6-46993832c939,HABIT,25,34,1.36,34,0.99,ON_TRACK
0927dc98-6f3a-4efa-a901-43625dd72f73,2026-02-16,2d885db5-09de-4d36-abdc-c357a5253c90,FINANCIAL,96000,48000,0.5,106829.27,0.9712,ON_TRACK
db3c4f38-2a08-481f-ab29-860c98854113,2026-02-16,cb90e01c-ad24-4e88-a405-b3ab220b47ca,HABIT,7.2,6.8,0.9444,6.8,0.93,ON_TRACK
18bf0fda-09f7-4fe5-aae0-af718d5d52ba,2026-02-17,f516d2da-0168-4498-a19a-15c553b92083,FINANCIAL,18000,40065,1.5,65989.41,0.99,ON_TRACK
a77fe995-69d5-4157-a974-7f470ee2ce83,2026-02-17,6e2f27d3-b0a7-41af-ae04-dd93747ab1ab,STUDY,14,1.1,0.0786,3.85,0.2921,AT_RISK
acf9176a-10df-4fce-a66c-e49bf27f3457,2026-02-17,942340a9-28cf-4419-a543-8fb8ad16ee20,HABIT,5,2,0.4,7,0.99,ON_TRACK
f614bcc6-0171-4918-a94b-99888b95e0f4,2026-02-17,f8586d7f-42a8-40bb-a2c6-46993832c939,HABIT,25,29,1.16,29,0.99,ON_TRACK
730de479-5926-4fcb-a535-bac17c8ed1d4,2026-02-17,2d885db5-09de-4d36-abdc-c357a5253c90,FINANCIAL,96000,48000,0.5,106181.82,0.9664,ON_TRACK
b3f1d4c4-3d1e-4929-abbf-b8f427cf5b82,2026-02-17,cb90e01c-ad24-4e88-a405-b3ab220b47ca,HABIT,7.2,7.6,1.0556,7.6,0.99,ON_TRACK
da484b95-b59f-4d29-ab9a-7f851db84066,2026-02-18,f516d2da-0168-4498-a19a-15c553b92083,FINANCIAL,18000,36791,1.5,57230.44,0.99,ON_TRACK
750f2dc0-a3be-497a-a758-c6b47276442a,2026-02-18,6e2f27d3-b0a7-41af-ae04-dd93747ab1ab,STUDY,14,3,0.2143,7,0.4786,AT_RISK
23243cd5-6d82-4d9b-a87c-35f1b2af3b56,2026-02-18,942340a9-28cf-4419-a543-8fb8ad16ee20,HABIT,5,2,0.4,4.67,0.824,NEEDS_ATTENTION
cbca9524-2fe0-463c-a598-ff04a57fb896,2026-02-18,f8586d7f-42a8-40bb-a2c6-46993832c939,HABIT,25,38,1.5,38,0.99,ON_TRACK
196b3bd8-a41b-4cba-a00a-570a79ca10d4,2026-02-18,2d885db5-09de-4d36-abdc-c357a5253c90,FINANCIAL,96000,48000,0.5,105542.17,0.9616,ON_TRACK
6e8553a2-7de7-4a6b-abd8-4027ef6645fe,2026-02-18,cb90e01c-ad24-4e88-a405-b3ab220b47ca,HABIT,7.2,7.4,1.0278,7.4,0.99,ON_TRACK
9bd535bb-1d06-45dc-a10d-212a81ff5524,2026-02-19,f516d2da-0168-4498-a19a-15c553b92083,FINANCIAL,18000,35722,1.5,52642.95,0.99,ON_TRACK
e4bef3c7-4d9d-40c7-a571-af84ccd17029,2026-02-19,6e2f27d3-b0a7-41af-ae04-dd93747ab1ab,STUDY,14,3,0.2143,5.25,0.3886,AT_RISK
f6e7e5b6-9a4d-463d-a81f-738482777bef,2026-02-19,942340a9-28cf-4419-a543-8fb8ad16ee20,HABIT,5,3,0.6,5.25,0.944,ON_TRACK
db95b374-ea27-4a24-ade7-70693d3a3d4e,2026-02-19,f8586d7f-42a8-40bb-a2c6-46993832c939,HABIT,25,35,1.4,35,0.99,ON_TRACK
08c69c0c-7e6c-485b-a5d4-cce5a46d69a9,2026-02-19,2d885db5-09de-4d36-abdc-c357a5253c90,FINANCIAL,96000,48000,0.5,104910.18,0.9568,ON_TRACK
5502a88c-9e87-4deb-ac3e-bdd228fc34f9,2026-02-19,cb90e01c-ad24-4e88-a405-b3ab220b47ca,HABIT,7.2,7,0.9722,7,0.955,ON_TRACK
329ce234-cf61-4e0b-a223-e4577ffc58c3,2026-02-20,f516d2da-0168-4498-a19a-15c553b92083,FINANCIAL,18000,34806,1.5,48728.4,0.99,ON_TRACK
2e72c052-4194-4fe1-af4d-29a79ea0d7d7,2026-02-20,6e2f27d3-b0a7-41af-ae04-dd93747ab1ab,STUDY,14,5.4,0.3857,7.56,0.5382,AT_RISK
589893af-912b-4793-a0b5-9e1f5d571a48,2026-02-20,942340a9-28cf-4419-a543-8fb8ad16ee20,HABIT,5,4,0.8,5.6,0.99,ON_TRACK
e077dd01-7ab3-4e25-a268-3fa23a12553c,2026-02-20,f8586d7f-42a8-40bb-a2c6-46993832c939,HABIT,25,0,0,0,0.08,AT_RISK
06b54003-1c77-49a2-ab54-f1dac084251d,2026-02-20,2d885db5-09de-4d36-abdc-c357a5253c90,FINANCIAL,96000,48000,0.5,104285.71,0.9521,ON_TRACK
6604a587-2952-4414-a8ca-7e296890323f,2026-02-20,cb90e01c-ad24-4e88-a405-b3ab220b47ca,HABIT,7.2,7.3,1.0139,7.3,0.99,ON_TRACK
bc1ca9e0-2cf5-430b-ae4a-22c428c52cce,2026-02-21,f516d2da-0168-4498-a19a-15c553b92083,FINANCIAL,18000,33717,1.5,44956,0.99,ON_TRACK
b71701dc-a59a-4c1c-a18b-ad7899cdd57c,2026-02-21,6e2f27d3-b0a7-41af-ae04-dd93747ab1ab,STUDY,14,5.4,0.3857,6.3,0.4734,AT_RISK
ca18edc0-1ae9-4862-ab2a-f1e6e8ae1d49,2026-02-21,942340a9-28cf-4419-a543-8fb8ad16ee20,HABIT,5,5,1,5.83,0.99,ON_TRACK
ab9754e5-c5a8-4f43-ad8a-0644476450c8,2026-02-21,f8586d7f-42a8-40bb-a2c6-46993832c939,HABIT,25,43,1.5,43,0.99,ON_TRACK
2662c27c-e0f9-4748-ae0f-2c9dd67ea802,2026-02-21,2d885db5-09de-4d36-abdc-c357a5253c90,FINANCIAL,96000,48000,0.5,103668.64,0.9475,ON_TRACK
ac71e851-b7cd-4ca3-a867-b81f51a51af2,2026-02-21,cb90e01c-ad24-4e88-a405-b3ab220b47ca,HABIT,7.2,7.3,1.0139,7.3,0.99,ON_TRACK
3d57dbe6-4089-4391-a29d-0c236d44e9aa,2026-02-22,f516d2da-0168-4498-a19a-15c553b92083,FINANCIAL,18000,32973,1.5,41965.64,0.99,ON_TRACK
14a10db5-99ab-4955-a2df-a23ee53c4980,2026-02-22,6e2f27d3-b0a7-41af-ae04-dd93747ab1ab,STUDY,14,7.6,0.5429,7.6,0.5686,AT_RISK
abec2d6a-dbc7-417a-a81b-1ee0a9da8e2b,2026-02-22,942340a9-28cf-4419-a543-8fb8ad16ee20,HABIT,5,5,1,5,0.98,ON_TRACK
d113b22d-edd5-4f62-a9bf-48091db90615,2026-02-22,f8586d7f-42a8-40bb-a2c6-46993832c939,HABIT,25,41,1.5,41,0.99,ON_TRACK
3b005356-7005-4a16-a827-9464ed81a0bd,2026-02-22,2d885db5-09de-4d36-abdc-c357a5253c90,FINANCIAL,96000,48000,0.5,103058.82,0.9429,ON_TRACK
e5551e95-b567-445c-a6d8-db1a59e76800,2026-02-22,cb90e01c-ad24-4e88-a405-b3ab220b47ca,HABIT,7.2,7.3,1.0139,7.3,0.99,ON_TRACK
7b4fbcd7-b0e4-46b6-ac03-1fde630abef6,2026-02-23,f516d2da-0168-4498-a19a-15c553b92083,FINANCIAL,18000,31971,1.5,38921.22,0.99,ON_TRACK
76367276-75d1-4a55-acc4-c6a69507029e,2026-02-23,6e2f27d3-b0a7-41af-ae04-dd93747ab1ab,STUDY,14,0,0,0,0.08,AT_RISK
b55d4a1d-18fa-4350-a8dc-5e5320f0af58,2026-02-23,942340a9-28cf-4419-a543-8fb8ad16ee20,HABIT,5,0,0,0,0.08,AT_RISK
c327fd36-143f-4906-a3fe-bb111ba46581,2026-02-23,f8586d7f-42a8-40bb-a2c6-46993832c939,HABIT,25,30,1.2,30,0.99,ON_TRACK
21113bb8-ed6e-4842-ab4f-55546f0cddee,2026-02-23,2d885db5-09de-4d36-abdc-c357a5253c90,FINANCIAL,96000,48000,0.5,102456.14,0.9384,ON_TRACK
75496b8d-b94b-42bf-af76-0a74e5b51625,2026-02-23,cb90e01c-ad24-4e88-a405-b3ab220b47ca,HABIT,7.2,6.9,0.9583,6.9,0.9425,ON_TRACK
89d16387-655d-4d7a-afb6-e3bebf5c8b60,2026-02-24,f516d2da-0168-4498-a19a-15c553b92083,FINANCIAL,18000,31023,1.5,36193.5,0.99,ON_TRACK
46da5902-fa8f-419a-a739-51eef5af8444,2026-02-24,6e2f27d3-b0a7-41af-ae04-dd93747ab1ab,STUDY,14,2.8,0.2,9.8,0.62,NEEDS_ATTENTION
14b86678-d899-4ad3-a86d-709e2b43c2bd,2026-02-24,942340a9-28cf-4419-a543-8fb8ad16ee20,HABIT,5,1,0.2,3.5,0.62,NEEDS_ATTENTION
a7ed1192-8abb-454d-ac4b-9a38d336c606,2026-02-24,f8586d7f-42a8-40bb-a2c6-46993832c939,HABIT,25,39,1.5,39,0.99,ON_TRACK
1f841625-1d92-442b-a7e9-5b0b7a02d212,2026-02-24,2d885db5-09de-4d36-abdc-c357a5253c90,FINANCIAL,96000,48000,0.5,101860.47,0.934,ON_TRACK
f56d7749-8f13-4ebb-ac26-2984a379f2be,2026-02-24,cb90e01c-ad24-4e88-a405-b3ab220b47ca,HABIT,7.2,7.3,1.0139,7.3,0.99,ON_TRACK
a1b08779-e015-4808-acad-01697a1726bf,2026-02-25,f516d2da-0168-4498-a19a-15c553b92083,FINANCIAL,18000,30274,1.5,33906.88,0.99,ON_TRACK
f6d72258-3a18-47ab-a656-9b0350cc0402,2026-02-25,6e2f27d3-b0a7-41af-ae04-dd93747ab1ab,STUDY,14,2.8,0.2,6.53,0.452,AT_RISK
88d85837-cfb5-4d4e-ad8b-348e90f9c91d,2026-02-25,942340a9-28cf-4419-a543-8fb8ad16ee20,HABIT,5,1,0.2,2.33,0.452,AT_RISK
d1f6ecc3-c456-4385-ac23-5aa769647ebf,2026-02-25,f8586d7f-42a8-40bb-a2c6-46993832c939,HABIT,25,42,1.5,42,0.99,ON_TRACK
595dbdb7-04b6-4323-ae87-da70ed18ade5,2026-02-25,2d885db5-09de-4d36-abdc-c357a5253c90,FINANCIAL,96000,48000,0.5,101271.68,0.9295,ON_TRACK
b5126ed7-b97e-4d08-aaa4-ed60c96da658,2026-02-25,cb90e01c-ad24-4e88-a405-b3ab220b47ca,HABIT,7.2,6.9,0.9583,6.9,0.9425,ON_TRACK
da4d340d-9ebd-43f8-ad4f-c64b9ebc2b43,2026-02-26,f516d2da-0168-4498-a19a-15c553b92083,FINANCIAL,18000,28771,1.5,30984.15,0.99,ON_TRACK
61270a61-4583-498f-a1c8-dd12a487f655,2026-02-26,6e2f27d3-b0a7-41af-ae04-dd93747ab1ab,STUDY,14,2.8,0.2,4.9,0.368,AT_RISK
2c68695e-fcd2-4b57-a283-b1b9a5ef5de7,2026-02-26,942340a9-28cf-4419-a543-8fb8ad16ee20,HABIT,5,2,0.4,3.5,0.656,NEEDS_ATTENTION
32440c99-887c-4472-a525-610e90369c73,2026-02-26,f8586d7f-42a8-40bb-a2c6-46993832c939,HABIT,25,29,1.16,29,0.99,ON_TRACK
f8773783-a54c-430a-a989-f16d798b3817,2026-02-26,2d885db5-09de-4d36-abdc-c357a5253c90,FINANCIAL,96000,48000,0.5,100689.66,0.9252,ON_TRACK
8bbe9b94-b96f-4e70-a434-39fb792b493c,2026-02-26,cb90e01c-ad24-4e88-a405-b3ab220b47ca,HABIT,7.2,7.2,1,7.2,0.98,ON_TRACK
7f468284-e0ee-444e-a082-d8db3122f9e8,2026-02-27,f516d2da-0168-4498-a19a-15c553b92083,FINANCIAL,18000,28421,1.5,29473.63,0.99,ON_TRACK
8c1b2e85-fbea-43e1-a365-bef086a50c39,2026-02-27,6e2f27d3-b0a7-41af-ae04-dd93747ab1ab,STUDY,14,2.8,0.2,3.92,0.3176,AT_RISK
003c8885-ddc3-42f0-ad8f-19028577e193,2026-02-27,942340a9-28cf-4419-a543-8fb8ad16ee20,HABIT,5,3,0.6,4.2,0.7928,NEEDS_ATTENTION
28833800-7e7c-4e42-a866-ccb950c1ff1b,2026-02-27,f8586d7f-42a8-40bb-a2c6-46993832c939,HABIT,25,37,1.48,37,0.99,ON_TRACK
1169f8fa-ef85-408c-a3fb-df9e3a48c037,2026-02-27,2d885db5-09de-4d36-abdc-c357a5253c90,FINANCIAL,96000,48000,0.5,100114.29,0.9209,ON_TRACK
2cd2fa8d-8fd8-4802-a8b5-be60ede36188,2026-02-27,cb90e01c-ad24-4e88-a405-b3ab220b47ca,HABIT,7.2,6.7,0.9306,6.7,0.9175,ON_TRACK
49570e79-9e55-41f3-ab73-cb2cea420219,2026-02-28,f516d2da-0168-4498-a19a-15c553b92083,FINANCIAL,18000,28421,1.5,28421,0.99,ON_TRACK
4f01adba-3bef-4c00-a2ee-f973418be41d,2026-02-28,6e2f27d3-b0a7-41af-ae04-dd93747ab1ab,STUDY,14,2.8,0.2,3.27,0.284,AT_RISK
be9c6136-3953-4023-a08c-ebf67e74cead,2026-02-28,942340a9-28cf-4419-a543-8fb8ad16ee20,HABIT,5,3,0.6,3.5,0.692,NEEDS_ATTENTION
486fb5c2-4012-43c9-ac9b-f05d92cb79aa,2026-02-28,f8586d7f-42a8-40bb-a2c6-46993832c939,HABIT,25,0,0,0,0.08,AT_RISK
d515f8cc-0299-482f-af89-167491d4e56c,2026-02-28,2d885db5-09de-4d36-abdc-c357a5253c90,FINANCIAL,96000,48000,0.5,99545.45,0.9166,ON_TRACK
70b71807-336f-409e-a73c-1a2a0ac313a0,2026-02-28,cb90e01c-ad24-4e88-a405-b3ab220b47ca,HABIT,7.2,7.2,1,7.2,0.98,ON_TRACK
80c2b571-eac9-4f89-ad7a-956f12b58d03,2026-03-01,f516d2da-0168-4498-a19a-15c553b92083,FINANCIAL,18000,85000,1.5,2635000,0.99,ON_TRACK
eb42c939-b3fe-404d-ada6-754956a4a655,2026-03-01,6e2f27d3-b0a7-41af-ae04-dd93747ab1ab,STUDY,14,2.8,0.2,2.8,0.26,AT_RISK
8e7316d4-dc4b-471b-a145-1312750ac9fb,2026-03-01,942340a9-28cf-4419-a543-8fb8ad16ee20,HABIT,5,3,0.6,3,0.62,NEEDS_ATTENTION
353e66d3-eff5-4b8a-a705-ba3ff0480c2c,2026-03-01,f8586d7f-42a8-40bb-a2c6-46993832c939,HABIT,25,0,0,0,0.08,AT_RISK
60c0a54a-c714-4c6c-a4bd-023f6dd57791,2026-03-01,2d885db5-09de-4d36-abdc-c357a5253c90,FINANCIAL,96000,48000,0.5,98983.05,0.9124,ON_TRACK
3c6607d3-b9b3-4959-ac46-37a807ba81e8,2026-03-01,cb90e01c-ad24-4e88-a405-b3ab220b47ca,HABIT,7.2,7.3,1.0139,7.3,0.99,ON_TRACK
84025a4c-7814-4244-a7d3-21ddb537728f,2026-03-02,f516d2da-0168-4498-a19a-15c553b92083,FINANCIAL,18000,62072,1.5,962116,0.99,ON_TRACK
b568e41f-a745-4646-a09b-488fac63f0b8,2026-03-02,6e2f27d3-b0a7-41af-ae04-dd93747ab1ab,STUDY,14,0,0,0,0.08,AT_RISK
7aa6daa9-a04c-47b9-ae44-b2673ac34f4f,2026-03-02,942340a9-28cf-4419-a543-8fb8ad16ee20,HABIT,5,1,0.2,7,0.99,ON_TRACK
abd27488-4d2f-4c81-ab16-dd3f919db548,2026-03-02,f8586d7f-42a8-40bb-a2c6-46993832c939,HABIT,25,26,1.04,26,0.99,ON_TRACK
b5bc67a7-c6a2-42e1-a534-532914970763,2026-03-02,2d885db5-09de-4d36-abdc-c357a5253c90,FINANCIAL,96000,48000,0.5,98426.97,0.9082,ON_TRACK
de8761ec-d7e9-411a-a68c-d3e95fad345f,2026-03-02,cb90e01c-ad24-4e88-a405-b3ab220b47ca,HABIT,7.2,7.6,1.0556,7.6,0.99,ON_TRACK
3dc07d6d-3a8c-4ce0-ab18-2d50780bf6ea,2026-03-03,f516d2da-0168-4498-a19a-15c553b92083,FINANCIAL,18000,61388,1.5,634342.67,0.99,ON_TRACK
322798a3-c64c-47fb-acf5-68628cfc53b3,2026-03-03,6e2f27d3-b0a7-41af-ae04-dd93747ab1ab,STUDY,14,2.4,0.1714,8.4,0.5429,AT_RISK
ad01eb4f-24fb-42d0-afb8-1e86a1ad049b,2026-03-03,942340a9-28cf-4419-a543-8fb8ad16ee20,HABIT,5,2,0.4,7,0.99,ON_TRACK
2ebc5aa0-91f7-48a7-a832-03c5b7126244,2026-03-03,f8586d7f-42a8-40bb-a2c6-46993832c939,HABIT,25,33,1.32,33,0.99,ON_TRACK
cb0ab506-4a59-41e4-a542-88d37b8fe546,2026-03-03,2d885db5-09de-4d36-abdc-c357a5253c90,FINANCIAL,96000,48000,0.5,97877.09,0.9041,ON_TRACK
4450ff89-4009-421e-ac14-55fac2261d80,2026-03-03,cb90e01c-ad24-4e88-a405-b3ab220b47ca,HABIT,7.2,7.5,1.0417,7.5,0.99,ON_TRACK
210a5948-72fa-4f59-ab41-2f133fb70ea7,2026-03-04,f516d2da-0168-4498-a19a-15c553b92083,FINANCIAL,18000,60973,1.5,472540.75,0.99,ON_TRACK
d8d2b5dc-7a6e-4d72-ada9-eef0c0c02d3e,2026-03-04,6e2f27d3-b0a7-41af-ae04-dd93747ab1ab,STUDY,14,4.2,0.3,9.8,0.638,NEEDS_ATTENTION
fbfc7a30-bcae-4daf-a452-016e70f55f39,2026-03-04,942340a9-28cf-4419-a543-8fb8ad16ee20,HABIT,5,2,0.4,4.67,0.824,NEEDS_ATTENTION
084ce3c4-14ce-48f3-a3af-4ec85329a421,2026-03-04,f8586d7f-42a8-40bb-a2c6-46993832c939,HABIT,25,37,1.48,37,0.99,ON_TRACK
224b6ce7-cc3d-4dc9-af0b-ef5e6c80cf93,2026-03-04,2d885db5-09de-4d36-abdc-c357a5253c90,FINANCIAL,96000,48000,0.5,97333.33,0.9,ON_TRACK
50419c82-4871-4556-a509-1416acd36a54,2026-03-04,cb90e01c-ad24-4e88-a405-b3ab220b47ca,HABIT,7.2,6.5,0.9028,6.5,0.8925,ON_TRACK
2660210a-1e35-4564-ab7f-11c6ba3ddbe0,2026-03-05,f516d2da-0168-4498-a19a-15c553b92083,FINANCIAL,18000,56637,1.5,351149.4,0.99,ON_TRACK
baa5f1ea-98c3-4200-a2cf-39b6b83ad2a2,2026-03-05,6e2f27d3-b0a7-41af-ae04-dd93747ab1ab,STUDY,14,6.1,0.4357,10.67,0.7074,NEEDS_ATTENTION
b57bd0f6-4812-4270-a990-5c6536e978ea,2026-03-05,942340a9-28cf-4419-a543-8fb8ad16ee20,HABIT,5,3,0.6,5.25,0.944,ON_TRACK
3a38ccfe-149b-4f66-ac62-a892b67de6ee,2026-03-05,f8586d7f-42a8-40bb-a2c6-46993832c939,HABIT,25,0,0,0,0.08,AT_RISK
b029a56f-b48f-4719-a7cd-c21d5de065f0,2026-03-05,2d885db5-09de-4d36-abdc-c357a5253c90,FINANCIAL,96000,48000,0.5,96795.58,0.896,ON_TRACK
6485a75b-8777-4d23-aeff-049660abf964,2026-03-05,cb90e01c-ad24-4e88-a405-b3ab220b47ca,HABIT,7.2,6.6,0.9167,6.6,0.905,ON_TRACK
0c7b457e-436f-44a8-ac12-6b500e6dd039,2026-03-06,f516d2da-0168-4498-a19a-15c553b92083,FINANCIAL,18000,55784,1.5,288217.33,0.99,ON_TRACK
fb7ea147-6ad2-401f-a871-6286ec154812,2026-03-06,6e2f27d3-b0a7-41af-ae04-dd93747ab1ab,STUDY,14,8.5,0.6071,11.9,0.8013,NEEDS_ATTENTION
042f3efb-109a-4bb7-a075-4fe840a02b5b,2026-03-06,942340a9-28cf-4419-a543-8fb8ad16ee20,HABIT,5,3,0.6,4.2,0.7928,NEEDS_ATTENTION
c7f0c2f9-1fde-4b0b-a401-2bf6161a29fb,2026-03-06,f8586d7f-42a8-40bb-a2c6-46993832c939,HABIT,25,24,0.96,24,0.944,ON_TRACK
a53b962b-877d-4ba1-adf4-e4106fd14ece,2026-03-06,2d885db5-09de-4d36-abdc-c357a5253c90,FINANCIAL,96000,48000,0.5,96263.74,0.892,ON_TRACK
6e9bb5a0-0b15-4927-a8d5-8416fd9eaaad,2026-03-06,cb90e01c-ad24-4e88-a405-b3ab220b47ca,HABIT,7.2,7.3,1.0139,7.3,0.99,ON_TRACK
68dfc4f5-38e3-4e1f-afaf-fd7b6fdb0d43,2026-03-07,f516d2da-0168-4498-a19a-15c553b92083,FINANCIAL,18000,54437,1.5,241078.14,0.99,ON_TRACK
0da3c3d0-15b6-4df2-a8a7-d62226fa8464,2026-03-07,6e2f27d3-b0a7-41af-ae04-dd93747ab1ab,STUDY,14,8.5,0.6071,9.92,0.6993,NEEDS_ATTENTION
efc63cfa-2190-4c09-adab-eb39faf168a1,2026-03-07,942340a9-28cf-4419-a543-8fb8ad16ee20,HABIT,5,4,0.8,4.67,0.896,ON_TRACK
b1f059bd-e5f7-4eed-a1e9-25495586b1f1,2026-03-07,f8586d7f-42a8-40bb-a2c6-46993832c939,HABIT,25,40,1.5,40,0.99,ON_TRACK
b59d71a9-8584-4e96-aadd-681657e7f72e,2026-03-07,2d885db5-09de-4d36-abdc-c357a5253c90,FINANCIAL,96000,48000,0.5,95737.7,0.888,ON_TRACK
0875846d-6188-45b3-a54a-36f98e30c7fb,2026-03-07,cb90e01c-ad24-4e88-a405-b3ab220b47ca,HABIT,7.2,8,1.1111,8,0.99,ON_TRACK
a5bff100-1772-4037-a006-687d1f1ab0b7,2026-03-08,f516d2da-0168-4498-a19a-15c553b92083,FINANCIAL,18000,53317,1.5,206603.38,0.99,ON_TRACK
06ee3622-5b51-43b2-a9e1-377675dabac3,2026-03-08,6e2f27d3-b0a7-41af-ae04-dd93747ab1ab,STUDY,14,10.2,0.7286,10.2,0.7357,NEEDS_ATTENTION
082dcd92-29db-4ecd-a23b-22bbc2bf0f2c,2026-03-08,942340a9-28cf-4419-a543-8fb8ad16ee20,HABIT,5,4,0.8,4,0.8,NEEDS_ATTENTION
d76fb397-cb48-44b1-af51-ab8f5d8a7b72,2026-03-08,f8586d7f-42a8-40bb-a2c6-46993832c939,HABIT,25,24,0.96,24,0.944,ON_TRACK
5452c3e7-96e4-45ea-a1c9-726ee42f8f45,2026-03-08,2d885db5-09de-4d36-abdc-c357a5253c90,FINANCIAL,96000,48000,0.5,95217.39,0.8841,ON_TRACK
6b67e359-ff93-4e5a-aadd-b6096f776240,2026-03-08,cb90e01c-ad24-4e88-a405-b3ab220b47ca,HABIT,7.2,7.5,1.0417,7.5,0.99,ON_TRACK
f2086e5f-6750-4f75-a0a0-c876991a32b5,2026-03-09,f516d2da-0168-4498-a19a-15c553b92083,FINANCIAL,18000,52045,1.5,179266.11,0.99,ON_TRACK
c6c6f97c-93eb-4b65-ad08-626b7b6bc7fe,2026-03-09,6e2f27d3-b0a7-41af-ae04-dd93747ab1ab,STUDY,14,1,0.0714,7,0.4529,AT_RISK
9ee392f8-0c12-4961-a3c3-e57f67b7788c,2026-03-09,942340a9-28cf-4419-a543-8fb8ad16ee20,HABIT,5,1,0.2,7,0.99,ON_TRACK
a6f65397-bc3b-4397-a3aa-dd10f544622d,2026-03-09,f8586d7f-42a8-40bb-a2c6-46993832c939,HABIT,25,26,1.04,26,0.99,ON_TRACK
b2d5b66a-a6d4-421c-a561-b784f0e41e45,2026-03-09,2d885db5-09de-4d36-abdc-c357a5253c90,FINANCIAL,96000,48000,0.5,94702.7,0.8803,ON_TRACK
4a0fd5c7-ef33-4d2d-aad5-f752907a1ca8,2026-03-09,cb90e01c-ad24-4e88-a405-b3ab220b47ca,HABIT,7.2,6.8,0.9444,6.8,0.93,ON_TRACK
08caba7b-6b7b-4ddd-a0ee-eb7e9a01cd91,2026-03-10,f516d2da-0168-4498-a19a-15c553b92083,FINANCIAL,18000,43039,1.5,133420.9,0.99,ON_TRACK
247d7197-d621-4a8d-a07b-4b8afd6f5ceb,2026-03-10,6e2f27d3-b0a7-41af-ae04-dd93747ab1ab,STUDY,14,2.6,0.1857,9.1,0.5814,AT_RISK
9c0864ef-cae4-4ee9-a3bf-6693670325ab,2026-03-10,942340a9-28cf-4419-a543-8fb8ad16ee20,HABIT,5,1,0.2,3.5,0.62,NEEDS_ATTENTION
add89d48-1f13-4069-af46-68008faea3b8,2026-03-10,f8586d7f-42a8-40bb-a2c6-46993832c939,HABIT,25,36,1.44,36,0.99,ON_TRACK
83b3a25a-e261-40f3-a43b-e32bf1789626,2026-03-10,2d885db5-09de-4d36-abdc-c357a5253c90,FINANCIAL,96000,56000,0.5833,109892.47,0.99,ON_TRACK
85da6dc4-a9f3-44ed-a453-cbdd686addbb,2026-03-10,cb90e01c-ad24-4e88-a405-b3ab220b47ca,HABIT,7.2,6.7,0.9306,6.7,0.9175,ON_TRACK
47b00112-2cb3-4304-a0c8-491ef7e46dd4,2026-03-11,f516d2da-0168-4498-a19a-15c553b92083,FINANCIAL,18000,43039,1.5,121291.73,0.99,ON_TRACK
caf4d744-bfac-462d-a8bb-04e350578d38,2026-03-11,6e2f27d3-b0a7-41af-ae04-dd93747ab1ab,STUDY,14,4.1,0.2929,9.57,0.6247,NEEDS_ATTENTION
c92d3495-30ec-4210-acd5-83f4286c17b3,2026-03-11,942340a9-28cf-4419-a543-8fb8ad16ee20,HABIT,5,1,0.2,2.33,0.452,AT_RISK
ea8a91a8-41ae-4366-ac3e-4cc7001212bc,2026-03-11,f8586d7f-42a8-40bb-a2c6-46993832c939,HABIT,25,43,1.5,43,0.99,ON_TRACK
5dcf2cff-5280-4ca3-a462-334321da790b,2026-03-11,2d885db5-09de-4d36-abdc-c357a5253c90,FINANCIAL,96000,56000,0.5833,109304.81,0.99,ON_TRACK
d3127b99-447a-4ebc-a303-77bd3cbf0453,2026-03-11,cb90e01c-ad24-4e88-a405-b3ab220b47ca,HABIT,7.2,7.7,1.0694,7.7,0.99,ON_TRACK
efb9c409-db1f-486e-a168-cb07e8a26154,2026-03-12,f516d2da-0168-4498-a19a-15c553b92083,FINANCIAL,18000,42020,1.5,108551.67,0.99,ON_TRACK
799788ff-f2b1-4608-aefb-a967e9b6ae53,2026-03-12,6e2f27d3-b0a7-41af-ae04-dd93747ab1ab,STUDY,14,6.3,0.45,11.03,0.728,NEEDS_ATTENTION
1cdc9621-beb9-4726-a3e6-47ed7b5e274f,2026-03-12,942340a9-28cf-4419-a543-8fb8ad16ee20,HABIT,5,2,0.4,3.5,0.656,NEEDS_ATTENTION
58f5f076-3cd2-40c2-a577-482dcbedda34,2026-03-12,f8586d7f-42a8-40bb-a2c6-46993832c939,HABIT,25,33,1.32,33,0.99,ON_TRACK
4bdc373d-6df5-4f45-a345-a705f88fb1ba,2026-03-12,2d885db5-09de-4d36-abdc-c357a5253c90,FINANCIAL,96000,56000,0.5833,108723.4,0.99,ON_TRACK
44f330ac-6851-4358-a7e7-ce16d7436edc,2026-03-12,cb90e01c-ad24-4e88-a405-b3ab220b47ca,HABIT,7.2,7,0.9722,7,0.955,ON_TRACK
af051bff-4245-42c0-a8d8-30a9562e145b,2026-03-13,f516d2da-0168-4498-a19a-15c553b92083,FINANCIAL,18000,41095,1.5,97995.77,0.99,ON_TRACK
bad45942-a0e5-4bd0-a52d-feef39048bbc,2026-03-13,6e2f27d3-b0a7-41af-ae04-dd93747ab1ab,STUDY,14,9.3,0.6643,13.02,0.8692,ON_TRACK
48cc313e-a7f8-440d-a65f-af67431ae134,2026-03-13,942340a9-28cf-4419-a543-8fb8ad16ee20,HABIT,5,3,0.6,4.2,0.7928,NEEDS_ATTENTION
14675694-d9fc-42b2-a979-e05bf4e845e0,2026-03-13,f8586d7f-42a8-40bb-a2c6-46993832c939,HABIT,25,40,1.5,40,0.99,ON_TRACK
93b235f4-5409-48d7-a763-52dd032e5e27,2026-03-13,2d885db5-09de-4d36-abdc-c357a5253c90,FINANCIAL,96000,56000,0.5833,108148.15,0.99,ON_TRACK
5731c518-58a3-43fd-a384-a9e068a80826,2026-03-13,cb90e01c-ad24-4e88-a405-b3ab220b47ca,HABIT,7.2,6.8,0.9444,6.8,0.93,ON_TRACK
02646948-8162-44f2-a608-a5f39a4562d6,2026-03-14,f516d2da-0168-4498-a19a-15c553b92083,FINANCIAL,18000,41095,1.5,90996.07,0.99,ON_TRACK
30793cab-6a55-482c-ac5c-eb3f8e7b1f27,2026-03-14,6e2f27d3-b0a7-41af-ae04-dd93747ab1ab,STUDY,14,9.3,0.6643,10.85,0.7576,NEEDS_ATTENTION
28669123-3dba-4737-a358-042ba56203a9,2026-03-14,942340a9-28cf-4419-a543-8fb8ad16ee20,HABIT,5,3,0.6,3.5,0.692,NEEDS_ATTENTION
837a61ad-8b05-4e77-a5d3-a593efb4f019,2026-03-14,f8586d7f-42a8-40bb-a2c6-46993832c939,HABIT,25,34,1.36,34,0.99,ON_TRACK
89c21db5-3fc3-4e02-acf7-a16345a81532,2026-03-14,2d885db5-09de-4d36-abdc-c357a5253c90,FINANCIAL,96000,56000,0.5833,107578.95,0.99,ON_TRACK
9711ffaa-2924-4b08-aba4-832bfbd139b5,2026-03-14,cb90e01c-ad24-4e88-a405-b3ab220b47ca,HABIT,7.2,7.7,1.0694,7.7,0.99,ON_TRACK
1da998cf-0ea2-465f-ad70-000d4634e5f8,2026-03-15,f516d2da-0168-4498-a19a-15c553b92083,FINANCIAL,18000,40630,1.5,83968.67,0.99,ON_TRACK
7beb0016-cf0c-45f4-a509-60b086076be9,2026-03-15,6e2f27d3-b0a7-41af-ae04-dd93747ab1ab,STUDY,14,10.8,0.7714,10.8,0.7743,NEEDS_ATTENTION
e22c843d-8e67-4c8b-a701-5853aec25266,2026-03-15,942340a9-28cf-4419-a543-8fb8ad16ee20,HABIT,5,3,0.6,3,0.62,NEEDS_ATTENTION
845727fa-39ec-40e6-ad2d-ce3d60a29481,2026-03-15,f8586d7f-42a8-40bb-a2c6-46993832c939,HABIT,25,0,0,0,0.08,AT_RISK
fdb744a0-6450-4640-abf5-cc2cd6842c2f,2026-03-15,2d885db5-09de-4d36-abdc-c357a5253c90,FINANCIAL,96000,56000,0.5833,107015.71,0.9876,ON_TRACK
78ac3b5d-3ec0-4a45-ada0-8b59368d9fdb,2026-03-15,cb90e01c-ad24-4e88-a405-b3ab220b47ca,HABIT,7.2,7.1,0.9861,7.1,0.9675,ON_TRACK
183fc21e-18f3-4443-a986-4c35219c7e9e,2026-03-16,f516d2da-0168-4498-a19a-15c553b92083,FINANCIAL,18000,39444,1.5,76422.75,0.99,ON_TRACK
9132f2d3-f72d-4b12-aec0-35094b951af8,2026-03-16,6e2f27d3-b0a7-41af-ae04-dd93747ab1ab,STUDY,14,2.3,0.1643,16.1,0.9376,ON_TRACK
df6f98fc-43de-4165-aa48-67d0951e7d88,2026-03-16,942340a9-28cf-4419-a543-8fb8ad16ee20,HABIT,5,0,0,0,0.08,AT_RISK
6ae22c69-3029-45fe-a096-ed44aa555061,2026-03-16,f8586d7f-42a8-40bb-a2c6-46993832c939,HABIT,25,0,0,0,0.08,AT_RISK
79c918f9-a66c-4d0a-a5ef-4623f81ff759,2026-03-16,2d885db5-09de-4d36-abdc-c357a5253c90,FINANCIAL,96000,56000,0.5833,106458.33,0.9834,ON_TRACK
3fe89f7e-bed7-470d-a4a9-cf6128bc06e4,2026-03-16,cb90e01c-ad24-4e88-a405-b3ab220b47ca,HABIT,7.2,7.2,1,7.2,0.98,ON_TRACK
20023065-8b39-4500-a604-7960a0e748a9,2026-03-17,f516d2da-0168-4498-a19a-15c553b92083,FINANCIAL,18000,39316,1.5,71693.88,0.99,ON_TRACK
90560039-21c3-42ad-a818-0f5c9832b933,2026-03-17,6e2f27d3-b0a7-41af-ae04-dd93747ab1ab,STUDY,14,4.9,0.35,17.15,0.99,ON_TRACK
4fd1049b-021f-439e-a188-2225b7c0cf63,2026-03-17,942340a9-28cf-4419-a543-8fb8ad16ee20,HABIT,5,1,0.2,3.5,0.62,NEEDS_ATTENTION
9210524f-4ddc-45ed-a358-d3cc5319191c,2026-03-17,f8586d7f-42a8-40bb-a2c6-46993832c939,HABIT,25,40,1.5,40,0.99,ON_TRACK
41d2484d-6f59-4cbd-adbf-d8b94f4c7e31,2026-03-17,2d885db5-09de-4d36-abdc-c357a5253c90,FINANCIAL,96000,56000,0.5833,105906.74,0.9793,ON_TRACK
7eef1762-4962-404f-ad7c-9239fc5b65f0,2026-03-17,cb90e01c-ad24-4e88-a405-b3ab220b47ca,HABIT,7.2,7,0.9722,7,0.955,ON_TRACK
f75f8cf3-f69d-4b97-afea-545dd851c0e1,2026-03-18,f516d2da-0168-4498-a19a-15c553b92083,FINANCIAL,18000,47324,1.5,81502.44,0.99,ON_TRACK
86eea9ea-b2c6-4d0f-a94c-76692491d667,2026-03-18,6e2f27d3-b0a7-41af-ae04-dd93747ab1ab,STUDY,14,7.4,0.5286,17.27,0.99,ON_TRACK
c8fdc9de-9a32-44b6-ae1f-e098d5a7bc6e,2026-03-18,942340a9-28cf-4419-a543-8fb8ad16ee20,HABIT,5,1,0.2,2.33,0.452,AT_RISK
03260baf-e742-4ce9-a826-94c1054ff77e,2026-03-18,f8586d7f-42a8-40bb-a2c6-46993832c939,HABIT,25,23,0.92,23,0.908,ON_TRACK
67ec350f-7f7e-41ab-af10-aa066886ae3d,2026-03-18,2d885db5-09de-4d36-abdc-c357a5253c90,FINANCIAL,96000,56000,0.5833,105360.82,0.9752,ON_TRACK
1b84ffeb-be57-44f9-aafc-05ca0a631e0e,2026-03-18,cb90e01c-ad24-4e88-a405-b3ab220b47ca,HABIT,7.2,7.3,1.0139,7.3,0.99,ON_TRACK
cd6938fe-09fc-46c8-a6fc-67f0db3c0822,2026-03-19,f516d2da-0168-4498-a19a-15c553b92083,FINANCIAL,18000,46307,1.5,75553.53,0.99,ON_TRACK
f2eebce4-5073-47f8-a252-33fba3c21661,2026-03-19,6e2f27d3-b0a7-41af-ae04-dd93747ab1ab,STUDY,14,7.4,0.5286,12.95,0.8411,NEEDS_ATTENTION
a20f3e1c-abff-4a2f-aa87-8cac42ad07cb,2026-03-19,942340a9-28cf-4419-a543-8fb8ad16ee20,HABIT,5,2,0.4,3.5,0.656,NEEDS_ATTENTION
2a038715-7789-4895-aa83-9c189b1ad361,2026-03-19,f8586d7f-42a8-40bb-a2c6-46993832c939,HABIT,25,0,0,0,0.08,AT_RISK
be38ff21-1e0d-4cdf-ad5b-d6984d3b2200,2026-03-19,2d885db5-09de-4d36-abdc-c357a5253c90,FINANCIAL,96000,56000,0.5833,104820.51,0.9712,ON_TRACK
8952fe02-c244-416f-a886-f697a60ecc29,2026-03-19,cb90e01c-ad24-4e88-a405-b3ab220b47ca,HABIT,7.2,7.1,0.9861,7.1,0.9675,ON_TRACK
acea4bab-e6e0-4850-a0bd-17e7be70bf48,2026-03-20,f516d2da-0168-4498-a19a-15c553b92083,FINANCIAL,18000,44973,1.5,69708.15,0.99,ON_TRACK
a50d7b41-81e3-4d45-a514-709fd37c8245,2026-03-20,6e2f27d3-b0a7-41af-ae04-dd93747ab1ab,STUDY,14,9.2,0.6571,12.88,0.8607,ON_TRACK
fee810df-d824-4658-a69e-fafc1c64c5b2,2026-03-20,942340a9-28cf-4419-a543-8fb8ad16ee20,HABIT,5,2,0.4,2.8,0.5552,AT_RISK
fe8fadad-ea92-4144-acdd-775bf12c51fa,2026-03-20,f8586d7f-42a8-40bb-a2c6-46993832c939,HABIT,25,34,1.36,34,0.99,ON_TRACK
2f41e436-744b-4acc-a683-43f13481dd2e,2026-03-20,2d885db5-09de-4d36-abdc-c357a5253c90,FINANCIAL,96000,56000,0.5833,104285.71,0.9671,ON_TRACK
67476608-4f67-4eb7-a6f3-845fbd08cba8,2026-03-20,cb90e01c-ad24-4e88-a405-b3ab220b47ca,HABIT,7.2,6.7,0.9306,6.7,0.9175,ON_TRACK
a67a6c9a-9010-43e2-a5cf-7a9215753386,2026-03-21,f516d2da-0168-4498-a19a-15c553b92083,FINANCIAL,18000,44122,1.5,65132.48,0.99,ON_TRACK
4c48f775-29b4-4934-add8-2d109ea022ec,2026-03-21,6e2f27d3-b0a7-41af-ae04-dd93747ab1ab,STUDY,14,9.2,0.6571,10.73,0.7503,NEEDS_ATTENTION
e5375fef-93c2-4045-a4c2-442acaf2d42c,2026-03-21,942340a9-28cf-4419-a543-8fb8ad16ee20,HABIT,5,3,0.6,3.5,0.692,NEEDS_ATTENTION
87530b99-28b5-47d7-a52b-666684130fbe,2026-03-21,f8586d7f-42a8-40bb-a2c6-46993832c939,HABIT,25,32,1.28,32,0.99,ON_TRACK
5a007b51-05a0-4428-ac03-26d6ac30b1c2,2026-03-21,2d885db5-09de-4d36-abdc-c357a5253c90,FINANCIAL,96000,56000,0.5833,103756.35,0.9632,ON_TRACK
b1ec472d-b07a-4a61-ae3e-f38605f7713e,2026-03-21,cb90e01c-ad24-4e88-a405-b3ab220b47ca,HABIT,7.2,7.9,1.0972,7.9,0.99,ON_TRACK
5e9340d8-7f8e-4e49-a09c-c5a6651f885e,2026-03-22,f516d2da-0168-4498-a19a-15c553b92083,FINANCIAL,18000,44122,1.5,62171.91,0.99,ON_TRACK
57808007-5c6b-44e5-aa9f-a185627ac76b,2026-03-22,6e2f27d3-b0a7-41af-ae04-dd93747ab1ab,STUDY,14,12.3,0.8786,12.3,0.8707,ON_TRACK
49f3c1bd-1b2a-4143-a798-114e13964231,2026-03-22,942340a9-28cf-4419-a543-8fb8ad16ee20,HABIT,5,3,0.6,3,0.62,NEEDS_ATTENTION
ea55bd61-b06b-4535-a183-42ad527533ca,2026-03-22,f8586d7f-42a8-40bb-a2c6-46993832c939,HABIT,25,44,1.5,44,0.99,ON_TRACK
17ea0e91-3f64-4bd7-a082-4275dcd5726b,2026-03-22,2d885db5-09de-4d36-abdc-c357a5253c90,FINANCIAL,96000,56000,0.5833,103232.32,0.9592,ON_TRACK
fb1d946b-4b60-4319-ace8-b798e0c22bbb,2026-03-22,cb90e01c-ad24-4e88-a405-b3ab220b47ca,HABIT,7.2,7.9,1.0972,7.9,0.99,ON_TRACK
b0a787ea-db76-4bfd-abcf-264a9d20e62b,2026-03-23,f516d2da-0168-4498-a19a-15c553b92083,FINANCIAL,18000,42942,1.5,57878.35,0.99,ON_TRACK
7cd81dd7-08b5-4b6f-a2c0-dc6743b8529b,2026-03-23,6e2f27d3-b0a7-41af-ae04-dd93747ab1ab,STUDY,14,2.9,0.2071,20.3,0.99,ON_TRACK
c25da0a3-546f-4636-a139-fc9a1448ac51,2026-03-23,942340a9-28cf-4419-a543-8fb8ad16ee20,HABIT,5,1,0.2,7,0.99,ON_TRACK
756ae6c9-5b56-4a57-aa5f-63ae101bdebd,2026-03-23,f8586d7f-42a8-40bb-a2c6-46993832c939,HABIT,25,35,1.4,35,0.99,ON_TRACK
4a39fcfd-d462-4ea4-aea7-ece4eabc0f24,2026-03-23,2d885db5-09de-4d36-abdc-c357a5253c90,FINANCIAL,96000,56000,0.5833,102713.57,0.9554,ON_TRACK
4045e1be-665f-4876-a4e4-000428605743,2026-03-23,cb90e01c-ad24-4e88-a405-b3ab220b47ca,HABIT,7.2,6.6,0.9167,6.6,0.905,ON_TRACK
f613995b-fc68-473c-a91f-22f592c3641c,2026-03-24,f516d2da-0168-4498-a19a-15c553b92083,FINANCIAL,18000,42848,1.5,55345.33,0.99,ON_TRACK
7a1b077e-2862-49b2-aaca-0bf4a1962612,2026-03-24,6e2f27d3-b0a7-41af-ae04-dd93747ab1ab,STUDY,14,4.9,0.35,17.15,0.99,ON_TRACK
56562863-1096-4de9-a730-c40de7664ca8,2026-03-24,942340a9-28cf-4419-a543-8fb8ad16ee20,HABIT,5,2,0.4,7,0.99,ON_TRACK
03e9b875-39e1-43ce-acc1-4ff44c09b84e,2026-03-24,f8586d7f-42a8-40bb-a2c6-46993832c939,HABIT,25,27,1.08,27,0.99,ON_TRACK
f8901d2c-89a1-42fa-a4f6-4713b9de498d,2026-03-24,2d885db5-09de-4d36-abdc-c357a5253c90,FINANCIAL,96000,56000,0.5833,102200,0.9515,ON_TRACK
a6e9b42e-3591-4e3f-a51f-1f8cc58415a6,2026-03-24,cb90e01c-ad24-4e88-a405-b3ab220b47ca,HABIT,7.2,7.1,0.9861,7.1,0.9675,ON_TRACK
ea3516ab-1895-4377-a644-a6e88a7af7cb,2026-03-25,f516d2da-0168-4498-a19a-15c553b92083,FINANCIAL,18000,42601,1.5,52825.24,0.99,ON_TRACK
8c6c9c46-9e3b-4b83-a22f-9739be87620c,2026-03-25,6e2f27d3-b0a7-41af-ae04-dd93747ab1ab,STUDY,14,8,0.5714,18.67,0.99,ON_TRACK
1a13a9ff-76b0-4e52-a172-1a626493c826,2026-03-25,942340a9-28cf-4419-a543-8fb8ad16ee20,HABIT,5,2,0.4,4.67,0.824,NEEDS_ATTENTION
24aebcfc-a3f7-46c0-ac9e-146034029533,2026-03-25,f8586d7f-42a8-40bb-a2c6-46993832c939,HABIT,25,28,1.12,28,0.99,ON_TRACK
fd517313-fdd8-4f4a-ab15-e4a95fda5641,2026-03-25,2d885db5-09de-4d36-abdc-c357a5253c90,FINANCIAL,96000,56000,0.5833,101691.54,0.9477,ON_TRACK
8692bd6c-8420-44d7-a6e5-6a8629252573,2026-03-25,cb90e01c-ad24-4e88-a405-b3ab220b47ca,HABIT,7.2,7.5,1.0417,7.5,0.99,ON_TRACK
215f73de-a458-4c95-a876-bd77eb665831,2026-03-26,f516d2da-0168-4498-a19a-15c553b92083,FINANCIAL,18000,40625,1.5,48437.5,0.99,ON_TRACK
0d07a7ea-4e50-4d94-a23b-7107f4071b47,2026-03-26,6e2f27d3-b0a7-41af-ae04-dd93747ab1ab,STUDY,14,8,0.5714,14,0.9029,ON_TRACK
8cdb5668-2916-4790-ae45-b7872df8eed6,2026-03-26,942340a9-28cf-4419-a543-8fb8ad16ee20,HABIT,5,2,0.4,3.5,0.656,NEEDS_ATTENTION
0c487c40-eb78-4a37-ac9b-b0bfb66ae418,2026-03-26,f8586d7f-42a8-40bb-a2c6-46993832c939,HABIT,25,44,1.5,44,0.99,ON_TRACK
778e1b39-78d5-4200-a9d6-1e7e2d0a20a7,2026-03-26,2d885db5-09de-4d36-abdc-c357a5253c90,FINANCIAL,96000,56000,0.5833,101188.12,0.9439,ON_TRACK
34de53f7-a89c-45f7-aed5-2ce8c19dc36e,2026-03-26,cb90e01c-ad24-4e88-a405-b3ab220b47ca,HABIT,7.2,6.7,0.9306,6.7,0.9175,ON_TRACK
ea104983-8815-4948-a96c-830d4b4a1424,2026-03-27,f516d2da-0168-4498-a19a-15c553b92083,FINANCIAL,18000,40231,1.5,46191.15,0.99,ON_TRACK
976f561f-cb39-4fec-a79a-3fafe9d07d50,2026-03-27,6e2f27d3-b0a7-41af-ae04-dd93747ab1ab,STUDY,14,8,0.5714,11.2,0.7589,NEEDS_ATTENTION
6fc75151-a555-424f-a292-d18917bdcf82,2026-03-27,942340a9-28cf-4419-a543-8fb8ad16ee20,HABIT,5,3,0.6,4.2,0.7928,NEEDS_ATTENTION
1221372a-ccb3-49d4-a320-1ab17b83676f,2026-03-27,f8586d7f-42a8-40bb-a2c6-46993832c939,HABIT,25,38,1.5,38,0.99,ON_TRACK
727a6bf6-14c2-44dc-a16d-9cff8e05d4e7,2026-03-27,2d885db5-09de-4d36-abdc-c357a5253c90,FINANCIAL,96000,56000,0.5833,100689.66,0.9402,ON_TRACK
30217aab-f351-4953-a988-34b2b7982486,2026-03-27,cb90e01c-ad24-4e88-a405-b3ab220b47ca,HABIT,7.2,7.5,1.0417,7.5,0.99,ON_TRACK
f8dc322e-1ae1-4754-a179-60c5cc7adcad,2026-03-28,f516d2da-0168-4498-a19a-15c553b92083,FINANCIAL,18000,40231,1.5,44541.46,0.99,ON_TRACK
2436614f-5085-4bc4-abc5-6108ee88566c,2026-03-28,6e2f27d3-b0a7-41af-ae04-dd93747ab1ab,STUDY,14,8,0.5714,9.33,0.6629,NEEDS_ATTENTION
41fe8972-9ced-41af-af5f-d7563cb4211f,2026-03-28,942340a9-28cf-4419-a543-8fb8ad16ee20,HABIT,5,4,0.8,4.67,0.896,ON_TRACK
bfc7ce65-7839-4689-a993-d73a882db129,2026-03-28,f8586d7f-42a8-40bb-a2c6-46993832c939,HABIT,25,41,1.5,41,0.99,ON_TRACK
71812d46-e630-4474-a670-ec45079d5477,2026-03-28,2d885db5-09de-4d36-abdc-c357a5253c90,FINANCIAL,96000,56000,0.5833,100196.08,0.9365,ON_TRACK
11c9cac6-3179-4c8b-aad5-70438e824fe2,2026-03-28,cb90e01c-ad24-4e88-a405-b3ab220b47ca,HABIT,7.2,7.8,1.0833,7.8,0.99,ON_TRACK
ae9311ee-8c5f-473f-ab38-31cf0b6dfecd,2026-03-29,f516d2da-0168-4498-a19a-15c553b92083,FINANCIAL,18000,39298,1.5,42008.21,0.99,ON_TRACK
c8ac4f26-8bd8-4024-a04b-ccf6f31fe25b,2026-03-29,6e2f27d3-b0a7-41af-ae04-dd93747ab1ab,STUDY,14,10,0.7143,10,0.7229,NEEDS_ATTENTION
66ce9bb0-b6bb-4948-a9c9-eb44e656b93f,2026-03-29,942340a9-28cf-4419-a543-8fb8ad16ee20,HABIT,5,4,0.8,4,0.8,NEEDS_ATTENTION
093ba62b-d6d4-4222-a6a7-d7a8ba8d3de4,2026-03-29,f8586d7f-42a8-40bb-a2c6-46993832c939,HABIT,25,25,1,25,0.98,ON_TRACK
188f7386-a759-4db9-a376-609cc477abbf,2026-03-29,2d885db5-09de-4d36-abdc-c357a5253c90,FINANCIAL,96000,56000,0.5833,99707.32,0.9328,ON_TRACK
acda8f3b-043d-492d-afea-a8171154dd7d,2026-03-29,cb90e01c-ad24-4e88-a405-b3ab220b47ca,HABIT,7.2,7.6,1.0556,7.6,0.99,ON_TRACK
c7142530-7e9a-4eae-a599-d7ab6027476c,2026-03-30,f516d2da-0168-4498-a19a-15c553b92083,FINANCIAL,18000,38915,1.5,40212.17,0.99,ON_TRACK
70eabc7b-a052-444b-a4f7-24fdd8bdde27,2026-03-30,6e2f27d3-b0a7-41af-ae04-dd93747ab1ab,STUDY,14,0,0,0,0.08,AT_RISK
6a3299e5-b904-4ba3-a40a-e4cee80cee3e,2026-03-30,942340a9-28cf-4419-a543-8fb8ad16ee20,HABIT,5,1,0.2,7,0.99,ON_TRACK
2c31f608-6d3f-4a33-ac05-f2cd29b1f9de,2026-03-30,f8586d7f-42a8-40bb-a2c6-46993832c939,HABIT,25,0,0,0,0.08,AT_RISK
5cd20bce-b4c0-4ace-a299-ec3ecf3f9d27,2026-03-30,2d885db5-09de-4d36-abdc-c357a5253c90,FINANCIAL,96000,56000,0.5833,99223.3,0.9292,ON_TRACK
775af3a5-57e2-4662-a0a7-44e4daf45102,2026-03-30,cb90e01c-ad24-4e88-a405-b3ab220b47ca,HABIT,7.2,6.9,0.9583,6.9,0.9425,ON_TRACK
29992311-f816-4f5d-ac9a-6cc335243344,2026-03-31,f516d2da-0168-4498-a19a-15c553b92083,FINANCIAL,18000,38513,1.5,38513,0.99,ON_TRACK
dda5f863-fe04-4e40-ac64-6dd4e39efddc,2026-03-31,6e2f27d3-b0a7-41af-ae04-dd93747ab1ab,STUDY,14,2.4,0.1714,8.4,0.5429,AT_RISK
c7cd2bac-b960-40ba-a3d8-f082ab3afb7c,2026-03-31,942340a9-28cf-4419-a543-8fb8ad16ee20,HABIT,5,2,0.4,7,0.99,ON_TRACK
49ec3a88-09c6-4413-a0ae-5a61c835a538,2026-03-31,f8586d7f-42a8-40bb-a2c6-46993832c939,HABIT,25,26,1.04,26,0.99,ON_TRACK
71082f49-bbd6-4d92-afe2-60ed779cf1e2,2026-03-31,2d885db5-09de-4d36-abdc-c357a5253c90,FINANCIAL,96000,56000,0.5833,98743.96,0.9256,ON_TRACK
8187eb2c-45a1-4f72-a8f6-76a854c6327a,2026-03-31,cb90e01c-ad24-4e88-a405-b3ab220b47ca,HABIT,7.2,7.4,1.0278,7.4,0.99,ON_TRACK
144da508-63e7-4cbe-a68c-5b06883340df,2026-04-01,f516d2da-0168-4498-a19a-15c553b92083,FINANCIAL,18000,87853,1.5,2635590,0.99,ON_TRACK
82b5f6fc-b52b-4d11-a304-b2f255824b2e,2026-04-01,6e2f27d3-b0a7-41af-ae04-dd93747ab1ab,STUDY,14,5.4,0.3857,12.6,0.7974,NEEDS_ATTENTION
9df67af3-703b-44ca-ae26-3572b92fa7cf,2026-04-01,942340a9-28cf-4419-a543-8fb8ad16ee20,HABIT,5,2,0.4,4.67,0.824,NEEDS_ATTENTION
fe7a703d-8cb2-4def-a401-a1a27bccbdc1,2026-04-01,f8586d7f-42a8-40bb-a2c6-46993832c939,HABIT,25,0,0,0,0.08,AT_RISK
45466bec-eadd-421f-abb0-c7472682d05e,2026-04-01,2d885db5-09de-4d36-abdc-c357a5253c90,FINANCIAL,96000,56000,0.5833,98269.23,0.922,ON_TRACK
8950f2dc-c04c-4296-a568-9e4d286b40c9,2026-04-01,cb90e01c-ad24-4e88-a405-b3ab220b47ca,HABIT,7.2,6.5,0.9028,6.5,0.8925,ON_TRACK
e75a77ba-9779-4425-a718-4cb70d8603c2,2026-04-02,f516d2da-0168-4498-a19a-15c553b92083,FINANCIAL,18000,65624,1.5,984360,0.99,ON_TRACK
7f9be731-7717-4cc8-a961-095d58f47927,2026-04-02,6e2f27d3-b0a7-41af-ae04-dd93747ab1ab,STUDY,14,6.7,0.4786,11.72,0.7691,NEEDS_ATTENTION
e3ff83a6-aab9-4250-a571-8d11985e62a5,2026-04-02,942340a9-28cf-4419-a543-8fb8ad16ee20,HABIT,5,3,0.6,5.25,0.944,ON_TRACK
76980fd9-d77b-46c0-ad18-f320a87ad28f,2026-04-02,f8586d7f-42a8-40bb-a2c6-46993832c939,HABIT,25,33,1.32,33,0.99,ON_TRACK
9305e9a4-732b-4da6-ae71-fbd0cdd74cfc,2026-04-02,2d885db5-09de-4d36-abdc-c357a5253c90,FINANCIAL,96000,56000,0.5833,97799.04,0.9185,ON_TRACK
f6ba69f3-7be3-4327-a477-bf670d9f32f4,2026-04-02,cb90e01c-ad24-4e88-a405-b3ab220b47ca,HABIT,7.2,7,0.9722,7,0.955,ON_TRACK
c64388d0-0d36-4652-a548-190763dec025,2026-04-03,f516d2da-0168-4498-a19a-15c553b92083,FINANCIAL,18000,64365,1.5,643650,0.99,ON_TRACK
6ec3b747-f05b-4a13-a1c7-1fc96112b826,2026-04-03,6e2f27d3-b0a7-41af-ae04-dd93747ab1ab,STUDY,14,8.5,0.6071,11.9,0.8013,NEEDS_ATTENTION
60010421-035c-47ab-abfe-a6b9dcecf171,2026-04-03,942340a9-28cf-4419-a543-8fb8ad16ee20,HABIT,5,3,0.6,4.2,0.7928,NEEDS_ATTENTION
008f4b83-e023-4e35-a7fe-26a7ce543423,2026-04-03,f8586d7f-42a8-40bb-a2c6-46993832c939,HABIT,25,34,1.36,34,0.99,ON_TRACK
7ec90d20-a7d7-445f-a738-165669807ed0,2026-04-03,2d885db5-09de-4d36-abdc-c357a5253c90,FINANCIAL,96000,56000,0.5833,97333.33,0.915,ON_TRACK
b713c0c2-d4e6-424b-a22b-b50e102b37ee,2026-04-03,cb90e01c-ad24-4e88-a405-b3ab220b47ca,HABIT,7.2,7.6,1.0556,7.6,0.99,ON_TRACK
2fd6ba61-8adc-412d-a195-8ea28ddcf9ec,2026-04-04,f516d2da-0168-4498-a19a-15c553b92083,FINANCIAL,18000,60636,1.5,454770,0.99,ON_TRACK
b6deb273-287f-4d8d-aed1-62a4c5a1da65,2026-04-04,6e2f27d3-b0a7-41af-ae04-dd93747ab1ab,STUDY,14,8.5,0.6071,9.92,0.6993,NEEDS_ATTENTION
a9fc6962-28ae-4e1c-afbf-2c13908afce7,2026-04-04,942340a9-28cf-4419-a543-8fb8ad16ee20,HABIT,5,4,0.8,4.67,0.896,ON_TRACK
46bccf0e-986f-42c8-a40b-ef2ade823f7b,2026-04-04,f8586d7f-42a8-40bb-a2c6-46993832c939,HABIT,25,33,1.32,33,0.99,ON_TRACK
f3fdb1c7-8c65-4f09-a0c6-18e6213ab953,2026-04-04,2d885db5-09de-4d36-abdc-c357a5253c90,FINANCIAL,96000,56000,0.5833,96872.04,0.9115,ON_TRACK
f5e1786d-d613-413f-a8e2-52844aa36192,2026-04-04,cb90e01c-ad24-4e88-a405-b3ab220b47ca,HABIT,7.2,7.1,0.9861,7.1,0.9675,ON_TRACK
0d3ba1b7-429a-47d6-ab28-a081a128cd8e,2026-04-05,f516d2da-0168-4498-a19a-15c553b92083,FINANCIAL,18000,56448,1.5,338688,0.99,ON_TRACK
2bd751ad-8ed5-4eca-ac5b-d6a40fc77107,2026-04-05,6e2f27d3-b0a7-41af-ae04-dd93747ab1ab,STUDY,14,8.5,0.6071,8.5,0.6264,NEEDS_ATTENTION
18a03582-a571-48a9-aa70-0fe8ced6e2a1,2026-04-05,942340a9-28cf-4419-a543-8fb8ad16ee20,HABIT,5,4,0.8,4,0.8,NEEDS_ATTENTION
dcf8fbb2-1b6e-4005-a479-23c5992b0dd3,2026-04-05,f8586d7f-42a8-40bb-a2c6-46993832c939,HABIT,25,26,1.04,26,0.99,ON_TRACK
fbea0dbd-9da5-4cb8-a8f2-fff4b5274c62,2026-04-05,2d885db5-09de-4d36-abdc-c357a5253c90,FINANCIAL,96000,56000,0.5833,96415.09,0.9081,ON_TRACK
a1b77f7b-a660-41bc-a8f2-bca3f953f710,2026-04-05,cb90e01c-ad24-4e88-a405-b3ab220b47ca,HABIT,7.2,7.7,1.0694,7.7,0.99,ON_TRACK
56a464af-8ffd-4d21-a652-49794f38d741,2026-04-06,f516d2da-0168-4498-a19a-15c553b92083,FINANCIAL,18000,56106,1.5,280530,0.99,ON_TRACK
7b779eeb-7278-4714-ae01-fefcc1eece5f,2026-04-06,6e2f27d3-b0a7-41af-ae04-dd93747ab1ab,STUDY,14,2.3,0.1643,16.1,0.9376,ON_TRACK
02e5e3f1-4418-4c62-a89a-50b05d586aa1,2026-04-06,942340a9-28cf-4419-a543-8fb8ad16ee20,HABIT,5,0,0,0,0.08,AT_RISK
dbd4e385-c10a-4895-aa36-ef5208657b91,2026-04-06,f8586d7f-42a8-40bb-a2c6-46993832c939,HABIT,25,42,1.5,42,0.99,ON_TRACK
19effe51-78e2-4f0a-a2d6-d82fc1b1e098,2026-04-06,2d885db5-09de-4d36-abdc-c357a5253c90,FINANCIAL,96000,56000,0.5833,95962.44,0.9047,ON_TRACK
9f5c5b5d-7389-460a-a9f8-bd0789d442fc,2026-04-06,cb90e01c-ad24-4e88-a405-b3ab220b47ca,HABIT,7.2,7.1,0.9861,7.1,0.9675,ON_TRACK
33f6d824-77d9-404e-a6a1-b184908935c4,2026-04-07,f516d2da-0168-4498-a19a-15c553b92083,FINANCIAL,18000,55040,1.5,235885.71,0.99,ON_TRACK
8a4cbbd9-8bad-407e-ae80-fb3742650dac,2026-04-07,6e2f27d3-b0a7-41af-ae04-dd93747ab1ab,STUDY,14,4,0.2857,14,0.8514,ON_TRACK
500e31cb-bc89-4869-a326-bef0aeb58369,2026-04-07,942340a9-28cf-4419-a543-8fb8ad16ee20,HABIT,5,1,0.2,3.5,0.62,NEEDS_ATTENTION
5d6f2d9d-3a7c-4110-a921-a7a629be947d,2026-04-07,f8586d7f-42a8-40bb-a2c6-46993832c939,HABIT,25,33,1.32,33,0.99,ON_TRACK
8f038d9b-b17a-4723-a1d0-6ac1143aea83,2026-04-07,2d885db5-09de-4d36-abdc-c357a5253c90,FINANCIAL,96000,56000,0.5833,95514.02,0.9014,ON_TRACK
32f43c11-317d-4acd-a8bd-ee61abc85549,2026-04-07,cb90e01c-ad24-4e88-a405-b3ab220b47ca,HABIT,7.2,7.5,1.0417,7.5,0.99,ON_TRACK
3978a996-a5de-4390-ab59-d2ced9e9976e,2026-04-08,f516d2da-0168-4498-a19a-15c553b92083,FINANCIAL,18000,53940,1.5,202275,0.99,ON_TRACK
cd753999-2dba-4408-a905-6ad44a0afdbf,2026-04-08,6e2f27d3-b0a7-41af-ae04-dd93747ab1ab,STUDY,14,5.8,0.4143,13.53,0.8506,ON_TRACK
6de9d939-9175-4c52-adc3-f1860102461c,2026-04-08,942340a9-28cf-4419-a543-8fb8ad16ee20,HABIT,5,1,0.2,2.33,0.452,AT_RISK
ee7e359b-b290-4940-a490-6d5b730d9d8f,2026-04-08,f8586d7f-42a8-40bb-a2c6-46993832c939,HABIT,25,23,0.92,23,0.908,ON_TRACK
dc865c9b-f5b9-4b33-aa72-88280d0dd69c,2026-04-08,2d885db5-09de-4d36-abdc-c357a5253c90,FINANCIAL,96000,56000,0.5833,95069.77,0.898,ON_TRACK
2cef4dc2-79b5-4082-a461-f330a5c52c26,2026-04-08,cb90e01c-ad24-4e88-a405-b3ab220b47ca,HABIT,7.2,6.5,0.9028,6.5,0.8925,ON_TRACK
d9b7d566-b96e-42d9-a9be-061b38c4bf31,2026-04-09,f516d2da-0168-4498-a19a-15c553b92083,FINANCIAL,18000,53683,1.5,178943.33,0.99,ON_TRACK
984fd3ec-2c7d-4b75-a080-ac7a716c0f9e,2026-04-09,6e2f27d3-b0a7-41af-ae04-dd93747ab1ab,STUDY,14,8.5,0.6071,14.88,0.9543,ON_TRACK
50161e85-7098-4408-ae90-b97b8e0cfb6d,2026-04-09,942340a9-28cf-4419-a543-8fb8ad16ee20,HABIT,5,1,0.2,1.75,0.368,AT_RISK
099c32ff-bbee-4cb2-ad97-9259947b4381,2026-04-09,f8586d7f-42a8-40bb-a2c6-46993832c939,HABIT,25,43,1.5,43,0.99,ON_TRACK
faec7131-8553-450e-aa67-1fadaffd6c0e,2026-04-09,2d885db5-09de-4d36-abdc-c357a5253c90,FINANCIAL,96000,56000,0.5833,94629.63,0.8947,ON_TRACK
eb15cb89-3988-4bd1-a420-f86fdfe20247,2026-04-09,cb90e01c-ad24-4e88-a405-b3ab220b47ca,HABIT,7.2,7,0.9722,7,0.955,ON_TRACK
fedd7344-94f3-4bad-a926-4640da9a03cc,2026-04-10,f516d2da-0168-4498-a19a-15c553b92083,FINANCIAL,18000,44586,1.5,133758,0.99,ON_TRACK
8777020e-af82-45d2-ad4b-9ed9df981d51,2026-04-10,6e2f27d3-b0a7-41af-ae04-dd93747ab1ab,STUDY,14,11.7,0.8357,16.38,0.99,ON_TRACK
64fc9481-ba24-48d4-a699-e0ae3685e4b5,2026-04-10,942340a9-28cf-4419-a543-8fb8ad16ee20,HABIT,5,2,0.4,2.8,0.5552,AT_RISK
91519428-e1dc-41ce-a948-431dd5613cde,2026-04-10,f8586d7f-42a8-40bb-a2c6-46993832c939,HABIT,25,34,1.36,34,0.99,ON_TRACK
7b9a4c24-d59f-4ad9-ae5c-d826d3d3b14f,2026-04-10,2d885db5-09de-4d36-abdc-c357a5253c90,FINANCIAL,96000,64000,0.6667,107649.77,0.99,ON_TRACK
d44d0523-ae78-476c-a2a0-a3ce41aa17ee,2026-04-10,cb90e01c-ad24-4e88-a405-b3ab220b47ca,HABIT,7.2,7.2,1,7.2,0.98,ON_TRACK
0456a544-a9e3-418a-a48f-505be6bc7156,2026-04-11,f516d2da-0168-4498-a19a-15c553b92083,FINANCIAL,18000,44586,1.5,121598.18,0.99,ON_TRACK
5fcbb93c-cab6-4776-a70d-b4a5b12f4f50,2026-04-11,6e2f27d3-b0a7-41af-ae04-dd93747ab1ab,STUDY,14,11.7,0.8357,13.65,0.9324,ON_TRACK
3fac5a64-fe2c-4126-a869-6941e018de14,2026-04-11,942340a9-28cf-4419-a543-8fb8ad16ee20,HABIT,5,3,0.6,3.5,0.692,NEEDS_ATTENTION
5cfbe822-c9df-4b6b-ac7e-4f1fa503a9c8,2026-04-11,f8586d7f-42a8-40bb-a2c6-46993832c939,HABIT,25,45,1.5,45,0.99,ON_TRACK
c9769325-ee98-4262-a691-334a0f8429a6,2026-04-11,2d885db5-09de-4d36-abdc-c357a5253c90,FINANCIAL,96000,64000,0.6667,107155.96,0.99,ON_TRACK
916c01dd-1b8c-461e-a052-61c50103bb9a,2026-04-11,cb90e01c-ad24-4e88-a405-b3ab220b47ca,HABIT,7.2,7.7,1.0694,7.7,0.99,ON_TRACK
aaccd21b-c4b0-4355-adce-af0406eb55f8,2026-04-12,f516d2da-0168-4498-a19a-15c553b92083,FINANCIAL,18000,40902,1.5,102255,0.99,ON_TRACK
d386ad46-e16e-48fa-a1c9-34e4f3fe14d9,2026-04-12,6e2f27d3-b0a7-41af-ae04-dd93747ab1ab,STUDY,14,14.9,1.0643,14.9,0.99,ON_TRACK
36e5ace1-8922-4941-ae48-1ab2e06be973,2026-04-12,942340a9-28cf-4419-a543-8fb8ad16ee20,HABIT,5,3,0.6,3,0.62,NEEDS_ATTENTION
7f29b412-6262-4b14-a333-0ef9acccc845,2026-04-12,f8586d7f-42a8-40bb-a2c6-46993832c939,HABIT,25,27,1.08,27,0.99,ON_TRACK
cefb1732-668a-49d1-a4dd-34885344bf69,2026-04-12,2d885db5-09de-4d36-abdc-c357a5253c90,FINANCIAL,96000,64000,0.6667,106666.67,0.99,ON_TRACK
20d5d823-ef6d-4f6f-af01-d5e090c8fbc8,2026-04-12,cb90e01c-ad24-4e88-a405-b3ab220b47ca,HABIT,7.2,7.7,1.0694,7.7,0.99,ON_TRACK
72af8cb0-ed34-4ca4-a31d-54b808652490,2026-04-13,f516d2da-0168-4498-a19a-15c553b92083,FINANCIAL,18000,40633,1.5,93768.46,0.99,ON_TRACK
771b9273-843d-46f6-aa65-65d2aaafc28a,2026-04-13,6e2f27d3-b0a7-41af-ae04-dd93747ab1ab,STUDY,14,3.1,0.2214,21.7,0.99,ON_TRACK
f6c30933-6e81-4c1b-a1d1-7272a3b5f203,2026-04-13,942340a9-28cf-4419-a543-8fb8ad16ee20,HABIT,5,1,0.2,7,0.99,ON_TRACK
5efbbb4b-0499-4773-a24f-df2a5f83d05f,2026-04-13,f8586d7f-42a8-40bb-a2c6-46993832c939,HABIT,25,33,1.32,33,0.99,ON_TRACK
93962677-21ee-4829-a439-36add23bb824,2026-04-13,2d885db5-09de-4d36-abdc-c357a5253c90,FINANCIAL,96000,64000,0.6667,106181.82,0.99,ON_TRACK
b248925f-4536-444c-a2ce-548e75f13e09,2026-04-13,cb90e01c-ad24-4e88-a405-b3ab220b47ca,HABIT,7.2,7.5,1.0417,7.5,0.99,ON_TRACK
34cb5f2d-53e8-447b-aab7-67985679125f,2026-04-14,f516d2da-0168-4498-a19a-15c553b92083,FINANCIAL,18000,40361,1.5,86487.86,0.99,ON_TRACK
927536e1-20e5-439f-a70f-076d943b2c39,2026-04-14,6e2f27d3-b0a7-41af-ae04-dd93747ab1ab,STUDY,14,3.1,0.2214,10.85,0.6779,NEEDS_ATTENTION
d143d4dc-d17f-4236-a679-3344cc93969d,2026-04-14,942340a9-28cf-4419-a543-8fb8ad16ee20,HABIT,5,2,0.4,7,0.99,ON_TRACK
ed9f641d-3aa7-4a90-aadb-386a79c326b9,2026-04-14,f8586d7f-42a8-40bb-a2c6-46993832c939,HABIT,25,38,1.5,38,0.99,ON_TRACK
7aee7fc0-8a2b-47a4-ab08-6c45a6bf69a0,2026-04-14,2d885db5-09de-4d36-abdc-c357a5253c90,FINANCIAL,96000,64000,0.6667,105701.36,0.99,ON_TRACK
935328ca-5e4d-4d6a-ac08-cacbbac656cd,2026-04-14,cb90e01c-ad24-4e88-a405-b3ab220b47ca,HABIT,7.2,6.9,0.9583,6.9,0.9425,ON_TRACK
86d5e47a-c993-4774-a59c-74e716eddad7,2026-04-15,f516d2da-0168-4498-a19a-15c553b92083,FINANCIAL,18000,40162,1.5,80324,0.99,ON_TRACK
40e3dc8d-b0df-46b9-aaad-abcf54ef72f0,2026-04-15,6e2f27d3-b0a7-41af-ae04-dd93747ab1ab,STUDY,14,3.1,0.2214,7.23,0.4919,AT_RISK
6385a3a5-73d9-4ca4-ab1b-59c33cf9ab08,2026-04-15,942340a9-28cf-4419-a543-8fb8ad16ee20,HABIT,5,2,0.4,4.67,0.824,NEEDS_ATTENTION
652aa9b5-52de-459e-a829-ba40d364819a,2026-04-15,f8586d7f-42a8-40bb-a2c6-46993832c939,HABIT,25,0,0,0,0.08,AT_RISK
7782c45f-49f6-4009-a532-a5e6a4fff557,2026-04-15,2d885db5-09de-4d36-abdc-c357a5253c90,FINANCIAL,96000,64000,0.6667,105225.23,0.9892,ON_TRACK
d2addd5b-11c4-4f33-a74b-85c8685ce04d,2026-04-15,cb90e01c-ad24-4e88-a405-b3ab220b47ca,HABIT,7.2,7.4,1.0278,7.4,0.99,ON_TRACK
047fde94-8973-493a-a05e-69ab5d78fe95,2026-04-16,f516d2da-0168-4498-a19a-15c553b92083,FINANCIAL,18000,39861,1.5,74739.38,0.99,ON_TRACK
144f344d-65fd-4eb3-af35-35163b1243b8,2026-04-16,6e2f27d3-b0a7-41af-ae04-dd93747ab1ab,STUDY,14,6,0.4286,10.5,0.6971,NEEDS_ATTENTION
2a983a9d-0a6b-468d-aec2-832e9d424891,2026-04-16,942340a9-28cf-4419-a543-8fb8ad16ee20,HABIT,5,2,0.4,3.5,0.656,NEEDS_ATTENTION
5ec2a694-fe8d-490e-a717-ca106d4cc074,2026-04-16,f8586d7f-42a8-40bb-a2c6-46993832c939,HABIT,25,0,0,0,0.08,AT_RISK
f710bf49-5d9e-4d09-a707-2b060994043f,2026-04-16,2d885db5-09de-4d36-abdc-c357a5253c90,FINANCIAL,96000,64000,0.6667,104753.36,0.9857,ON_TRACK
d1ac007f-c083-4a07-a3da-578c37719964,2026-04-16,cb90e01c-ad24-4e88-a405-b3ab220b47ca,HABIT,7.2,6.6,0.9167,6.6,0.905,ON_TRACK
2fcd78a1-fe7e-4325-a8df-67c1d9c9f6a2,2026-04-17,f516d2da-0168-4498-a19a-15c553b92083,FINANCIAL,18000,38707,1.5,68306.47,0.99,ON_TRACK
3b716754-f809-4fbe-ab41-66834fdf869d,2026-04-17,6e2f27d3-b0a7-41af-ae04-dd93747ab1ab,STUDY,14,9,0.6429,12.6,0.8437,NEEDS_ATTENTION
98bcd758-741d-4978-ae76-90e122b6a467,2026-04-17,942340a9-28cf-4419-a543-8fb8ad16ee20,HABIT,5,2,0.4,2.8,0.5552,AT_RISK
0702855f-49bc-408d-a36b-9e16fc3df7d7,2026-04-17,f8586d7f-42a8-40bb-a2c6-46993832c939,HABIT,25,23,0.92,23,0.908,ON_TRACK
7225003b-fe14-43ba-a516-25eb594e32e9,2026-04-17,2d885db5-09de-4d36-abdc-c357a5253c90,FINANCIAL,96000,64000,0.6667,104285.71,0.9821,ON_TRACK
a3eab5c2-ef93-4dca-af61-8809ad526208,2026-04-17,cb90e01c-ad24-4e88-a405-b3ab220b47ca,HABIT,7.2,6.9,0.9583,6.9,0.9425,ON_TRACK
17191b69-32dc-4a3b-aa20-099c17fc3a5d,2026-04-18,f516d2da-0168-4498-a19a-15c553b92083,FINANCIAL,18000,38707,1.5,64511.67,0.99,ON_TRACK
564fd85c-834b-4025-ae43-860de45eae7e,2026-04-18,6e2f27d3-b0a7-41af-ae04-dd93747ab1ab,STUDY,14,9,0.6429,10.5,0.7357,NEEDS_ATTENTION
579559bc-2ae5-4297-ab40-4eb2b025b28e,2026-04-18,942340a9-28cf-4419-a543-8fb8ad16ee20,HABIT,5,3,0.6,3.5,0.692,NEEDS_ATTENTION
fe922d62-d1a4-4639-ac6a-acbb1c2fb462,2026-04-18,f8586d7f-42a8-40bb-a2c6-46993832c939,HABIT,25,33,1.32,33,0.99,ON_TRACK
85191abd-65e9-4972-a530-747f4a6d596f,2026-04-18,2d885db5-09de-4d36-abdc-c357a5253c90,FINANCIAL,96000,64000,0.6667,103822.22,0.9787,ON_TRACK
0724329c-8464-41f8-af74-1a397efbd8c9,2026-04-18,cb90e01c-ad24-4e88-a405-b3ab220b47ca,HABIT,7.2,8,1.1111,8,0.99,ON_TRACK
54eb0e6e-556c-4748-a311-5ecb245e3013,2026-04-19,f516d2da-0168-4498-a19a-15c553b92083,FINANCIAL,18000,38707,1.5,61116.32,0.99,ON_TRACK
d10f9d7a-7ee6-480b-af98-4f0b0f08ab31,2026-04-19,6e2f27d3-b0a7-41af-ae04-dd93747ab1ab,STUDY,14,9,0.6429,9,0.6586,NEEDS_ATTENTION
16445d9b-cd72-4fe5-ac28-abdd0032337a,2026-04-19,942340a9-28cf-4419-a543-8fb8ad16ee20,HABIT,5,3,0.6,3,0.62,NEEDS_ATTENTION
e51ea018-1e33-4c5f-a00e-81621a870fc3,2026-04-19,f8586d7f-42a8-40bb-a2c6-46993832c939,HABIT,25,31,1.24,31,0.99,ON_TRACK
08f0d434-3940-41ac-a3b5-810027c0faac,2026-04-19,2d885db5-09de-4d36-abdc-c357a5253c90,FINANCIAL,96000,64000,0.6667,103362.83,0.9752,ON_TRACK
6d213d98-c654-49b3-a212-c6c8041f8363,2026-04-19,cb90e01c-ad24-4e88-a405-b3ab220b47ca,HABIT,7.2,7.4,1.0278,7.4,0.99,ON_TRACK
c3dccbad-ea17-4e9e-acf1-911fd24f0ede,2026-04-20,f516d2da-0168-4498-a19a-15c553b92083,FINANCIAL,18000,38707,1.5,58060.5,0.99,ON_TRACK
0fc08a99-4771-4087-a7d7-b0bf02b3d443,2026-04-20,6e2f27d3-b0a7-41af-ae04-dd93747ab1ab,STUDY,14,1.8,0.1286,12.6,0.7511,NEEDS_ATTENTION
dd5e0248-9030-44f7-ac7b-a99b9bdb901f,2026-04-20,942340a9-28cf-4419-a543-8fb8ad16ee20,HABIT,5,1,0.2,7,0.99,ON_TRACK
cd9c8bad-bf33-4fe1-ad03-abb09fdb5b76,2026-04-20,f8586d7f-42a8-40bb-a2c6-46993832c939,HABIT,25,34,1.36,34,0.99,ON_TRACK
b478c5d5-f8cf-475d-afd1-1d4042f9992e,2026-04-20,2d885db5-09de-4d36-abdc-c357a5253c90,FINANCIAL,96000,64000,0.6667,102907.49,0.9718,ON_TRACK
d627e36e-2466-42f4-a90b-c965619972f8,2026-04-20,cb90e01c-ad24-4e88-a405-b3ab220b47ca,HABIT,7.2,7.1,0.9861,7.1,0.9675,ON_TRACK
7e063edb-889a-4320-af1a-b62ace59a48a,2026-04-21,f516d2da-0168-4498-a19a-15c553b92083,FINANCIAL,18000,36669,1.5,52384.29,0.99,ON_TRACK
91e07441-20fc-4aaf-ad96-58278e252bf2,2026-04-21,6e2f27d3-b0a7-41af-ae04-dd93747ab1ab,STUDY,14,3.3,0.2357,11.55,0.7164,NEEDS_ATTENTION
05196392-1e1b-4216-a91a-4a2e26c84bf4,2026-04-21,942340a9-28cf-4419-a543-8fb8ad16ee20,HABIT,5,1,0.2,3.5,0.62,NEEDS_ATTENTION
01ba2c89-af1f-4e40-a3cf-fdb25519528e,2026-04-21,f8586d7f-42a8-40bb-a2c6-46993832c939,HABIT,25,24,0.96,24,0.944,ON_TRACK
39f90fa5-f6ae-4cb1-a969-fffc6158ffef,2026-04-21,2d885db5-09de-4d36-abdc-c357a5253c90,FINANCIAL,96000,64000,0.6667,102456.14,0.9684,ON_TRACK
b0a14207-458d-4f06-ae1a-261fa96a6cd0,2026-04-21,cb90e01c-ad24-4e88-a405-b3ab220b47ca,HABIT,7.2,7.6,1.0556,7.6,0.99,ON_TRACK
2efc2f96-691b-4313-a7b4-8c18365383f4,2026-04-22,f516d2da-0168-4498-a19a-15c553b92083,FINANCIAL,18000,36344,1.5,49560,0.99,ON_TRACK
1bedcd28-38bb-453f-ae8a-0128f28e528d,2026-04-22,6e2f27d3-b0a7-41af-ae04-dd93747ab1ab,STUDY,14,6.4,0.4571,14.93,0.9303,ON_TRACK
baa8b243-2bf9-47af-a179-5fe1f82e644b,2026-04-22,942340a9-28cf-4419-a543-8fb8ad16ee20,HABIT,5,1,0.2,2.33,0.452,AT_RISK
251deeda-904f-47a1-a34c-376747317c9d,2026-04-22,f8586d7f-42a8-40bb-a2c6-46993832c939,HABIT,25,36,1.44,36,0.99,ON_TRACK
c9b23433-0de0-4981-a67b-4c885b68f752,2026-04-22,2d885db5-09de-4d36-abdc-c357a5253c90,FINANCIAL,96000,64000,0.6667,102008.73,0.9651,ON_TRACK
20becb74-e703-4e62-a144-d0521dbb81b0,2026-04-22,cb90e01c-ad24-4e88-a405-b3ab220b47ca,HABIT,7.2,7.5,1.0417,7.5,0.99,ON_TRACK
23ab2652-c2d8-4327-a29b-57e12a869fab,2026-04-23,f516d2da-0168-4498-a19a-15c553b92083,FINANCIAL,18000,33854,1.5,44157.39,0.99,ON_TRACK
ce47cd46-dfb3-4d7b-a9e1-01c3c4305624,2026-04-23,6e2f27d3-b0a7-41af-ae04-dd93747ab1ab,STUDY,14,8.7,0.6214,15.22,0.9749,ON_TRACK
19b10d04-aa5e-4367-a190-bba32d2e1c1f,2026-04-23,942340a9-28cf-4419-a543-8fb8ad16ee20,HABIT,5,1,0.2,1.75,0.368,AT_RISK
cbb66453-c0a6-4bbc-ade3-e30e98932724,2026-04-23,f8586d7f-42a8-40bb-a2c6-46993832c939,HABIT,25,28,1.12,28,0.99,ON_TRACK
826e9584-d589-461b-a4ad-028906b92d1a,2026-04-23,2d885db5-09de-4d36-abdc-c357a5253c90,FINANCIAL,96000,64000,0.6667,101565.22,0.9617,ON_TRACK
a4514137-0034-48c8-ae40-341736258a3e,2026-04-23,cb90e01c-ad24-4e88-a405-b3ab220b47ca,HABIT,7.2,6.7,0.9306,6.7,0.9175,ON_TRACK
e4732b8e-afb3-4667-a313-1d776bd0e4a2,2026-04-24,f516d2da-0168-4498-a19a-15c553b92083,FINANCIAL,18000,32286,1.5,40357.5,0.99,ON_TRACK
9fe70425-4d0b-4ba9-a1d2-f4a76abf35e3,2026-04-24,6e2f27d3-b0a7-41af-ae04-dd93747ab1ab,STUDY,14,9.9,0.7071,13.86,0.9201,ON_TRACK
f5417d4d-df16-4620-a8d5-0411a3cb5ed9,2026-04-24,942340a9-28cf-4419-a543-8fb8ad16ee20,HABIT,5,2,0.4,2.8,0.5552,AT_RISK
2fb1a688-a080-46d1-a176-8c7544fbede6,2026-04-24,f8586d7f-42a8-40bb-a2c6-46993832c939,HABIT,25,24,0.96,24,0.944,ON_TRACK
6c4638f5-7a77-4431-ad52-88ecc111abe4,2026-04-24,2d885db5-09de-4d36-abdc-c357a5253c90,FINANCIAL,96000,64000,0.6667,101125.54,0.9584,ON_TRACK
52330b35-619e-4269-ad50-629775a3542d,2026-04-24,cb90e01c-ad24-4e88-a405-b3ab220b47ca,HABIT,7.2,7.2,1,7.2,0.98,ON_TRACK
39fcd5c9-a63d-459c-a4a0-28b15b6120e9,2026-04-25,f516d2da-0168-4498-a19a-15c553b92083,FINANCIAL,18000,31864,1.5,38236.8,0.99,ON_TRACK
5062581e-6700-4a16-a28c-f3e1a4c6c055,2026-04-25,6e2f27d3-b0a7-41af-ae04-dd93747ab1ab,STUDY,14,9.9,0.7071,11.55,0.8013,NEEDS_ATTENTION
f4864b9e-da10-48f9-a2b4-93792b2f595c,2026-04-25,942340a9-28cf-4419-a543-8fb8ad16ee20,HABIT,5,3,0.6,3.5,0.692,NEEDS_ATTENTION
45273190-ea05-42ec-a168-8949d52c3881,2026-04-25,f8586d7f-42a8-40bb-a2c6-46993832c939,HABIT,25,39,1.5,39,0.99,ON_TRACK
bdc425ac-485b-4cda-a2aa-6c1b35d7aadd,2026-04-25,2d885db5-09de-4d36-abdc-c357a5253c90,FINANCIAL,96000,64000,0.6667,100689.66,0.9552,ON_TRACK
9bf068b1-863d-446c-a0c4-2c12c959c49d,2026-04-25,cb90e01c-ad24-4e88-a405-b3ab220b47ca,HABIT,7.2,8,1.1111,8,0.99,ON_TRACK
ac506374-b1d8-4350-a3a6-3066b44cdc49,2026-04-26,f516d2da-0168-4498-a19a-15c553b92083,FINANCIAL,18000,29538,1.5,34082.31,0.99,ON_TRACK
89331261-d895-4d98-a2fc-63633b1da7ed,2026-04-26,6e2f27d3-b0a7-41af-ae04-dd93747ab1ab,STUDY,14,11.2,0.8,11.2,0.8,NEEDS_ATTENTION
97adda1d-bb65-45c7-a563-492742e98d13,2026-04-26,942340a9-28cf-4419-a543-8fb8ad16ee20,HABIT,5,3,0.6,3,0.62,NEEDS_ATTENTION
39b6d4cc-52cc-49d0-a18f-955f99fde7a5,2026-04-26,f8586d7f-42a8-40bb-a2c6-46993832c939,HABIT,25,34,1.36,34,0.99,ON_TRACK
93572381-8614-494c-a04d-f6f390e1b64a,2026-04-26,2d885db5-09de-4d36-abdc-c357a5253c90,FINANCIAL,96000,64000,0.6667,100257.51,0.9519,ON_TRACK
1238c816-77df-4bcd-a204-0c7c95e0459c,2026-04-26,cb90e01c-ad24-4e88-a405-b3ab220b47ca,HABIT,7.2,7.3,1.0139,7.3,0.99,ON_TRACK
b6a0cbdf-7561-4184-a4b9-89c930132be9,2026-04-27,f516d2da-0168-4498-a19a-15c553b92083,FINANCIAL,18000,28241,1.5,31378.89,0.99,ON_TRACK
97a040c9-830b-4ddd-ab1c-09d40ef46e41,2026-04-27,6e2f27d3-b0a7-41af-ae04-dd93747ab1ab,STUDY,14,1.7,0.1214,11.9,0.7139,NEEDS_ATTENTION
890c8ed3-7c4b-43ea-a813-30bbb8d0b081,2026-04-27,942340a9-28cf-4419-a543-8fb8ad16ee20,HABIT,5,1,0.2,7,0.99,ON_TRACK
0a219707-aeaa-4ced-ae38-e6b123884749,2026-04-27,f8586d7f-42a8-40bb-a2c6-46993832c939,HABIT,25,31,1.24,31,0.99,ON_TRACK
0bdb2a21-dc34-45a5-ace3-7dcefb8cbfc7,2026-04-27,2d885db5-09de-4d36-abdc-c357a5253c90,FINANCIAL,96000,64000,0.6667,99829.06,0.9487,ON_TRACK
9ddbda9b-6b72-4d68-a296-47615435164d,2026-04-27,cb90e01c-ad24-4e88-a405-b3ab220b47ca,HABIT,7.2,6.5,0.9028,6.5,0.8925,ON_TRACK
95ff9abd-0893-45ce-aeaa-e95bbf500a43,2026-04-28,f516d2da-0168-4498-a19a-15c553b92083,FINANCIAL,18000,27644,1.5,29618.57,0.99,ON_TRACK
5ec066cd-3103-429a-af0c-1a9bade0f1b2,2026-04-28,6e2f27d3-b0a7-41af-ae04-dd93747ab1ab,STUDY,14,3.4,0.2429,11.9,0.7357,NEEDS_ATTENTION
20f46037-2887-4508-a4e0-45bf09dd9afa,2026-04-28,942340a9-28cf-4419-a543-8fb8ad16ee20,HABIT,5,1,0.2,3.5,0.62,NEEDS_ATTENTION
efc7c638-3433-44d1-a73b-eb2bac324398,2026-04-28,f8586d7f-42a8-40bb-a2c6-46993832c939,HABIT,25,42,1.5,42,0.99,ON_TRACK
6cc5bca0-2c07-4aad-a89f-b316da0def59,2026-04-28,2d885db5-09de-4d36-abdc-c357a5253c90,FINANCIAL,96000,64000,0.6667,99404.26,0.9455,ON_TRACK
0901202e-75d4-4769-a09d-73364590b60c,2026-04-28,cb90e01c-ad24-4e88-a405-b3ab220b47ca,HABIT,7.2,7.5,1.0417,7.5,0.99,ON_TRACK
3c8d75a9-32fe-476d-aca2-3a6e76342d9a,2026-04-29,f516d2da-0168-4498-a19a-15c553b92083,FINANCIAL,18000,26280,1.46,27186.21,0.99,ON_TRACK
0697eb4f-a262-4c3d-a5d5-8709747f4055,2026-04-29,6e2f27d3-b0a7-41af-ae04-dd93747ab1ab,STUDY,14,6,0.4286,14,0.8771,ON_TRACK
5fd41bcc-8d40-4ddf-a13c-aa1968894554,2026-04-29,942340a9-28cf-4419-a543-8fb8ad16ee20,HABIT,5,1,0.2,2.33,0.452,AT_RISK
d31c3a83-e887-4398-a961-1e47abdb6bcf,2026-04-29,f8586d7f-42a8-40bb-a2c6-46993832c939,HABIT,25,29,1.16,29,0.99,ON_TRACK
3ee799d1-0b03-43a0-a6d1-1bb1cfbcb402,2026-04-29,2d885db5-09de-4d36-abdc-c357a5253c90,FINANCIAL,96000,64000,0.6667,98983.05,0.9424,ON_TRACK
c0d9bec5-641e-4520-a388-831b769922ee,2026-04-29,cb90e01c-ad24-4e88-a405-b3ab220b47ca,HABIT,7.2,7.5,1.0417,7.5,0.99,ON_TRACK
0648f6de-b9d8-4c42-a538-aa9f9dcdbab8,2026-04-30,f516d2da-0168-4498-a19a-15c553b92083,FINANCIAL,18000,25434,1.413,25434,0.99,ON_TRACK
6c77677e-1ca5-429b-a771-7c8f8ec8cc49,2026-04-30,6e2f27d3-b0a7-41af-ae04-dd93747ab1ab,STUDY,14,8.9,0.6357,15.58,0.99,ON_TRACK
85402a24-0521-4c3b-aa07-60b6f0d7c9f1,2026-04-30,942340a9-28cf-4419-a543-8fb8ad16ee20,HABIT,5,2,0.4,3.5,0.656,NEEDS_ATTENTION
fbe8b8fb-f4f3-410d-add7-4012c3e480dc,2026-04-30,f8586d7f-42a8-40bb-a2c6-46993832c939,HABIT,25,44,1.5,44,0.99,ON_TRACK
68838ff4-87bc-40cc-a3f6-bd3ae9e38702,2026-04-30,2d885db5-09de-4d36-abdc-c357a5253c90,FINANCIAL,96000,64000,0.6667,98565.4,0.9392,ON_TRACK
5737dd9b-9ea2-4a8e-a8b5-49b79a5e2cb8,2026-04-30,cb90e01c-ad24-4e88-a405-b3ab220b47ca,HABIT,7.2,7,0.9722,7,0.955,ON_TRACK
46bef6a8-672f-493f-aff1-312267f9c22e,2026-05-01,f516d2da-0168-4498-a19a-15c553b92083,FINANCIAL,18000,87777,1.5,2721087,0.99,ON_TRACK
a5e23c36-1b06-4f63-a48e-1175aa18303b,2026-05-01,6e2f27d3-b0a7-41af-ae04-dd93747ab1ab,STUDY,14,10.2,0.7286,14.28,0.9455,ON_TRACK
6c649979-077d-4c78-a5ed-b2c5d176b210,2026-05-01,942340a9-28cf-4419-a543-8fb8ad16ee20,HABIT,5,3,0.6,4.2,0.7928,NEEDS_ATTENTION
14cda87b-f6ad-4914-ac79-0f9bc33af0ff,2026-05-01,f8586d7f-42a8-40bb-a2c6-46993832c939,HABIT,25,45,1.5,45,0.99,ON_TRACK
b062c824-81da-4af4-ae9b-62ab1cfbff6c,2026-05-01,2d885db5-09de-4d36-abdc-c357a5253c90,FINANCIAL,96000,64000,0.6667,98151.26,0.9361,ON_TRACK
c12ac1dd-f9da-4c3f-ac2c-7586418c189c,2026-05-01,cb90e01c-ad24-4e88-a405-b3ab220b47ca,HABIT,7.2,7.2,1,7.2,0.98,ON_TRACK
25563d53-c6a1-42d9-ace4-66be08b69dd9,2026-05-02,f516d2da-0168-4498-a19a-15c553b92083,FINANCIAL,18000,63534,1.5,984777,0.99,ON_TRACK
8319a74d-b796-4813-a106-b132703ea04d,2026-05-02,6e2f27d3-b0a7-41af-ae04-dd93747ab1ab,STUDY,14,10.2,0.7286,11.9,0.8231,NEEDS_ATTENTION
134736c5-63bd-4ae7-acce-295df7543dc3,2026-05-02,942340a9-28cf-4419-a543-8fb8ad16ee20,HABIT,5,4,0.8,4.67,0.896,ON_TRACK
66c7cd45-36c3-4aba-a260-f9b399b1a7ce,2026-05-02,f8586d7f-42a8-40bb-a2c6-46993832c939,HABIT,25,39,1.5,39,0.99,ON_TRACK
013338e8-0b95-4d42-ae9b-66ca82d9a81a,2026-05-02,2d885db5-09de-4d36-abdc-c357a5253c90,FINANCIAL,96000,64000,0.6667,97740.59,0.9331,ON_TRACK
44c4443a-f095-4bdd-a8aa-28f41f619056,2026-05-02,cb90e01c-ad24-4e88-a405-b3ab220b47ca,HABIT,7.2,7.4,1.0278,7.4,0.99,ON_TRACK
8b9239d9-1798-4a3d-a09a-1ffaad6f712b,2026-05-03,f516d2da-0168-4498-a19a-15c553b92083,FINANCIAL,18000,62377,1.5,644562.33,0.99,ON_TRACK
0d1ba0a1-b601-4c28-afea-6eb67b1a942b,2026-05-03,6e2f27d3-b0a7-41af-ae04-dd93747ab1ab,STUDY,14,12.5,0.8929,12.5,0.8836,ON_TRACK
68e36f94-8e7a-4e61-aabb-57788d96c050,2026-05-03,942340a9-28cf-4419-a543-8fb8ad16ee20,HABIT,5,4,0.8,4,0.8,NEEDS_ATTENTION
3b24e29d-b468-4fe4-ab90-1d06fe9bb841,2026-05-03,f8586d7f-42a8-40bb-a2c6-46993832c939,HABIT,25,0,0,0,0.08,AT_RISK
8931cb47-2704-42a3-aa28-7d7403eefeba,2026-05-03,2d885db5-09de-4d36-abdc-c357a5253c90,FINANCIAL,96000,64000,0.6667,97333.33,0.93,ON_TRACK
a72dde75-f335-445b-a3cb-75796fdc6bfc,2026-05-03,cb90e01c-ad24-4e88-a405-b3ab220b47ca,HABIT,7.2,7.8,1.0833,7.8,0.99,ON_TRACK
dd4f0d69-10fd-4048-ad80-779f73cd2d1c,2026-05-04,f516d2da-0168-4498-a19a-15c553b92083,FINANCIAL,18000,62046,1.5,480856.5,0.99,ON_TRACK
511e3360-24f2-4799-aeed-bff9f89c78b4,2026-05-04,6e2f27d3-b0a7-41af-ae04-dd93747ab1ab,STUDY,14,0,0,0,0.08,AT_RISK
9fb0ed0d-088c-48ab-ae30-13ebaeaf21ee,2026-05-04,942340a9-28cf-4419-a543-8fb8ad16ee20,HABIT,5,1,0.2,7,0.99,ON_TRACK
b47f6f70-8f01-4c78-a9a6-32d1d2d62a29,2026-05-04,f8586d7f-42a8-40bb-a2c6-46993832c939,HABIT,25,0,0,0,0.08,AT_RISK
56416f65-2810-413e-a493-6272cfd5452e,2026-05-04,2d885db5-09de-4d36-abdc-c357a5253c90,FINANCIAL,96000,64000,0.6667,96929.46,0.927,ON_TRACK
59e6167a-da5b-4fb0-a399-bfd23b576c52,2026-05-04,cb90e01c-ad24-4e88-a405-b3ab220b47ca,HABIT,7.2,7.7,1.0694,7.7,0.99,ON_TRACK
04bc4256-1957-49c9-a2fe-4d2dc654e496,2026-05-05,f516d2da-0168-4498-a19a-15c553b92083,FINANCIAL,18000,58937,1.5,365409.4,0.99,ON_TRACK
eaab23f1-c0e6-445b-a9ef-6232486d0135,2026-05-05,6e2f27d3-b0a7-41af-ae04-dd93747ab1ab,STUDY,14,3,0.2143,10.5,0.6586,NEEDS_ATTENTION
c9a84c1d-2bdb-41d8-a7e2-5c68e9b5ecb9,2026-05-05,942340a9-28cf-4419-a543-8fb8ad16ee20,HABIT,5,2,0.4,7,0.99,ON_TRACK
7ba40f28-e3dc-40cf-abd8-fe7931bcdd5e,2026-05-05,f8586d7f-42a8-40bb-a2c6-46993832c939,HABIT,25,44,1.5,44,0.99,ON_TRACK
83dc2faf-772e-4c2a-afb5-742fa01964c1,2026-05-05,2d885db5-09de-4d36-abdc-c357a5253c90,FINANCIAL,96000,64000,0.6667,96528.93,0.924,ON_TRACK
6c0c8f27-0923-4aac-a90f-90aa952c60d2,2026-05-05,cb90e01c-ad24-4e88-a405-b3ab220b47ca,HABIT,7.2,7,0.9722,7,0.955,ON_TRACK
4da6a631-97c2-428c-a333-f3f713e32bc7,2026-05-06,f516d2da-0168-4498-a19a-15c553b92083,FINANCIAL,18000,57810,1.5,298685,0.99,ON_TRACK
bf725740-d7cb-4375-a34e-9b56d2720949,2026-05-06,6e2f27d3-b0a7-41af-ae04-dd93747ab1ab,STUDY,14,5.5,0.3929,12.83,0.8107,NEEDS_ATTENTION
195bc1c6-b67e-4801-a9ff-0d3b56a1f909,2026-05-06,942340a9-28cf-4419-a543-8fb8ad16ee20,HABIT,5,2,0.4,4.67,0.824,NEEDS_ATTENTION
9d1666f4-68c2-43b2-ac17-1c6eb6cf5b1f,2026-05-06,f8586d7f-42a8-40bb-a2c6-46993832c939,HABIT,25,25,1,25,0.98,ON_TRACK
e257bda6-36b1-4fd7-ab97-540fc7e0d6de,2026-05-06,2d885db5-09de-4d36-abdc-c357a5253c90,FINANCIAL,96000,64000,0.6667,96131.69,0.921,ON_TRACK
f9cf8d10-f6c1-4052-aa78-7139103487e4,2026-05-06,cb90e01c-ad24-4e88-a405-b3ab220b47ca,HABIT,7.2,6.9,0.9583,6.9,0.9425,ON_TRACK
19549d93-b55c-4012-a13b-b2aec18e97ea,2026-05-07,f516d2da-0168-4498-a19a-15c553b92083,FINANCIAL,18000,55200,1.5,244457.14,0.99,ON_TRACK
15ee3684-484f-425a-a7e1-a229f0d0c944,2026-05-07,6e2f27d3-b0a7-41af-ae04-dd93747ab1ab,STUDY,14,8.3,0.5929,14.53,0.9337,ON_TRACK
3c182abc-f682-4db0-afec-f73290e96b9f,2026-05-07,942340a9-28cf-4419-a543-8fb8ad16ee20,HABIT,5,3,0.6,5.25,0.944,ON_TRACK
a5ad39a4-8b67-404e-a5d6-360ea269e428,2026-05-07,f8586d7f-42a8-40bb-a2c6-46993832c939,HABIT,25,0,0,0,0.08,AT_RISK
26608b89-6104-4931-a8f3-233a052f4253,2026-05-07,2d885db5-09de-4d36-abdc-c357a5253c90,FINANCIAL,96000,64000,0.6667,95737.7,0.918,ON_TRACK
a5e30340-0452-4367-ad93-74150441db66,2026-05-07,cb90e01c-ad24-4e88-a405-b3ab220b47ca,HABIT,7.2,6.8,0.9444,6.8,0.93,ON_TRACK
aefabaeb-e412-4ac9-a994-2f9fb18e9e9c,2026-05-08,f516d2da-0168-4498-a19a-15c553b92083,FINANCIAL,18000,53659,1.5,207928.63,0.99,ON_TRACK
a6c8144d-f2cb-4dd0-a224-5fa6bb327eea,2026-05-08,6e2f27d3-b0a7-41af-ae04-dd93747ab1ab,STUDY,14,8.3,0.5929,11.62,0.7843,NEEDS_ATTENTION
c7f04f7a-c669-47fc-a41f-9a40ca660950,2026-05-08,942340a9-28cf-4419-a543-8fb8ad16ee20,HABIT,5,4,0.8,5.6,0.99,ON_TRACK
8982617c-cd6b-4746-a831-32c22c7eaf8a,2026-05-08,f8586d7f-42a8-40bb-a2c6-46993832c939,HABIT,25,39,1.5,39,0.99,ON_TRACK
1f6275e7-addd-48f9-af68-92e77cce14ec,2026-05-08,2d885db5-09de-4d36-abdc-c357a5253c90,FINANCIAL,96000,64000,0.6667,95346.94,0.9151,ON_TRACK
f07dedda-98a4-46a7-acef-0b689b07270e,2026-05-08,cb90e01c-ad24-4e88-a405-b3ab220b47ca,HABIT,7.2,6.5,0.9028,6.5,0.8925,ON_TRACK
8087d184-e2f6-4317-a51c-a9508a0c696a,2026-05-09,f516d2da-0168-4498-a19a-15c553b92083,FINANCIAL,18000,52202,1.5,179806.89,0.99,ON_TRACK
7f0f4872-fa35-4711-a464-0d96bc2aa52d,2026-05-09,6e2f27d3-b0a7-41af-ae04-dd93747ab1ab,STUDY,14,9.8,0.7,11.43,0.794,NEEDS_ATTENTION
e49212c0-d56d-4861-a0b8-645ede42ac83,2026-05-09,942340a9-28cf-4419-a543-8fb8ad16ee20,HABIT,5,5,1,5.83,0.99,ON_TRACK
969a3e12-884f-445f-a154-2659d20b3425,2026-05-09,f8586d7f-42a8-40bb-a2c6-46993832c939,HABIT,25,41,1.5,41,0.99,ON_TRACK
162e69a9-7663-48d1-a9c5-1a67c36ded30,2026-05-09,2d885db5-09de-4d36-abdc-c357a5253c90,FINANCIAL,96000,64000,0.6667,94959.35,0.9122,ON_TRACK
60bd4885-130f-4617-a493-14bd810b6413,2026-05-09,cb90e01c-ad24-4e88-a405-b3ab220b47ca,HABIT,7.2,7,0.9722,7,0.955,ON_TRACK
a3eaf41c-21e2-4659-a8f0-b68c9c69542b,2026-05-10,f516d2da-0168-4498-a19a-15c553b92083,FINANCIAL,18000,43727,1.5,135553.7,0.99,ON_TRACK
0891b7c7-d12a-40ea-a234-b4ac5c0bcc97,2026-05-10,6e2f27d3-b0a7-41af-ae04-dd93747ab1ab,STUDY,14,9.8,0.7,9.8,0.71,NEEDS_ATTENTION
dad10645-8732-4556-a680-8d796a412cb2,2026-05-10,942340a9-28cf-4419-a543-8fb8ad16ee20,HABIT,5,5,1,5,0.98,ON_TRACK
7d8c4e1e-0138-437e-aedb-e179e9078702,2026-05-10,f8586d7f-42a8-40bb-a2c6-46993832c939,HABIT,25,29,1.16,29,0.99,ON_TRACK
6700bc65-2b29-4492-aea5-fda40b4388ac,2026-05-10,2d885db5-09de-4d36-abdc-c357a5253c90,FINANCIAL,96000,72000,0.75,106396.76,0.99,ON_TRACK
6a5a43ed-4e55-4614-abf3-61b4d51927cc,2026-05-10,cb90e01c-ad24-4e88-a405-b3ab220b47ca,HABIT,7.2,7.3,1.0139,7.3,0.99,ON_TRACK
72bc150d-419d-4bba-a536-14a5631acd5c,2026-05-11,f516d2da-0168-4498-a19a-15c553b92083,FINANCIAL,18000,43073,1.5,121387.55,0.99,ON_TRACK
8ed790ac-599e-415d-ab6d-c985a93d1da4,2026-05-11,6e2f27d3-b0a7-41af-ae04-dd93747ab1ab,STUDY,14,1.5,0.1071,10.5,0.6393,NEEDS_ATTENTION
d4119935-c1cd-44df-a703-977fbf90278d,2026-05-11,942340a9-28cf-4419-a543-8fb8ad16ee20,HABIT,5,1,0.2,7,0.99,ON_TRACK
e0b255ae-9ddd-477b-a82a-d0a69ab2e6bd,2026-05-11,f8586d7f-42a8-40bb-a2c6-46993832c939,HABIT,25,32,1.28,32,0.99,ON_TRACK
d3a344cd-22d1-4260-ae8a-f9004ed7e6bb,2026-05-11,2d885db5-09de-4d36-abdc-c357a5253c90,FINANCIAL,96000,72000,0.75,105967.74,0.99,ON_TRACK
2365c1c3-ef06-420f-ab1a-12babb09f49e,2026-05-11,cb90e01c-ad24-4e88-a405-b3ab220b47ca,HABIT,7.2,7.2,1,7.2,0.98,ON_TRACK
b7b726a2-a91f-432a-a163-6c4ecfca9d79,2026-05-12,f516d2da-0168-4498-a19a-15c553b92083,FINANCIAL,18000,40830,1.5,105477.5,0.99,ON_TRACK
63e22561-32f1-4831-a7d7-3e1c0ce86f1d,2026-05-12,6e2f27d3-b0a7-41af-ae04-dd93747ab1ab,STUDY,14,3.5,0.25,12.25,0.755,NEEDS_ATTENTION
e5269248-a82a-4c1f-a395-9a3e10e1e500,2026-05-12,942340a9-28cf-4419-a543-8fb8ad16ee20,HABIT,5,2,0.4,7,0.99,ON_TRACK
c2ac9bae-4003-40a0-a4e4-31bd884b3901,2026-05-12,f8586d7f-42a8-40bb-a2c6-46993832c939,HABIT,25,25,1,25,0.98,ON_TRACK
03cacd09-2f6a-4ae7-a61e-4a0286313036,2026-05-12,2d885db5-09de-4d36-abdc-c357a5253c90,FINANCIAL,96000,72000,0.75,105542.17,0.99,ON_TRACK
2dd7c6b6-a55e-4d49-a198-74fdc978147e,2026-05-12,cb90e01c-ad24-4e88-a405-b3ab220b47ca,HABIT,7.2,7.2,1,7.2,0.98,ON_TRACK
52ac81c0-af44-4b47-a738-2a8ec6954ba6,2026-05-13,f516d2da-0168-4498-a19a-15c553b92083,FINANCIAL,18000,39875,1.5,95086.54,0.99,ON_TRACK
1a37814d-4bdd-468a-aca6-d8f7a72260f4,2026-05-13,6e2f27d3-b0a7-41af-ae04-dd93747ab1ab,STUDY,14,3.5,0.25,8.17,0.545,AT_RISK
a2ca5f51-fa94-49ba-adf9-ba8bf742654c,2026-05-13,942340a9-28cf-4419-a543-8fb8ad16ee20,HABIT,5,2,0.4,4.67,0.824,NEEDS_ATTENTION
8a5767c1-35ed-47e2-a548-497212d0d9a5,2026-05-13,f8586d7f-42a8-40bb-a2c6-46993832c939,HABIT,25,0,0,0,0.08,AT_RISK
0b148c93-b4e8-48ea-a0ac-e417064a9405,2026-05-13,2d885db5-09de-4d36-abdc-c357a5253c90,FINANCIAL,96000,72000,0.75,105120,0.99,ON_TRACK
5250108d-e26b-47e3-ac73-ce6af297e273,2026-05-13,cb90e01c-ad24-4e88-a405-b3ab220b47ca,HABIT,7.2,6.9,0.9583,6.9,0.9425,ON_TRACK
a93863ca-0749-42bc-a003-a8f6535eed28,2026-05-14,f516d2da-0168-4498-a19a-15c553b92083,FINANCIAL,18000,38978,1.5,86308.43,0.99,ON_TRACK
7ed15c6f-8aff-4071-aafb-9eb3d1bac783,2026-05-14,6e2f27d3-b0a7-41af-ae04-dd93747ab1ab,STUDY,14,3.5,0.25,6.13,0.44,AT_RISK
db164821-d14c-4f13-a9a8-bd65f9cf82c6,2026-05-14,942340a9-28cf-4419-a543-8fb8ad16ee20,HABIT,5,2,0.4,3.5,0.656,NEEDS_ATTENTION
7d3f8460-bb17-4652-a77a-e3e5ced9b2d7,2026-05-14,f8586d7f-42a8-40bb-a2c6-46993832c939,HABIT,25,39,1.5,39,0.99,ON_TRACK
528a2ef5-5742-4d09-affd-45c7a37d8d8c,2026-05-14,2d885db5-09de-4d36-abdc-c357a5253c90,FINANCIAL,96000,72000,0.75,104701.2,0.99,ON_TRACK
43ed1c16-2221-4b51-a783-8e580cb06819,2026-05-14,cb90e01c-ad24-4e88-a405-b3ab220b47ca,HABIT,7.2,7.5,1.0417,7.5,0.99,ON_TRACK
cea1c64a-6eb6-43d5-a47e-353a6a21977f,2026-05-15,f516d2da-0168-4498-a19a-15c553b92083,FINANCIAL,18000,38669,1.5,79915.93,0.99,ON_TRACK
fd550dd1-755f-4533-a7db-b54b3a04b9cc,2026-05-15,6e2f27d3-b0a7-41af-ae04-dd93747ab1ab,STUDY,14,5.6,0.4,7.84,0.5552,AT_RISK
63a87d91-7089-4aff-a739-51597c007ebe,2026-05-15,942340a9-28cf-4419-a543-8fb8ad16ee20,HABIT,5,3,0.6,4.2,0.7928,NEEDS_ATTENTION
93af58dc-017f-4684-a9d1-25dfd4ac18d0,2026-05-15,f8586d7f-42a8-40bb-a2c6-46993832c939,HABIT,25,38,1.5,38,0.99,ON_TRACK
54cf4d78-0580-4b21-a849-9234ef8d94ed,2026-05-15,2d885db5-09de-4d36-abdc-c357a5253c90,FINANCIAL,96000,72000,0.75,104285.71,0.99,ON_TRACK
aae59a18-4c65-4d6a-a307-f7be4a200d5c,2026-05-15,cb90e01c-ad24-4e88-a405-b3ab220b47ca,HABIT,7.2,6.6,0.9167,6.6,0.905,ON_TRACK
e252d8ea-e653-435e-a0f3-eefb094081d8,2026-05-16,f516d2da-0168-4498-a19a-15c553b92083,FINANCIAL,18000,38669,1.5,74921.19,0.99,ON_TRACK
e8e0ed96-5502-4176-a711-f30c95597a18,2026-05-16,6e2f27d3-b0a7-41af-ae04-dd93747ab1ab,STUDY,14,5.6,0.4,6.53,0.488,AT_RISK
083e776a-31a2-43a1-afdc-ee954e06508b,2026-05-16,942340a9-28cf-4419-a543-8fb8ad16ee20,HABIT,5,4,0.8,4.67,0.896,ON_TRACK
06628016-01d1-4814-afd1-549c82f1db7b,2026-05-16,f8586d7f-42a8-40bb-a2c6-46993832c939,HABIT,25,43,1.5,43,0.99,ON_TRACK
ba5c26eb-e22f-4117-ab53-8bc3b1449287,2026-05-16,2d885db5-09de-4d36-abdc-c357a5253c90,FINANCIAL,96000,72000,0.75,103873.52,0.99,ON_TRACK
81d9da50-aac9-4719-a5f4-504cd4fe1667,2026-05-16,cb90e01c-ad24-4e88-a405-b3ab220b47ca,HABIT,7.2,7.1,0.9861,7.1,0.9675,ON_TRACK
f6f672e4-e5b8-4846-a298-539a3d3a5ebf,2026-05-17,f516d2da-0168-4498-a19a-15c553b92083,FINANCIAL,18000,38669,1.5,70514.06,0.99,ON_TRACK
c04525ba-3bed-4010-a4a5-fd50f5397c33,2026-05-17,6e2f27d3-b0a7-41af-ae04-dd93747ab1ab,STUDY,14,7.8,0.5571,7.8,0.5814,AT_RISK
0d0561f3-eb0a-4758-a9a4-b8428a3a7db5,2026-05-17,942340a9-28cf-4419-a543-8fb8ad16ee20,HABIT,5,4,0.8,4,0.8,NEEDS_ATTENTION
273ac792-4a92-41fa-adff-a8cf8513b3d6,2026-05-17,f8586d7f-42a8-40bb-a2c6-46993832c939,HABIT,25,38,1.5,38,0.99,ON_TRACK
fb4a8355-08e7-4408-ac21-7c6216b87a10,2026-05-17,2d885db5-09de-4d36-abdc-c357a5253c90,FINANCIAL,96000,72000,0.75,103464.57,0.99,ON_TRACK
744aeec6-f5f3-4d49-adfd-3f3c9a207a30,2026-05-17,cb90e01c-ad24-4e88-a405-b3ab220b47ca,HABIT,7.2,7.9,1.0972,7.9,0.99,ON_TRACK
6ce662a2-69fc-4203-a778-3f3e9c59d127,2026-05-18,f516d2da-0168-4498-a19a-15c553b92083,FINANCIAL,18000,48233,1.5,83067.94,0.99,ON_TRACK
049e1bbc-98c5-41c3-afa6-d8a3a3644249,2026-05-18,6e2f27d3-b0a7-41af-ae04-dd93747ab1ab,STUDY,14,0,0,0,0.08,AT_RISK
6197515f-2f75-45bb-ab09-3f7ce458a336,2026-05-18,942340a9-28cf-4419-a543-8fb8ad16ee20,HABIT,5,1,0.2,7,0.99,ON_TRACK
6965ff8b-2eb6-470a-a336-edf467b14239,2026-05-18,f8586d7f-42a8-40bb-a2c6-46993832c939,HABIT,25,32,1.28,32,0.99,ON_TRACK
622f135b-c506-4553-ab1f-9977635ea55a,2026-05-18,2d885db5-09de-4d36-abdc-c357a5253c90,FINANCIAL,96000,72000,0.75,103058.82,0.9879,ON_TRACK
1b3b2fb6-ba0d-4450-a978-a994166fb1fa,2026-05-18,cb90e01c-ad24-4e88-a405-b3ab220b47ca,HABIT,7.2,7.4,1.0278,7.4,0.99,ON_TRACK
d05dfeb5-edb4-4eae-ad41-5e247c4c0391,2026-05-19,f516d2da-0168-4498-a19a-15c553b92083,FINANCIAL,18000,48233,1.5,78695.95,0.99,ON_TRACK
9d440396-c08a-47a0-af97-0e794c6827db,2026-05-19,6e2f27d3-b0a7-41af-ae04-dd93747ab1ab,STUDY,14,3.4,0.2429,11.9,0.7357,NEEDS_ATTENTION
f6048a97-64aa-4444-a8e4-03aea2a8568e,2026-05-19,942340a9-28cf-4419-a543-8fb8ad16ee20,HABIT,5,1,0.2,3.5,0.62,NEEDS_ATTENTION
93e84742-f261-4ff4-ab46-2ce4b041cdcc,2026-05-19,f8586d7f-42a8-40bb-a2c6-46993832c939,HABIT,25,33,1.32,33,0.99,ON_TRACK
db13216e-c04e-4650-a984-bb82b6176968,2026-05-19,2d885db5-09de-4d36-abdc-c357a5253c90,FINANCIAL,96000,72000,0.75,102656.25,0.9849,ON_TRACK
a3aec6dd-0252-4675-a6a8-a8dc6e5c82ec,2026-05-19,cb90e01c-ad24-4e88-a405-b3ab220b47ca,HABIT,7.2,7.3,1.0139,7.3,0.99,ON_TRACK
40493257-0759-4ceb-ab5d-e87481c3528c,2026-05-20,f516d2da-0168-4498-a19a-15c553b92083,FINANCIAL,18000,47846,1.5,74161.3,0.99,ON_TRACK
4df0bd77-21a7-40d5-a9c5-8842aae8cfc0,2026-05-20,6e2f27d3-b0a7-41af-ae04-dd93747ab1ab,STUDY,14,7.4,0.5286,17.27,0.99,ON_TRACK
660324e2-a444-44c2-a1cc-9d30eb8da292,2026-05-20,942340a9-28cf-4419-a543-8fb8ad16ee20,HABIT,5,1,0.2,2.33,0.452,AT_RISK
7e26546b-67a7-4a4a-a69d-7d385ce670c4,2026-05-20,f8586d7f-42a8-40bb-a2c6-46993832c939,HABIT,25,30,1.2,30,0.99,ON_TRACK
6d1ca6f8-5409-4486-a834-44dbb8e0a910,2026-05-20,2d885db5-09de-4d36-abdc-c357a5253c90,FINANCIAL,96000,72000,0.75,102256.81,0.9819,ON_TRACK
57e34244-b148-48f6-a668-6b0a5e754492,2026-05-20,cb90e01c-ad24-4e88-a405-b3ab220b47ca,HABIT,7.2,7.3,1.0139,7.3,0.99,ON_TRACK
642384c1-46f4-4e99-a0e1-97ac807b7d94,2026-05-21,f516d2da-0168-4498-a19a-15c553b92083,FINANCIAL,18000,45557,1.5,67250.81,0.99,ON_TRACK
cf9f6beb-80d2-4dfd-a0a0-71d394244595,2026-05-21,6e2f27d3-b0a7-41af-ae04-dd93747ab1ab,STUDY,14,11.4,0.8143,19.95,0.99,ON_TRACK
b023f0bc-b164-4cb5-ac78-537670ae52e5,2026-05-21,942340a9-28cf-4419-a543-8fb8ad16ee20,HABIT,5,2,0.4,3.5,0.656,NEEDS_ATTENTION
e7afb7a7-5bd7-479e-a7be-df8d98e48697,2026-05-21,f8586d7f-42a8-40bb-a2c6-46993832c939,HABIT,25,35,1.4,35,0.99,ON_TRACK
2670562d-7e66-49db-aa69-bd9d17700ad3,2026-05-21,2d885db5-09de-4d36-abdc-c357a5253c90,FINANCIAL,96000,72000,0.75,101860.47,0.979,ON_TRACK
de966913-3980-4f65-a12a-db83f047eb2d,2026-05-21,cb90e01c-ad24-4e88-a405-b3ab220b47ca,HABIT,7.2,6.4,0.8889,6.4,0.88,ON_TRACK
21cc5f8b-e6a3-4c9b-aaf9-4f55f7893312,2026-05-22,f516d2da-0168-4498-a19a-15c553b92083,FINANCIAL,18000,44489,1.5,62689.05,0.99,ON_TRACK
14e84f7a-69d4-4a9e-a8e0-7cbc17ae2127,2026-05-22,6e2f27d3-b0a7-41af-ae04-dd93747ab1ab,STUDY,14,15,1.0714,21,0.99,ON_TRACK
80294ff9-2d6e-4780-ad70-09e4d9206709,2026-05-22,942340a9-28cf-4419-a543-8fb8ad16ee20,HABIT,5,3,0.6,4.2,0.7928,NEEDS_ATTENTION
50f3e42f-f8bf-4bb3-a7f4-37aa5a46055e,2026-05-22,f8586d7f-42a8-40bb-a2c6-46993832c939,HABIT,25,39,1.5,39,0.99,ON_TRACK
6266a327-e16a-44e7-ab51-3cef06cd082e,2026-05-22,2d885db5-09de-4d36-abdc-c357a5253c90,FINANCIAL,96000,72000,0.75,101467.18,0.976,ON_TRACK
783c18e2-7414-47f2-a6b4-cdf6d5126ee4,2026-05-22,cb90e01c-ad24-4e88-a405-b3ab220b47ca,HABIT,7.2,7.4,1.0278,7.4,0.99,ON_TRACK
8e0e18b4-c859-4527-a5ec-9ab87f44974a,2026-05-23,f516d2da-0168-4498-a19a-15c553b92083,FINANCIAL,18000,43691,1.5,58887.87,0.99,ON_TRACK
6b1f716e-fd26-46f1-a1fc-814469707f78,2026-05-23,6e2f27d3-b0a7-41af-ae04-dd93747ab1ab,STUDY,14,16.9,1.2071,19.72,0.99,ON_TRACK
d129d359-a856-488c-ae2b-b7890092fc52,2026-05-23,942340a9-28cf-4419-a543-8fb8ad16ee20,HABIT,5,3,0.6,3.5,0.692,NEEDS_ATTENTION
753246bc-8245-4407-a0a0-09d9055b6ee9,2026-05-23,f8586d7f-42a8-40bb-a2c6-46993832c939,HABIT,25,28,1.12,28,0.99,ON_TRACK
8db9ece8-4d63-4376-a019-513f554c9ca3,2026-05-23,2d885db5-09de-4d36-abdc-c357a5253c90,FINANCIAL,96000,72000,0.75,101076.92,0.9731,ON_TRACK
9b89fad0-fb6f-4fc7-ae30-8f13fb40ac10,2026-05-23,cb90e01c-ad24-4e88-a405-b3ab220b47ca,HABIT,7.2,7.2,1,7.2,0.98,ON_TRACK
0b1c9e64-72e7-4f6c-a3fd-7898f0f0863c,2026-05-24,f516d2da-0168-4498-a19a-15c553b92083,FINANCIAL,18000,42937,1.5,55460.29,0.99,ON_TRACK
1aeefe7a-41db-47b8-acd2-2b1a74488cd1,2026-05-24,6e2f27d3-b0a7-41af-ae04-dd93747ab1ab,STUDY,14,20.6,1.4714,20.6,0.99,ON_TRACK
8f17e28b-c59f-41cf-ae4d-ca9cbf325b87,2026-05-24,942340a9-28cf-4419-a543-8fb8ad16ee20,HABIT,5,3,0.6,3,0.62,NEEDS_ATTENTION
65084ab9-a2e9-430b-ab04-38fa996e05a3,2026-05-24,f8586d7f-42a8-40bb-a2c6-46993832c939,HABIT,25,0,0,0,0.08,AT_RISK
1f12184a-7781-4fa8-a72d-2da788c523f6,2026-05-24,2d885db5-09de-4d36-abdc-c357a5253c90,FINANCIAL,96000,72000,0.75,100689.66,0.9702,ON_TRACK
58a24cdd-7e0b-4605-af28-e7cee27f11f5,2026-05-24,cb90e01c-ad24-4e88-a405-b3ab220b47ca,HABIT,7.2,7.5,1.0417,7.5,0.99,ON_TRACK
a042a54e-81b8-4e3a-a707-f616cd50421e,2026-05-25,f516d2da-0168-4498-a19a-15c553b92083,FINANCIAL,18000,42552,1.5,52764.48,0.99,ON_TRACK
b6552744-5278-4643-a753-18d642be109c,2026-05-25,6e2f27d3-b0a7-41af-ae04-dd93747ab1ab,STUDY,14,3.5,0.25,24.5,0.99,ON_TRACK
24fc085b-77a1-4933-afa4-6e6c047ac7dc,2026-05-25,942340a9-28cf-4419-a543-8fb8ad16ee20,HABIT,5,1,0.2,7,0.99,ON_TRACK
d988489b-4f69-4068-a9d2-af8900d542a0,2026-05-25,f8586d7f-42a8-40bb-a2c6-46993832c939,HABIT,25,24,0.96,24,0.944,ON_TRACK
a20fd3ef-c645-4969-aa15-28da563847f0,2026-05-25,2d885db5-09de-4d36-abdc-c357a5253c90,FINANCIAL,96000,72000,0.75,100305.34,0.9673,ON_TRACK
e9924414-8a4f-4374-a5bc-069179711619,2026-05-25,cb90e01c-ad24-4e88-a405-b3ab220b47ca,HABIT,7.2,7.7,1.0694,7.7,0.99,ON_TRACK
35452efd-b926-4375-a2c0-e88772eee1ed,2026-05-26,f516d2da-0168-4498-a19a-15c553b92083,FINANCIAL,18000,42246,1.5,50370.23,0.99,ON_TRACK
d4de53f7-9f4f-4921-a567-f525f4747e8b,2026-05-26,6e2f27d3-b0a7-41af-ae04-dd93747ab1ab,STUDY,14,4.9,0.35,17.15,0.99,ON_TRACK
bdec4d98-d250-4008-aebb-283e1f30260a,2026-05-26,942340a9-28cf-4419-a543-8fb8ad16ee20,HABIT,5,2,0.4,7,0.99,ON_TRACK
2369cb53-acd4-4d1f-a872-a5e8437d18d2,2026-05-26,f8586d7f-42a8-40bb-a2c6-46993832c939,HABIT,25,32,1.28,32,0.99,ON_TRACK
ffee045e-45c3-4655-aab4-5151b6f8b80a,2026-05-26,2d885db5-09de-4d36-abdc-c357a5253c90,FINANCIAL,96000,72000,0.75,99923.95,0.9644,ON_TRACK
72b2173e-684a-499b-a438-66e1fd169ad7,2026-05-26,cb90e01c-ad24-4e88-a405-b3ab220b47ca,HABIT,7.2,7.3,1.0139,7.3,0.99,ON_TRACK
7485736e-63ce-442e-ad82-be1362af36cb,2026-05-27,f516d2da-0168-4498-a19a-15c553b92083,FINANCIAL,18000,41842,1.5,48040.81,0.99,ON_TRACK
16acd225-7355-44cd-a7c1-168b2700a5f8,2026-05-27,6e2f27d3-b0a7-41af-ae04-dd93747ab1ab,STUDY,14,8.6,0.6143,20.07,0.99,ON_TRACK
e2547654-6595-413a-aafc-90df025c65f4,2026-05-27,942340a9-28cf-4419-a543-8fb8ad16ee20,HABIT,5,2,0.4,4.67,0.824,NEEDS_ATTENTION
dc504cb2-7ec8-4637-adb9-5d765ea8d5e6,2026-05-27,f8586d7f-42a8-40bb-a2c6-46993832c939,HABIT,25,36,1.44,36,0.99,ON_TRACK
eeca0d7c-19a6-49f6-adb0-c9e9e529a1ce,2026-05-27,2d885db5-09de-4d36-abdc-c357a5253c90,FINANCIAL,96000,72000,0.75,99545.45,0.9616,ON_TRACK
655c6074-592f-4a7a-a713-6f1d1e94ba5b,2026-05-27,cb90e01c-ad24-4e88-a405-b3ab220b47ca,HABIT,7.2,6.7,0.9306,6.7,0.9175,ON_TRACK
3a935755-1873-4b54-a3ee-d54de62148f2,2026-05-28,f516d2da-0168-4498-a19a-15c553b92083,FINANCIAL,18000,41659,1.5,46122.46,0.99,ON_TRACK
41c33edf-1f8a-4dec-a60a-f956a6c900c8,2026-05-28,6e2f27d3-b0a7-41af-ae04-dd93747ab1ab,STUDY,14,8.6,0.6143,15.05,0.9646,ON_TRACK
f6e2ba6b-d642-4444-adba-7800bade2a15,2026-05-28,942340a9-28cf-4419-a543-8fb8ad16ee20,HABIT,5,3,0.6,5.25,0.944,ON_TRACK
2f2cdf41-5e04-4e1b-a47e-c223bbb52e84,2026-05-28,f8586d7f-42a8-40bb-a2c6-46993832c939,HABIT,25,31,1.24,31,0.99,ON_TRACK
2317f95a-0c57-48da-a303-499438a9fb9e,2026-05-28,2d885db5-09de-4d36-abdc-c357a5253c90,FINANCIAL,96000,72000,0.75,99169.81,0.9588,ON_TRACK
1037bb7c-a61f-4a48-a7d2-144416964b2a,2026-05-28,cb90e01c-ad24-4e88-a405-b3ab220b47ca,HABIT,7.2,6.7,0.9306,6.7,0.9175,ON_TRACK
1d3b76b8-4b71-40b9-a0c3-0c857933d47b,2026-05-29,f516d2da-0168-4498-a19a-15c553b92083,FINANCIAL,18000,41464,1.5,44323.59,0.99,ON_TRACK
f35c6714-0bc9-424f-adfa-fc4ae09d93e5,2026-05-29,6e2f27d3-b0a7-41af-ae04-dd93747ab1ab,STUDY,14,8.6,0.6143,12.04,0.8098,NEEDS_ATTENTION
fe189c45-b9b1-45b0-acfd-9f2a2cd4e464,2026-05-29,942340a9-28cf-4419-a543-8fb8ad16ee20,HABIT,5,4,0.8,5.6,0.99,ON_TRACK
cf9483a9-37e0-4e3c-a690-c617baa48e1b,2026-05-29,f8586d7f-42a8-40bb-a2c6-46993832c939,HABIT,25,43,1.5,43,0.99,ON_TRACK
9b700fad-1a3d-4903-a3c9-6b0a70693774,2026-05-29,2d885db5-09de-4d36-abdc-c357a5253c90,FINANCIAL,96000,72000,0.75,98796.99,0.956,ON_TRACK
07e168ea-a781-43dc-a892-285cabc2adc8,2026-05-29,cb90e01c-ad24-4e88-a405-b3ab220b47ca,HABIT,7.2,6.6,0.9167,6.6,0.905,ON_TRACK
eb574f37-022a-4b43-a030-c25edad01d7c,2026-05-30,f516d2da-0168-4498-a19a-15c553b92083,FINANCIAL,18000,41036,1.5,42403.87,0.99,ON_TRACK
79c7348e-547d-41d2-ac89-b7ce45095889,2026-05-30,6e2f27d3-b0a7-41af-ae04-dd93747ab1ab,STUDY,14,11.7,0.8357,13.65,0.9324,ON_TRACK
39dcc2b1-0a55-43e7-a3f9-6a8b1fed7d5b,2026-05-30,942340a9-28cf-4419-a543-8fb8ad16ee20,HABIT,5,4,0.8,4.67,0.896,ON_TRACK
b74cc6f9-4d33-48b9-af66-d4d6da1a2b24,2026-05-30,f8586d7f-42a8-40bb-a2c6-46993832c939,HABIT,25,42,1.5,42,0.99,ON_TRACK
f1e98943-b80b-47ed-a1b6-bfe0c2d36008,2026-05-30,2d885db5-09de-4d36-abdc-c357a5253c90,FINANCIAL,96000,72000,0.75,98426.97,0.9532,ON_TRACK
5555939e-d9cb-44dc-ab4d-4dcbf89bca2d,2026-05-30,cb90e01c-ad24-4e88-a405-b3ab220b47ca,HABIT,7.2,6.9,0.9583,6.9,0.9425,ON_TRACK
7065d19a-d117-43b0-a30d-3e256e8a1e0b,2026-05-31,f516d2da-0168-4498-a19a-15c553b92083,FINANCIAL,18000,38792,1.5,38792,0.99,ON_TRACK
0328b749-5425-4c3a-a6d3-a0cf9f482e7f,2026-05-31,6e2f27d3-b0a7-41af-ae04-dd93747ab1ab,STUDY,14,13.4,0.9571,13.4,0.9414,ON_TRACK
684478af-1b47-4a31-a84f-1a5cef451080,2026-05-31,942340a9-28cf-4419-a543-8fb8ad16ee20,HABIT,5,4,0.8,4,0.8,NEEDS_ATTENTION
2f1f42c1-2fe7-4525-a79c-34d2650d8dba,2026-05-31,f8586d7f-42a8-40bb-a2c6-46993832c939,HABIT,25,41,1.5,41,0.99,ON_TRACK
c868ace3-ef49-45f0-abf9-5f990855e8bd,2026-05-31,2d885db5-09de-4d36-abdc-c357a5253c90,FINANCIAL,96000,72000,0.75,98059.7,0.9504,ON_TRACK
369d27d6-493e-4985-a5a8-4149020c49df,2026-05-31,cb90e01c-ad24-4e88-a405-b3ab220b47ca,HABIT,7.2,7.9,1.0972,7.9,0.99,ON_TRACK
d3509315-47a7-455a-ab0f-f04c7524b3c9,2026-06-01,f516d2da-0168-4498-a19a-15c553b92083,FINANCIAL,18000,86781,1.5,2603430,0.99,ON_TRACK
906e9916-dd6d-4eb3-a265-acf6864a89bc,2026-06-01,6e2f27d3-b0a7-41af-ae04-dd93747ab1ab,STUDY,14,0,0,0,0.08,AT_RISK
de3b96ca-be39-45f9-acf4-3d82510a7bee,2026-06-01,942340a9-28cf-4419-a543-8fb8ad16ee20,HABIT,5,1,0.2,7,0.99,ON_TRACK
0a7abed8-216c-4e88-a480-3ca8c0aff73f,2026-06-01,f8586d7f-42a8-40bb-a2c6-46993832c939,HABIT,25,0,0,0,0.08,AT_RISK
911912f0-66e7-4c3d-a10b-cd02aae4d21b,2026-06-01,2d885db5-09de-4d36-abdc-c357a5253c90,FINANCIAL,96000,72000,0.75,97695.17,0.9477,ON_TRACK
1688cb1e-eacd-4657-af28-dd17b76e68c6,2026-06-01,cb90e01c-ad24-4e88-a405-b3ab220b47ca,HABIT,7.2,7.1,0.9861,7.1,0.9675,ON_TRACK
27f4ab95-5ca7-4035-a469-98f96a4a7379,2026-06-02,f516d2da-0168-4498-a19a-15c553b92083,FINANCIAL,18000,64565,1.5,968475,0.99,ON_TRACK
5764b3cf-bf1a-46e7-ae66-23b9e986c795,2026-06-02,6e2f27d3-b0a7-41af-ae04-dd93747ab1ab,STUDY,14,1.3,0.0929,4.55,0.3307,AT_RISK
9496dd37-0ca0-4afa-a8a1-f35b193e51b6,2026-06-02,942340a9-28cf-4419-a543-8fb8ad16ee20,HABIT,5,1,0.2,3.5,0.62,NEEDS_ATTENTION
d0d35fb6-2b44-40e7-afdd-1ac27b06bfa9,2026-06-02,f8586d7f-42a8-40bb-a2c6-46993832c939,HABIT,25,32,1.28,32,0.99,ON_TRACK
266298b2-9665-4bbf-a140-4603c297fe4c,2026-06-02,2d885db5-09de-4d36-abdc-c357a5253c90,FINANCIAL,96000,72000,0.75,97333.33,0.945,ON_TRACK
7e90c6f1-76e9-41b0-a8f6-151851b51d5c,2026-06-02,cb90e01c-ad24-4e88-a405-b3ab220b47ca,HABIT,7.2,6.7,0.9306,6.7,0.9175,ON_TRACK
d578ad50-8d9a-4611-aca8-0aaed852387a,2026-06-03,f516d2da-0168-4498-a19a-15c553b92083,FINANCIAL,18000,63741,1.5,637410,0.99,ON_TRACK
bc10918f-9e74-4ed6-a70a-94a7b8b11d2f,2026-06-03,6e2f27d3-b0a7-41af-ae04-dd93747ab1ab,STUDY,14,2.3,0.1643,5.37,0.3856,AT_RISK
08ff7534-5dd4-46db-a49c-ab8daec6e301,2026-06-03,942340a9-28cf-4419-a543-8fb8ad16ee20,HABIT,5,1,0.2,2.33,0.452,AT_RISK
bb8292f7-222f-4fe6-ace3-112327d3f9d2,2026-06-03,f8586d7f-42a8-40bb-a2c6-46993832c939,HABIT,25,26,1.04,26,0.99,ON_TRACK
aed9d9bd-9e5a-4a65-a367-4abf9ac1e928,2026-06-03,2d885db5-09de-4d36-abdc-c357a5253c90,FINANCIAL,96000,72000,0.75,96974.17,0.9423,ON_TRACK
9b08a0f8-79d5-4065-a899-d01aa85d4036,2026-06-03,cb90e01c-ad24-4e88-a405-b3ab220b47ca,HABIT,7.2,6.5,0.9028,6.5,0.8925,ON_TRACK
ec2afb69-0cd7-4e7d-aed6-14749e4fab3c,2026-06-04,f516d2da-0168-4498-a19a-15c553b92083,FINANCIAL,18000,63741,1.5,478057.5,0.99,ON_TRACK
ead7c788-943d-4258-a625-6690f512ca15,2026-06-04,6e2f27d3-b0a7-41af-ae04-dd93747ab1ab,STUDY,14,2.3,0.1643,4.02,0.3166,AT_RISK
f75c905d-2a73-4b81-a10d-a7060468876b,2026-06-04,942340a9-28cf-4419-a543-8fb8ad16ee20,HABIT,5,2,0.4,3.5,0.656,NEEDS_ATTENTION
9ddb4b9d-654d-4454-ab2e-4905119b6c79,2026-06-04,f8586d7f-42a8-40bb-a2c6-46993832c939,HABIT,25,33,1.32,33,0.99,ON_TRACK
aab943e1-de5c-4b53-a143-2cf27c1d1577,2026-06-04,2d885db5-09de-4d36-abdc-c357a5253c90,FINANCIAL,96000,72000,0.75,96617.65,0.9396,ON_TRACK
218aa81e-ed0b-450c-acc7-ed5ad83ea597,2026-06-04,cb90e01c-ad24-4e88-a405-b3ab220b47ca,HABIT,7.2,7.1,0.9861,7.1,0.9675,ON_TRACK
791277a9-3d68-4d69-a1a9-c44de67c0471,2026-06-05,f516d2da-0168-4498-a19a-15c553b92083,FINANCIAL,18000,58316,1.5,349896,0.99,ON_TRACK
f8bc4b8e-2bbf-461b-a8d6-bfa9e4cc89c2,2026-06-05,6e2f27d3-b0a7-41af-ae04-dd93747ab1ab,STUDY,14,5.7,0.4071,7.98,0.5637,AT_RISK
cb1dd92a-37c7-4561-a915-ea8acab99180,2026-06-05,942340a9-28cf-4419-a543-8fb8ad16ee20,HABIT,5,3,0.6,4.2,0.7928,NEEDS_ATTENTION
a70da311-400b-49a1-a5cb-e3130d8eddb8,2026-06-05,f8586d7f-42a8-40bb-a2c6-46993832c939,HABIT,25,39,1.5,39,0.99,ON_TRACK
6eb397bc-5fb8-4f4a-aa51-435327b28c92,2026-06-05,2d885db5-09de-4d36-abdc-c357a5253c90,FINANCIAL,96000,72000,0.75,96263.74,0.937,ON_TRACK
14d2aa1b-7720-4eb0-a761-effeb97a038a,2026-06-05,cb90e01c-ad24-4e88-a405-b3ab220b47ca,HABIT,7.2,6.5,0.9028,6.5,0.8925,ON_TRACK
7b22a8f6-4e4d-4147-addb-b6b8ecc88712,2026-06-06,f516d2da-0168-4498-a19a-15c553b92083,FINANCIAL,18000,58316,1.5,291580,0.99,ON_TRACK
51244217-5971-4772-a9ee-593370e8356d,2026-06-06,6e2f27d3-b0a7-41af-ae04-dd93747ab1ab,STUDY,14,8.3,0.5929,9.68,0.6847,NEEDS_ATTENTION
b6767a5d-bbf5-460b-a607-3675da4c51d2,2026-06-06,942340a9-28cf-4419-a543-8fb8ad16ee20,HABIT,5,4,0.8,4.67,0.896,ON_TRACK
b45878c7-cd34-4e5b-a7ad-cd7a75c2c871,2026-06-06,f8586d7f-42a8-40bb-a2c6-46993832c939,HABIT,25,45,1.5,45,0.99,ON_TRACK
ab66b96c-ae09-4898-adb4-a72a3281bae4,2026-06-06,2d885db5-09de-4d36-abdc-c357a5253c90,FINANCIAL,96000,72000,0.75,95912.41,0.9343,ON_TRACK
5f448cc5-f45e-4555-a95b-2bb9a9aea2f4,2026-06-06,cb90e01c-ad24-4e88-a405-b3ab220b47ca,HABIT,7.2,7.2,1,7.2,0.98,ON_TRACK
7ec7aabe-2f02-4dad-acbd-890d6a40673b,2026-06-07,f516d2da-0168-4498-a19a-15c553b92083,FINANCIAL,18000,57417,1.5,246072.86,0.99,ON_TRACK
40ebd4cc-597f-4eca-a038-f75d1bc3ab35,2026-06-07,6e2f27d3-b0a7-41af-ae04-dd93747ab1ab,STUDY,14,10.9,0.7786,10.9,0.7807,NEEDS_ATTENTION
8b518223-949d-4ce8-a5dc-e7c5eb9bcfb6,2026-06-07,942340a9-28cf-4419-a543-8fb8ad16ee20,HABIT,5,4,0.8,4,0.8,NEEDS_ATTENTION
46718fab-0213-49f7-a606-26a34f444d2b,2026-06-07,f8586d7f-42a8-40bb-a2c6-46993832c939,HABIT,25,41,1.5,41,0.99,ON_TRACK
d8164937-25c7-410b-a994-a08fac920807,2026-06-07,2d885db5-09de-4d36-abdc-c357a5253c90,FINANCIAL,96000,72000,0.75,95563.64,0.9317,ON_TRACK
d9622223-a899-4a60-a78f-ba495eed1734,2026-06-07,cb90e01c-ad24-4e88-a405-b3ab220b47ca,HABIT,7.2,7.7,1.0694,7.7,0.99,ON_TRACK
84a529ee-984a-4c35-ae89-9bb1342f25fb,2026-06-08,f516d2da-0168-4498-a19a-15c553b92083,FINANCIAL,18000,55916,1.5,209685,0.99,ON_TRACK
ed7ad204-8586-4183-a66f-779600648d37,2026-06-08,6e2f27d3-b0a7-41af-ae04-dd93747ab1ab,STUDY,14,0,0,0,0.08,AT_RISK
d16f64d2-7c8b-43f9-a3dd-6eaa26cc07ef,2026-06-08,942340a9-28cf-4419-a543-8fb8ad16ee20,HABIT,5,1,0.2,7,0.99,ON_TRACK
43c855fd-5bf3-477c-add3-fe091086ed85,2026-06-08,f8586d7f-42a8-40bb-a2c6-46993832c939,HABIT,25,33,1.32,33,0.99,ON_TRACK
e1468655-092d-4c84-aefb-fa782a67e320,2026-06-08,2d885db5-09de-4d36-abdc-c357a5253c90,FINANCIAL,96000,72000,0.75,95217.39,0.9291,ON_TRACK
feec0c77-8951-4b3f-aaf9-724286b59528,2026-06-08,cb90e01c-ad24-4e88-a405-b3ab220b47ca,HABIT,7.2,7.3,1.0139,7.3,0.99,ON_TRACK
8bd13fc2-2e87-4d44-a70f-c34cceab039a,2026-06-09,f516d2da-0168-4498-a19a-15c553b92083,FINANCIAL,18000,55249,1.5,184163.33,0.99,ON_TRACK
93cdc398-991e-4a16-a080-a2250a0edac8,2026-06-09,6e2f27d3-b0a7-41af-ae04-dd93747ab1ab,STUDY,14,1.4,0.1,4.9,0.35,AT_RISK
d07293eb-7ade-4b6e-a168-c9fe56e7cde6,2026-06-09,942340a9-28cf-4419-a543-8fb8ad16ee20,HABIT,5,2,0.4,7,0.99,ON_TRACK
980853a5-2a60-4559-ab75-fd305e11e7e9,2026-06-09,f8586d7f-42a8-40bb-a2c6-46993832c939,HABIT,25,41,1.5,41,0.99,ON_TRACK
6f7f7af8-f337-4eae-a2be-3b3418c848ec,2026-06-09,2d885db5-09de-4d36-abdc-c357a5253c90,FINANCIAL,96000,72000,0.75,94873.65,0.9266,ON_TRACK
5c1397cd-1b1c-4a4f-a880-1f6eb980c9cb,2026-06-09,cb90e01c-ad24-4e88-a405-b3ab220b47ca,HABIT,7.2,7,0.9722,7,0.955,ON_TRACK
5ecdfb8f-3a13-4ab7-afcc-1eb881f64cba,2026-06-10,f516d2da-0168-4498-a19a-15c553b92083,FINANCIAL,18000,46161,1.5,138483,0.99,ON_TRACK
cc963d49-7851-4985-a25d-9c2ef46fb61a,2026-06-10,6e2f27d3-b0a7-41af-ae04-dd93747ab1ab,STUDY,14,4.3,0.3071,10.03,0.6513,NEEDS_ATTENTION
814e9e82-916b-47b8-a481-99044abd1f1d,2026-06-10,942340a9-28cf-4419-a543-8fb8ad16ee20,HABIT,5,2,0.4,4.67,0.824,NEEDS_ATTENTION
e3945f3d-a840-4f75-a50c-2e5f4f20b450,2026-06-10,f8586d7f-42a8-40bb-a2c6-46993832c939,HABIT,25,24,0.96,24,0.944,ON_TRACK
7e3be77d-5c2f-4a11-ac3a-caa52f55cd69,2026-06-10,2d885db5-09de-4d36-abdc-c357a5253c90,FINANCIAL,96000,80000,0.8333,105035.97,0.99,ON_TRACK
4223f13c-7831-44db-afbc-8d90aa2d6770,2026-06-10,cb90e01c-ad24-4e88-a405-b3ab220b47ca,HABIT,7.2,6.6,0.9167,6.6,0.905,ON_TRACK
eb662828-0641-43ac-a366-6629a117e7a4,2026-06-11,f516d2da-0168-4498-a19a-15c553b92083,FINANCIAL,18000,46161,1.5,125893.64,0.99,ON_TRACK
fa71e692-274f-4d9d-ac73-bcd6930fad00,2026-06-11,6e2f27d3-b0a7-41af-ae04-dd93747ab1ab,STUDY,14,7,0.5,12.25,0.8,NEEDS_ATTENTION
e18e486e-9e1d-4bdc-a73f-749af02eed2d,2026-06-11,942340a9-28cf-4419-a543-8fb8ad16ee20,HABIT,5,2,0.4,3.5,0.656,NEEDS_ATTENTION
01578632-840e-4064-ae81-d724374506f6,2026-06-11,f8586d7f-42a8-40bb-a2c6-46993832c939,HABIT,25,34,1.36,34,0.99,ON_TRACK
39e6d2cd-7ad1-49b1-ad99-542d68ede9b9,2026-06-11,2d885db5-09de-4d36-abdc-c357a5253c90,FINANCIAL,96000,80000,0.8333,104659.5,0.99,ON_TRACK
abb993ec-4dff-4625-a101-8e8ddc8e7f04,2026-06-11,cb90e01c-ad24-4e88-a405-b3ab220b47ca,HABIT,7.2,7.4,1.0278,7.4,0.99,ON_TRACK
934e4335-f5d7-424b-a2d0-16f1b6eff949,2026-06-12,f516d2da-0168-4498-a19a-15c553b92083,FINANCIAL,18000,45802,1.5,114505,0.99,ON_TRACK
82e73c4c-f101-43ef-a733-32d330cbb826,2026-06-12,6e2f27d3-b0a7-41af-ae04-dd93747ab1ab,STUDY,14,9.3,0.6643,13.02,0.8692,ON_TRACK
32aec54c-83db-41d3-ae8a-4d93633ddaff,2026-06-12,942340a9-28cf-4419-a543-8fb8ad16ee20,HABIT,5,3,0.6,4.2,0.7928,NEEDS_ATTENTION
077391b7-01e2-4bfa-acc1-ce292f2071fd,2026-06-12,f8586d7f-42a8-40bb-a2c6-46993832c939,HABIT,25,36,1.44,36,0.99,ON_TRACK
1e8b19fa-b35f-4b42-ae46-a30cfb2be147,2026-06-12,2d885db5-09de-4d36-abdc-c357a5253c90,FINANCIAL,96000,80000,0.8333,104285.71,0.99,ON_TRACK
9ab9cd29-41a1-4e54-a02e-eae3355273eb,2026-06-12,cb90e01c-ad24-4e88-a405-b3ab220b47ca,HABIT,7.2,6.5,0.9028,6.5,0.8925,ON_TRACK
1f9a2c7a-7c4a-4c4e-a398-6f8a2b0b19c0,2026-06-13,f516d2da-0168-4498-a19a-15c553b92083,FINANCIAL,18000,43333,1.5,99999.23,0.99,ON_TRACK
164783a7-8c91-4f60-ae3c-508d5dce238c,2026-06-13,6e2f27d3-b0a7-41af-ae04-dd93747ab1ab,STUDY,14,11.9,0.85,13.88,0.947,ON_TRACK
c0047c2d-d418-4e01-a77a-f94da1c1bbd5,2026-06-13,942340a9-28cf-4419-a543-8fb8ad16ee20,HABIT,5,4,0.8,4.67,0.896,ON_TRACK
9f854ab4-b35f-449c-afbc-27f7094f7817,2026-06-13,f8586d7f-42a8-40bb-a2c6-46993832c939,HABIT,25,40,1.5,40,0.99,ON_TRACK
a83282fd-1956-4714-a16f-552df971238d,2026-06-13,2d885db5-09de-4d36-abdc-c357a5253c90,FINANCIAL,96000,80000,0.8333,103914.59,0.99,ON_TRACK
902570e1-dad8-4777-a0e0-ff02c322c710,2026-06-13,cb90e01c-ad24-4e88-a405-b3ab220b47ca,HABIT,7.2,7.9,1.0972,7.9,0.99,ON_TRACK
450e2d02-fef8-4507-ad0a-6359294de52f,2026-06-14,f516d2da-0168-4498-a19a-15c553b92083,FINANCIAL,18000,41440,1.5,88800,0.99,ON_TRACK
94712d3d-7f17-4f4e-ab06-10752cb58448,2026-06-14,6e2f27d3-b0a7-41af-ae04-dd93747ab1ab,STUDY,14,13.8,0.9857,13.8,0.9671,ON_TRACK
b3c2c910-33e2-4fc9-ae2b-cdbebb2999ce,2026-06-14,942340a9-28cf-4419-a543-8fb8ad16ee20,HABIT,5,4,0.8,4,0.8,NEEDS_ATTENTION
3e8dde6c-516c-4458-a6d5-5ae5680b2c50,2026-06-14,f8586d7f-42a8-40bb-a2c6-46993832c939,HABIT,25,25,1,25,0.98,ON_TRACK
a7d096de-a179-4495-a702-b1d56c50cfed,2026-06-14,2d885db5-09de-4d36-abdc-c357a5253c90,FINANCIAL,96000,80000,0.8333,103546.1,0.99,ON_TRACK
49921e28-3fb8-44a9-a221-3cf65105a47a,2026-06-14,cb90e01c-ad24-4e88-a405-b3ab220b47ca,HABIT,7.2,7.4,1.0278,7.4,0.99,ON_TRACK
a47965a5-9940-400d-a67c-ecf0ad0a8aea,2026-06-15,f516d2da-0168-4498-a19a-15c553b92083,FINANCIAL,18000,40220,1.5,80440,0.99,ON_TRACK
02cb8281-57cc-4c6a-aa78-e2bbd81d9563,2026-06-15,6e2f27d3-b0a7-41af-ae04-dd93747ab1ab,STUDY,14,1.4,0.1,9.8,0.602,NEEDS_ATTENTION
c607d44f-9ffd-42ae-a30f-70c24e13bcc9,2026-06-15,942340a9-28cf-4419-a543-8fb8ad16ee20,HABIT,5,0,0,0,0.08,AT_RISK
0c2d9a61-cdab-4f02-a0ea-793b5f85383d,2026-06-15,f8586d7f-42a8-40bb-a2c6-46993832c939,HABIT,25,41,1.5,41,0.99,ON_TRACK
a164c93c-a15d-4003-a4d0-17b79330c84c,2026-06-15,2d885db5-09de-4d36-abdc-c357a5253c90,FINANCIAL,96000,80000,0.8333,103180.21,0.99,ON_TRACK
ab4d8e52-31f6-442a-a5e7-289764730a60,2026-06-15,cb90e01c-ad24-4e88-a405-b3ab220b47ca,HABIT,7.2,7,0.9722,7,0.955,ON_TRACK
86ffdc96-8724-4dd9-a963-794d6e09b433,2026-06-16,f516d2da-0168-4498-a19a-15c553b92083,FINANCIAL,18000,36869,1.5,69129.38,0.99,ON_TRACK
95278995-9ad4-415d-a800-b28001a2182f,2026-06-16,6e2f27d3-b0a7-41af-ae04-dd93747ab1ab,STUDY,14,2.4,0.1714,8.4,0.5429,AT_RISK
daeebd42-f3cc-4126-a22c-36a0649f82cf,2026-06-16,942340a9-28cf-4419-a543-8fb8ad16ee20,HABIT,5,1,0.2,3.5,0.62,NEEDS_ATTENTION
e69fbf79-70ac-49bc-a527-0073596de82e,2026-06-16,f8586d7f-42a8-40bb-a2c6-46993832c939,HABIT,25,0,0,0,0.08,AT_RISK
3baa02c9-38c6-421e-a8dd-6fd831cc67cb,2026-06-16,2d885db5-09de-4d36-abdc-c357a5253c90,FINANCIAL,96000,80000,0.8333,102816.9,0.99,ON_TRACK
d8aa427d-f335-42a2-a74a-5fb50aa6eaaf,2026-06-16,cb90e01c-ad24-4e88-a405-b3ab220b47ca,HABIT,7.2,7.3,1.0139,7.3,0.99,ON_TRACK
8ea41775-7f23-41d8-a9e7-4b1a6c4d9d75,2026-06-17,f516d2da-0168-4498-a19a-15c553b92083,FINANCIAL,18000,36391,1.5,64219.41,0.99,ON_TRACK
6c3bd027-110b-4874-aee3-f2629f7510ec,2026-06-17,6e2f27d3-b0a7-41af-ae04-dd93747ab1ab,STUDY,14,4.2,0.3,9.8,0.638,NEEDS_ATTENTION
e1d3f740-295d-4bd0-aec9-3476a452234b,2026-06-17,942340a9-28cf-4419-a543-8fb8ad16ee20,HABIT,5,1,0.2,2.33,0.452,AT_RISK
b4129d6f-2225-4ad0-a1d8-72f4c19a4a12,2026-06-17,f8586d7f-42a8-40bb-a2c6-46993832c939,HABIT,25,30,1.2,30,0.99,ON_TRACK
38f11cc2-0ceb-475b-a20e-5adecd034742,2026-06-17,2d885db5-09de-4d36-abdc-c357a5253c90,FINANCIAL,96000,80000,0.8333,102456.14,0.99,ON_TRACK
cb5f8d94-23d2-454d-a0df-4038790a2f74,2026-06-17,cb90e01c-ad24-4e88-a405-b3ab220b47ca,HABIT,7.2,6.7,0.9306,6.7,0.9175,ON_TRACK
3e5416a3-3915-49d2-a7fc-23977b6f7630,2026-06-18,f516d2da-0168-4498-a19a-15c553b92083,FINANCIAL,18000,36006,1.5,60010,0.99,ON_TRACK
4da3f486-38d8-4f70-ad91-9f0496c3c94c,2026-06-18,6e2f27d3-b0a7-41af-ae04-dd93747ab1ab,STUDY,14,5.4,0.3857,9.45,0.6354,NEEDS_ATTENTION
0a3c90b5-7ce4-4173-a845-1f86e439ce7b,2026-06-18,942340a9-28cf-4419-a543-8fb8ad16ee20,HABIT,5,2,0.4,3.5,0.656,NEEDS_ATTENTION
14311a0a-6e8b-4864-a4cd-d662b3bea289,2026-06-18,f8586d7f-42a8-40bb-a2c6-46993832c939,HABIT,25,0,0,0,0.08,AT_RISK
6a60c54e-029b-4189-a4dc-087f39c91bb4,2026-06-18,2d885db5-09de-4d36-abdc-c357a5253c90,FINANCIAL,96000,80000,0.8333,102097.9,0.99,ON_TRACK
3b955902-7ffd-4951-a273-bc8d91cbd944,2026-06-18,cb90e01c-ad24-4e88-a405-b3ab220b47ca,HABIT,7.2,7,0.9722,7,0.955,ON_TRACK
b26006f7-4a2a-4688-accc-4b7c78c10f5e,2026-06-19,f516d2da-0168-4498-a19a-15c553b92083,FINANCIAL,18000,35840,1.5,56589.47,0.99,ON_TRACK
be6dcde6-224d-4c62-a69e-e885de41325c,2026-06-19,6e2f27d3-b0a7-41af-ae04-dd93747ab1ab,STUDY,14,8.7,0.6214,12.18,0.8183,NEEDS_ATTENTION
03a3d5db-d044-412f-a2e8-98f84c79bbf8,2026-06-19,942340a9-28cf-4419-a543-8fb8ad16ee20,HABIT,5,3,0.6,4.2,0.7928,NEEDS_ATTENTION
4ad74382-7ab7-4fff-ad07-8093749296dc,2026-06-19,f8586d7f-42a8-40bb-a2c6-46993832c939,HABIT,25,29,1.16,29,0.99,ON_TRACK
401f9e8f-5548-406e-aa88-1fd727861238,2026-06-19,2d885db5-09de-4d36-abdc-c357a5253c90,FINANCIAL,96000,80000,0.8333,101742.16,0.99,ON_TRACK
b6b6ee92-5e88-4870-ace5-99ceaeef89ee,2026-06-19,cb90e01c-ad24-4e88-a405-b3ab220b47ca,HABIT,7.2,7,0.9722,7,0.955,ON_TRACK
a17df51a-ba8c-4960-a19b-0ef3498fb815,2026-06-20,f516d2da-0168-4498-a19a-15c553b92083,FINANCIAL,18000,34201,1.5,51301.5,0.99,ON_TRACK
42ad3ce6-c248-4868-a7dc-1ecbce587c75,2026-06-20,6e2f27d3-b0a7-41af-ae04-dd93747ab1ab,STUDY,14,8.7,0.6214,10.15,0.7139,NEEDS_ATTENTION
b850a6c8-cafd-4f94-aabc-dd383b15e6fd,2026-06-20,942340a9-28cf-4419-a543-8fb8ad16ee20,HABIT,5,3,0.6,3.5,0.692,NEEDS_ATTENTION
ae09eb1b-392e-40a9-a530-96aacc406175,2026-06-20,f8586d7f-42a8-40bb-a2c6-46993832c939,HABIT,25,41,1.5,41,0.99,ON_TRACK
da33d84c-fc61-4a7a-a64d-8df15ba3b04c,2026-06-20,2d885db5-09de-4d36-abdc-c357a5253c90,FINANCIAL,96000,80000,0.8333,101388.89,0.99,ON_TRACK
5fbf6388-9c95-43de-a668-315ce7fd856c,2026-06-20,cb90e01c-ad24-4e88-a405-b3ab220b47ca,HABIT,7.2,7.1,0.9861,7.1,0.9675,ON_TRACK
335bd394-20c7-49a7-a34f-c762d2f5595c,2026-06-21,f516d2da-0168-4498-a19a-15c553b92083,FINANCIAL,18000,34201,1.5,48858.57,0.99,ON_TRACK
377fb55a-4eeb-44b0-a800-d708e4c6e7d9,2026-06-21,6e2f27d3-b0a7-41af-ae04-dd93747ab1ab,STUDY,14,11.1,0.7929,11.1,0.7936,NEEDS_ATTENTION
e53c2ad7-20ac-4ad6-a053-f24d3ff5a3cb,2026-06-21,942340a9-28cf-4419-a543-8fb8ad16ee20,HABIT,5,3,0.6,3,0.62,NEEDS_ATTENTION
4e196306-8d9c-40d6-ae77-0d5485b773b9,2026-06-21,f8586d7f-42a8-40bb-a2c6-46993832c939,HABIT,25,31,1.24,31,0.99,ON_TRACK
94791f5d-da2b-4abc-a675-2d92e827b129,2026-06-21,2d885db5-09de-4d36-abdc-c357a5253c90,FINANCIAL,96000,80000,0.8333,101038.06,0.9878,ON_TRACK
280fded9-7add-409a-a923-813624adec54,2026-06-21,cb90e01c-ad24-4e88-a405-b3ab220b47ca,HABIT,7.2,7.7,1.0694,7.7,0.99,ON_TRACK
25016785-4106-4302-a455-de59b4f2399e,2026-06-22,f516d2da-0168-4498-a19a-15c553b92083,FINANCIAL,18000,34201,1.5,46637.73,0.99,ON_TRACK
aba90b26-ec91-4026-a925-4ac440586be6,2026-06-22,6e2f27d3-b0a7-41af-ae04-dd93747ab1ab,STUDY,14,3.8,0.2714,26.6,0.99,ON_TRACK
2a3555d9-76ef-4dc1-ab61-398fb78d55d7,2026-06-22,942340a9-28cf-4419-a543-8fb8ad16ee20,HABIT,5,1,0.2,7,0.99,ON_TRACK
b83dcb8f-8e72-454a-af66-10ca18fa098c,2026-06-22,f8586d7f-42a8-40bb-a2c6-46993832c939,HABIT,25,34,1.36,34,0.99,ON_TRACK
f1a31d5c-8e29-42e4-a24b-536bddde6067,2026-06-22,2d885db5-09de-4d36-abdc-c357a5253c90,FINANCIAL,96000,80000,0.8333,100689.66,0.9852,ON_TRACK
ec61f6e1-18e1-4a13-a529-49402df18dbc,2026-06-22,cb90e01c-ad24-4e88-a405-b3ab220b47ca,HABIT,7.2,6.7,0.9306,6.7,0.9175,ON_TRACK
ec7d87b5-c155-441d-aded-e4ff540cf5e5,2026-06-23,f516d2da-0168-4498-a19a-15c553b92083,FINANCIAL,18000,33216,1.5,43325.22,0.99,ON_TRACK
9a2364ad-7413-4ed2-aee6-9046634c761e,2026-06-23,6e2f27d3-b0a7-41af-ae04-dd93747ab1ab,STUDY,14,6,0.4286,21,0.99,ON_TRACK
e1559b4b-c34a-4f3d-abd9-03c1b7eecf67,2026-06-23,942340a9-28cf-4419-a543-8fb8ad16ee20,HABIT,5,2,0.4,7,0.99,ON_TRACK
1652e9ab-3c11-46dc-af77-a691481fad25,2026-06-23,f8586d7f-42a8-40bb-a2c6-46993832c939,HABIT,25,42,1.5,42,0.99,ON_TRACK
1b008427-140a-4c17-a131-0e52a3d92815,2026-06-23,2d885db5-09de-4d36-abdc-c357a5253c90,FINANCIAL,96000,80000,0.8333,100343.64,0.9826,ON_TRACK
c27f26b4-200b-40ab-a291-5d7aebd8dfbb,2026-06-23,cb90e01c-ad24-4e88-a405-b3ab220b47ca,HABIT,7.2,6.9,0.9583,6.9,0.9425,ON_TRACK
3aefc997-e00a-4b84-aab1-552bb95bb578,2026-06-24,f516d2da-0168-4498-a19a-15c553b92083,FINANCIAL,18000,32498,1.5,40622.5,0.99,ON_TRACK
83f9552f-e453-4955-a8a3-18b8fd9861ec,2026-06-24,6e2f27d3-b0a7-41af-ae04-dd93747ab1ab,STUDY,14,8.3,0.5929,19.37,0.99,ON_TRACK
25cd7e3b-7497-48f9-aeef-bdb6867c4d22,2026-06-24,942340a9-28cf-4419-a543-8fb8ad16ee20,HABIT,5,2,0.4,4.67,0.824,NEEDS_ATTENTION
c76109b4-51de-4635-a764-3a340a067726,2026-06-24,f8586d7f-42a8-40bb-a2c6-46993832c939,HABIT,25,27,1.08,27,0.99,ON_TRACK
f49a9ae3-03fe-436a-aa26-a232c02af8fd,2026-06-24,2d885db5-09de-4d36-abdc-c357a5253c90,FINANCIAL,96000,80000,0.8333,100000,0.98,ON_TRACK
3ffc6e8b-80a6-46e7-a877-c9b58cd386b9,2026-06-24,cb90e01c-ad24-4e88-a405-b3ab220b47ca,HABIT,7.2,7.6,1.0556,7.6,0.99,ON_TRACK
6246c4d6-65e2-4191-a213-477e6caaac95,2026-06-25,f516d2da-0168-4498-a19a-15c553b92083,FINANCIAL,18000,32268,1.5,38721.6,0.99,ON_TRACK
9f7edf8c-650b-4115-af85-613853e0f719,2026-06-25,6e2f27d3-b0a7-41af-ae04-dd93747ab1ab,STUDY,14,10,0.7143,17.5,0.99,ON_TRACK
b4099b8b-d5c3-456a-ab5d-a2b481741380,2026-06-25,942340a9-28cf-4419-a543-8fb8ad16ee20,HABIT,5,3,0.6,5.25,0.944,ON_TRACK
ab98b2f1-d377-47d9-a066-fa476af4e25d,2026-06-25,f8586d7f-42a8-40bb-a2c6-46993832c939,HABIT,25,26,1.04,26,0.99,ON_TRACK
f1fb512a-924a-4f23-af44-04238801b9e6,2026-06-25,2d885db5-09de-4d36-abdc-c357a5253c90,FINANCIAL,96000,80000,0.8333,99658.7,0.9774,ON_TRACK
7d968167-1167-4287-ab08-be1fa869a1c8,2026-06-25,cb90e01c-ad24-4e88-a405-b3ab220b47ca,HABIT,7.2,7.1,0.9861,7.1,0.9675,ON_TRACK
56f66e3f-5e3a-4775-a22b-dde89979ecb1,2026-06-26,f516d2da-0168-4498-a19a-15c553b92083,FINANCIAL,18000,31905,1.5,36813.46,0.99,ON_TRACK
85ddf646-d00b-4f7a-a0f5-e90424c38676,2026-06-26,6e2f27d3-b0a7-41af-ae04-dd93747ab1ab,STUDY,14,10,0.7143,14,0.9286,ON_TRACK
c5b8e2ac-c134-4cae-a27a-06f8552da285,2026-06-26,942340a9-28cf-4419-a543-8fb8ad16ee20,HABIT,5,3,0.6,4.2,0.7928,NEEDS_ATTENTION
9c478d26-7540-4ac6-a7e5-6c1810b0fcec,2026-06-26,f8586d7f-42a8-40bb-a2c6-46993832c939,HABIT,25,27,1.08,27,0.99,ON_TRACK
fc8b1154-be83-40e4-a7c8-7bb30c7de13f,2026-06-26,2d885db5-09de-4d36-abdc-c357a5253c90,FINANCIAL,96000,80000,0.8333,99319.73,0.9749,ON_TRACK
84640760-c7fe-4798-ad10-9fa05ebb42ca,2026-06-26,cb90e01c-ad24-4e88-a405-b3ab220b47ca,HABIT,7.2,7.3,1.0139,7.3,0.99,ON_TRACK
c7459646-fcfd-4c6e-a853-8f97252cb585,2026-06-27,f516d2da-0168-4498-a19a-15c553b92083,FINANCIAL,18000,31905,1.5,35450,0.99,ON_TRACK
2e9d89b4-757c-4c25-aa12-364870311109,2026-06-27,6e2f27d3-b0a7-41af-ae04-dd93747ab1ab,STUDY,14,10,0.7143,11.67,0.8086,NEEDS_ATTENTION
3854b3f8-bd03-4d20-a22b-838a5fb62c26,2026-06-27,942340a9-28cf-4419-a543-8fb8ad16ee20,HABIT,5,4,0.8,4.67,0.896,ON_TRACK
40a97516-0d18-43ff-a98f-bf064c49ad17,2026-06-27,f8586d7f-42a8-40bb-a2c6-46993832c939,HABIT,25,44,1.5,44,0.99,ON_TRACK
27e2d7b0-8aed-4ff5-a15c-7ad293b12813,2026-06-27,2d885db5-09de-4d36-abdc-c357a5253c90,FINANCIAL,96000,80000,0.8333,98983.05,0.9724,ON_TRACK
062f5c02-0bfb-4355-a5fc-23157f82f79e,2026-06-27,cb90e01c-ad24-4e88-a405-b3ab220b47ca,HABIT,7.2,7,0.9722,7,0.955,ON_TRACK
511e4ccd-d37d-4de8-a265-f7867ee9b606,2026-06-28,f516d2da-0168-4498-a19a-15c553b92083,FINANCIAL,18000,30599,1.5,32784.64,0.99,ON_TRACK
0db2bf1d-b58b-4a64-a728-1de422a68f86,2026-06-28,6e2f27d3-b0a7-41af-ae04-dd93747ab1ab,STUDY,14,11.1,0.7929,11.1,0.7936,NEEDS_ATTENTION
d7db3dde-8d4a-426b-af5e-12053064d28e,2026-06-28,942340a9-28cf-4419-a543-8fb8ad16ee20,HABIT,5,4,0.8,4,0.8,NEEDS_ATTENTION
67d043db-1cfb-4c28-a2e4-09c7e6191d91,2026-06-28,f8586d7f-42a8-40bb-a2c6-46993832c939,HABIT,25,45,1.5,45,0.99,ON_TRACK
a5fe00da-5951-4ed8-adfe-c907bb83a2a2,2026-06-28,2d885db5-09de-4d36-abdc-c357a5253c90,FINANCIAL,96000,80000,0.8333,98648.65,0.9699,ON_TRACK
41c85b56-967b-4142-a4a3-2948b26111b3,2026-06-28,cb90e01c-ad24-4e88-a405-b3ab220b47ca,HABIT,7.2,7,0.9722,7,0.955,ON_TRACK
69641b89-90a1-4f5b-a302-2445e9c0024f,2026-06-29,f516d2da-0168-4498-a19a-15c553b92083,FINANCIAL,18000,27043,1.5,27975.52,0.99,ON_TRACK
efb9dad5-f9f6-4043-a215-208564f4f4fc,2026-06-29,6e2f27d3-b0a7-41af-ae04-dd93747ab1ab,STUDY,14,1.5,0.1071,10.5,0.6393,NEEDS_ATTENTION
610a2671-1448-4de7-a73c-1e8dee934ad9,2026-06-29,942340a9-28cf-4419-a543-8fb8ad16ee20,HABIT,5,1,0.2,7,0.99,ON_TRACK
85cebaa9-2646-4809-a875-4c0ded37fd0c,2026-06-29,f8586d7f-42a8-40bb-a2c6-46993832c939,HABIT,25,24,0.96,24,0.944,ON_TRACK
964ac7cc-5cdf-4d7a-a4ce-d81a999c4a2f,2026-06-29,2d885db5-09de-4d36-abdc-c357a5253c90,FINANCIAL,96000,80000,0.8333,98316.5,0.9674,ON_TRACK
09bf181f-c801-4be2-abcc-15c1519581bb,2026-06-29,cb90e01c-ad24-4e88-a405-b3ab220b47ca,HABIT,7.2,6.6,0.9167,6.6,0.905,ON_TRACK
5b10e8b3-4194-4f26-a37d-56fbd662a481,2026-06-30,f516d2da-0168-4498-a19a-15c553b92083,FINANCIAL,18000,26332,1.4629,26332,0.99,ON_TRACK
7048ae05-8475-451c-a184-dec7a1ecfbed,2026-06-30,6e2f27d3-b0a7-41af-ae04-dd93747ab1ab,STUDY,14,4.4,0.3143,15.4,0.9286,ON_TRACK
7c536d80-c91b-4613-a1e5-059b9083d31f,2026-06-30,942340a9-28cf-4419-a543-8fb8ad16ee20,HABIT,5,2,0.4,7,0.99,ON_TRACK
5c0eda70-ac77-49cf-adf8-710d20241d0f,2026-06-30,f8586d7f-42a8-40bb-a2c6-46993832c939,HABIT,25,25,1,25,0.98,ON_TRACK
de8683e8-beec-4919-a9a3-bd9b80fb363c,2026-06-30,2d885db5-09de-4d36-abdc-c357a5253c90,FINANCIAL,96000,80000,0.8333,97986.58,0.9649,ON_TRACK
7c0e0f60-b55b-46a2-ad93-afe99b383c65,2026-06-30,cb90e01c-ad24-4e88-a405-b3ab220b47ca,HABIT,7.2,7.1,0.9861,7.1,0.9675,ON_TRACK
92df7836-dd93-4465-af5d-7c776e6fe747,2026-07-01,f516d2da-0168-4498-a19a-15c553b92083,FINANCIAL,18000,88000,1.5,2728000,0.99,ON_TRACK
1897a34e-8836-47cd-a550-28102cef7e41,2026-07-01,6e2f27d3-b0a7-41af-ae04-dd93747ab1ab,STUDY,14,6.7,0.4786,15.63,0.9701,ON_TRACK
0003c9dc-7424-4ffd-a22d-81e31c003e56,2026-07-01,942340a9-28cf-4419-a543-8fb8ad16ee20,HABIT,5,2,0.4,4.67,0.824,NEEDS_ATTENTION
fc194873-b649-46f4-a254-77e117bf3405,2026-07-01,f8586d7f-42a8-40bb-a2c6-46993832c939,HABIT,25,0,0,0,0.08,AT_RISK
9ff93d3f-2d29-4f02-a4b8-031b4cd6d7bd,2026-07-01,2d885db5-09de-4d36-abdc-c357a5253c90,FINANCIAL,96000,80000,0.8333,97658.86,0.9624,ON_TRACK
25c358ee-e48d-4c44-ae5b-4fbfd1ecd750,2026-07-01,cb90e01c-ad24-4e88-a405-b3ab220b47ca,HABIT,7.2,7,0.9722,7,0.955,ON_TRACK
870366bb-545a-4719-a6bf-d1430392a30a,2026-07-02,f516d2da-0168-4498-a19a-15c553b92083,FINANCIAL,18000,63658,1.5,986699,0.99,ON_TRACK
d32f8fc0-a1f2-42ed-af37-30cd655ad4cd,2026-07-02,6e2f27d3-b0a7-41af-ae04-dd93747ab1ab,STUDY,14,6.7,0.4786,11.72,0.7691,NEEDS_ATTENTION
fbb1ba7b-b943-4efd-aa0e-40b165aa8825,2026-07-02,942340a9-28cf-4419-a543-8fb8ad16ee20,HABIT,5,3,0.6,5.25,0.944,ON_TRACK
304559ee-7d22-4614-a6c6-e817be93d63a,2026-07-02,f8586d7f-42a8-40bb-a2c6-46993832c939,HABIT,25,0,0,0,0.08,AT_RISK
8d1562d4-26f1-4502-a803-f4f2a02db3d8,2026-07-02,2d885db5-09de-4d36-abdc-c357a5253c90,FINANCIAL,96000,80000,0.8333,97333.33,0.96,ON_TRACK
ded68fd9-cad0-4224-ab95-36642d0556a8,2026-07-02,cb90e01c-ad24-4e88-a405-b3ab220b47ca,HABIT,7.2,7.4,1.0278,7.4,0.99,ON_TRACK
35a595dc-2300-43b3-a11d-d6558b120bdc,2026-07-03,f516d2da-0168-4498-a19a-15c553b92083,FINANCIAL,18000,62074,1.5,641431.33,0.99,ON_TRACK
cc0be423-c68e-4355-acc7-f5e91a763b15,2026-07-03,6e2f27d3-b0a7-41af-ae04-dd93747ab1ab,STUDY,14,9.3,0.6643,13.02,0.8692,ON_TRACK
473912f0-754b-499b-a495-cc2e07f8cd35,2026-07-03,942340a9-28cf-4419-a543-8fb8ad16ee20,HABIT,5,4,0.8,5.6,0.99,ON_TRACK
6648467b-f62a-4b11-af57-cabcc55749ba,2026-07-03,f8586d7f-42a8-40bb-a2c6-46993832c939,HABIT,25,0,0,0,0.08,AT_RISK
fd7a9b45-ff94-4659-a7ca-d21e41c649ac,2026-07-03,2d885db5-09de-4d36-abdc-c357a5253c90,FINANCIAL,96000,80000,0.8333,97009.97,0.9576,ON_TRACK
ffe6f695-406b-4f6d-a5a8-44a38f113fb2,2026-07-03,cb90e01c-ad24-4e88-a405-b3ab220b47ca,HABIT,7.2,6.9,0.9583,6.9,0.9425,ON_TRACK
f2650b4d-2082-453e-af45-16f156f9fe10,2026-07-04,f516d2da-0168-4498-a19a-15c553b92083,FINANCIAL,18000,61220,1.5,474455,0.99,ON_TRACK
0faddeda-72cb-4adb-a2a5-bae0b76a3f14,2026-07-04,6e2f27d3-b0a7-41af-ae04-dd93747ab1ab,STUDY,14,9.3,0.6643,10.85,0.7576,NEEDS_ATTENTION
7c3a3974-cea6-4287-a9b2-62fdb8817b35,2026-07-04,942340a9-28cf-4419-a543-8fb8ad16ee20,HABIT,5,5,1,5.83,0.99,ON_TRACK
6ee7cb57-047b-417e-a930-c4bda71255e4,2026-07-04,f8586d7f-42a8-40bb-a2c6-46993832c939,HABIT,25,40,1.5,40,0.99,ON_TRACK
5e2f230d-98c2-4e2f-a7d5-526e952cfc58,2026-07-04,2d885db5-09de-4d36-abdc-c357a5253c90,FINANCIAL,96000,80000,0.8333,96688.74,0.9552,ON_TRACK
1d053a53-7343-4374-ab7d-2915381e113c,2026-07-04,cb90e01c-ad24-4e88-a405-b3ab220b47ca,HABIT,7.2,7.9,1.0972,7.9,0.99,ON_TRACK
319d50b3-92aa-4c42-a5d0-8559247284e7,2026-07-05,f516d2da-0168-4498-a19a-15c553b92083,FINANCIAL,18000,55804,1.5,345984.8,0.99,ON_TRACK
dbd07998-4b87-4b82-acb8-85cbb60cd8b4,2026-07-05,6e2f27d3-b0a7-41af-ae04-dd93747ab1ab,STUDY,14,9.3,0.6643,9.3,0.6779,NEEDS_ATTENTION
5c1daed0-5277-4b55-a434-d8f2c4d194e9,2026-07-05,942340a9-28cf-4419-a543-8fb8ad16ee20,HABIT,5,5,1,5,0.98,ON_TRACK
c1ea3a17-896d-47ab-a938-1ff52d19ee83,2026-07-05,f8586d7f-42a8-40bb-a2c6-46993832c939,HABIT,25,29,1.16,29,0.99,ON_TRACK
e0cd5617-2d78-4a4f-a74a-201869df2bf6,2026-07-05,2d885db5-09de-4d36-abdc-c357a5253c90,FINANCIAL,96000,80000,0.8333,96369.64,0.9528,ON_TRACK
751167e5-0307-4190-a34f-c9f79766ba11,2026-07-05,cb90e01c-ad24-4e88-a405-b3ab220b47ca,HABIT,7.2,8,1.1111,8,0.99,ON_TRACK
d499af63-b469-4c0a-acba-2c4e684886f4,2026-07-06,f516d2da-0168-4498-a19a-15c553b92083,FINANCIAL,18000,54251,1.5,280296.83,0.99,ON_TRACK
1cc00b56-d96c-4a02-ae2b-bb6a1d3e56ce,2026-07-06,6e2f27d3-b0a7-41af-ae04-dd93747ab1ab,STUDY,14,1.1,0.0786,7.7,0.4901,AT_RISK
3d307ea9-ade6-4441-a435-d68e78eeeadc,2026-07-06,942340a9-28cf-4419-a543-8fb8ad16ee20,HABIT,5,1,0.2,7,0.99,ON_TRACK
8356ac62-30a5-45d6-a327-7f4fa511e4b6,2026-07-06,f8586d7f-42a8-40bb-a2c6-46993832c939,HABIT,25,23,0.92,23,0.908,ON_TRACK
c315319d-50c9-4268-a372-3f475197c71c,2026-07-06,2d885db5-09de-4d36-abdc-c357a5253c90,FINANCIAL,96000,80000,0.8333,96052.63,0.9504,ON_TRACK
bb9d1e9f-52d8-4ac8-a522-61f66882289f,2026-07-06,cb90e01c-ad24-4e88-a405-b3ab220b47ca,HABIT,7.2,6.6,0.9167,6.6,0.905,ON_TRACK
bcbb8d87-6a28-478b-adf1-2b7315366472,2026-07-07,f516d2da-0168-4498-a19a-15c553b92083,FINANCIAL,18000,53092,1.5,235121.71,0.99,ON_TRACK
489b6e77-8619-4113-a481-94670015a272,2026-07-07,6e2f27d3-b0a7-41af-ae04-dd93747ab1ab,STUDY,14,1.1,0.0786,3.85,0.2921,AT_RISK
a6895f84-dc6f-4ffe-a76c-15a1505ee272,2026-07-07,942340a9-28cf-4419-a543-8fb8ad16ee20,HABIT,5,2,0.4,7,0.99,ON_TRACK
68a53f92-4067-4d16-af0b-a0729f25ab2b,2026-07-07,f8586d7f-42a8-40bb-a2c6-46993832c939,HABIT,25,38,1.5,38,0.99,ON_TRACK
75f9b02c-00d4-4b73-ae86-aaac9000b8b7,2026-07-07,2d885db5-09de-4d36-abdc-c357a5253c90,FINANCIAL,96000,80000,0.8333,95737.7,0.948,ON_TRACK
f2d3988d-f078-45a0-abc8-0ab1a4106942,2026-07-07,cb90e01c-ad24-4e88-a405-b3ab220b47ca,HABIT,7.2,6.9,0.9583,6.9,0.9425,ON_TRACK
7ec774ec-f6ff-4813-a7cd-8be0ba1cafe5,2026-07-08,f516d2da-0168-4498-a19a-15c553b92083,FINANCIAL,18000,52047,1.5,201682.13,0.99,ON_TRACK
058912f7-66d3-4503-a58b-3d9730971501,2026-07-08,6e2f27d3-b0a7-41af-ae04-dd93747ab1ab,STUDY,14,2.5,0.1786,5.83,0.4121,AT_RISK
2389ff64-f557-4910-a97d-70123beca9ff,2026-07-08,942340a9-28cf-4419-a543-8fb8ad16ee20,HABIT,5,2,0.4,4.67,0.824,NEEDS_ATTENTION
bcd28e88-4f2a-4911-af44-f1d6a3fe4192,2026-07-08,f8586d7f-42a8-40bb-a2c6-46993832c939,HABIT,25,25,1,25,0.98,ON_TRACK
7c7775a1-ccd8-4f78-a723-ed27fc4c086b,2026-07-08,2d885db5-09de-4d36-abdc-c357a5253c90,FINANCIAL,96000,80000,0.8333,95424.84,0.9457,ON_TRACK
a10ac569-883a-4574-aee4-c29cbeae5a20,2026-07-08,cb90e01c-ad24-4e88-a405-b3ab220b47ca,HABIT,7.2,7.1,0.9861,7.1,0.9675,ON_TRACK
d98fb2f6-ab74-4997-a549-0a16f2dc0232,2026-07-09,f516d2da-0168-4498-a19a-15c553b92083,FINANCIAL,18000,51585,1.5,177681.67,0.99,ON_TRACK
a7778240-e3ae-4dd0-ad9e-ac5e2ef8741f,2026-07-09,6e2f27d3-b0a7-41af-ae04-dd93747ab1ab,STUDY,14,5.3,0.3786,9.28,0.6251,NEEDS_ATTENTION
52c6b23b-ff2e-4dec-ab5c-b8403e322705,2026-07-09,942340a9-28cf-4419-a543-8fb8ad16ee20,HABIT,5,3,0.6,5.25,0.944,ON_TRACK
e9f68c85-3280-4101-a246-5fa92260cd93,2026-07-09,f8586d7f-42a8-40bb-a2c6-46993832c939,HABIT,25,28,1.12,28,0.99,ON_TRACK
89b879f0-69c9-4476-a80a-34883d37ed60,2026-07-09,2d885db5-09de-4d36-abdc-c357a5253c90,FINANCIAL,96000,80000,0.8333,95114.01,0.9434,ON_TRACK
533b1d98-4df1-480a-a8df-14e85e63ba83,2026-07-09,cb90e01c-ad24-4e88-a405-b3ab220b47ca,HABIT,7.2,7.2,1,7.2,0.98,ON_TRACK
35bde48f-770e-4893-a697-976fab156de7,2026-07-10,f516d2da-0168-4498-a19a-15c553b92083,FINANCIAL,18000,41632,1.5,129059.2,0.99,ON_TRACK
2afbcc06-f007-4fea-aeaf-3fbd5a7ef529,2026-07-10,6e2f27d3-b0a7-41af-ae04-dd93747ab1ab,STUDY,14,7.6,0.5429,10.64,0.7249,NEEDS_ATTENTION
5887d81e-eab0-4e5a-a352-3f5594173f7d,2026-07-10,942340a9-28cf-4419-a543-8fb8ad16ee20,HABIT,5,4,0.8,5.6,0.99,ON_TRACK
9d492b30-1057-4a79-a5f6-09eff31beaa9,2026-07-10,f8586d7f-42a8-40bb-a2c6-46993832c939,HABIT,25,29,1.16,29,0.99,ON_TRACK
959eb842-fcd0-4436-a2ef-70cc9cebf3ce,2026-07-10,2d885db5-09de-4d36-abdc-c357a5253c90,FINANCIAL,96000,88000,0.9167,104285.71,0.99,ON_TRACK
2af320e6-7dfd-4e9c-a346-6afd660f95be,2026-07-10,cb90e01c-ad24-4e88-a405-b3ab220b47ca,HABIT,7.2,7.7,1.0694,7.7,0.99,ON_TRACK
4770bd91-9bf5-4905-a606-9db1785388d8,2026-07-11,f516d2da-0168-4498-a19a-15c553b92083,FINANCIAL,18000,40715,1.5,114742.27,0.99,ON_TRACK
a733433b-66f1-43fe-ae71-760461f4d425,2026-07-11,6e2f27d3-b0a7-41af-ae04-dd93747ab1ab,STUDY,14,7.6,0.5429,8.87,0.6337,NEEDS_ATTENTION
576624ac-6b7a-46ed-a3e4-931d9de60795,2026-07-11,942340a9-28cf-4419-a543-8fb8ad16ee20,HABIT,5,5,1,5.83,0.99,ON_TRACK
6e21281f-d6b3-4ec1-a8de-ec447d904817,2026-07-11,f8586d7f-42a8-40bb-a2c6-46993832c939,HABIT,25,30,1.2,30,0.99,ON_TRACK
a34c730f-5575-4ed2-a469-fa278137c6a4,2026-07-11,2d885db5-09de-4d36-abdc-c357a5253c90,FINANCIAL,96000,88000,0.9167,103948.22,0.99,ON_TRACK
00f063df-9764-4b27-a7d6-dfef89f85e19,2026-07-11,cb90e01c-ad24-4e88-a405-b3ab220b47ca,HABIT,7.2,7,0.9722,7,0.955,ON_TRACK
8c7e84fc-7ca3-4e77-ad2a-a5d0574c5e70,2026-07-12,f516d2da-0168-4498-a19a-15c553b92083,FINANCIAL,18000,39625,1.5,102364.58,0.99,ON_TRACK
4cbc2577-2268-4522-a62c-6ecba8880662,2026-07-12,6e2f27d3-b0a7-41af-ae04-dd93747ab1ab,STUDY,14,7.6,0.5429,7.6,0.5686,AT_RISK
9cb82e6f-5b81-4511-a6cc-299cea032959,2026-07-12,942340a9-28cf-4419-a543-8fb8ad16ee20,HABIT,5,5,1,5,0.98,ON_TRACK
a3a9370f-c86b-4043-a14f-de3e5d6b3c88,2026-07-12,f8586d7f-42a8-40bb-a2c6-46993832c939,HABIT,25,43,1.5,43,0.99,ON_TRACK
a8d3bbe6-acb1-4d8d-a43d-12cacbc769cf,2026-07-12,2d885db5-09de-4d36-abdc-c357a5253c90,FINANCIAL,96000,88000,0.9167,103612.9,0.99,ON_TRACK
e0cf168b-4317-47c3-a923-01fb9666c122,2026-07-12,cb90e01c-ad24-4e88-a405-b3ab220b47ca,HABIT,7.2,7.7,1.0694,7.7,0.99,ON_TRACK
b11d1019-9edb-43a6-a754-e1971ba3db9e,2026-07-13,f516d2da-0168-4498-a19a-15c553b92083,FINANCIAL,18000,38629,1.5,92115.31,0.99,ON_TRACK
93db0c8b-0989-48d6-a839-67f44d8b1334,2026-07-13,6e2f27d3-b0a7-41af-ae04-dd93747ab1ab,STUDY,14,3.1,0.2214,21.7,0.99,ON_TRACK
0ca8daea-5b31-406a-ae40-75f80d79f02b,2026-07-13,942340a9-28cf-4419-a543-8fb8ad16ee20,HABIT,5,1,0.2,7,0.99,ON_TRACK
5ef14597-eb65-4d86-ac66-8794d626e933,2026-07-13,f8586d7f-42a8-40bb-a2c6-46993832c939,HABIT,25,24,0.96,24,0.944,ON_TRACK
ddce6016-72e3-4844-ad90-ebf5d41f04ce,2026-07-13,2d885db5-09de-4d36-abdc-c357a5253c90,FINANCIAL,96000,88000,0.9167,103279.74,0.99,ON_TRACK
530648a8-4a42-494d-a02e-2185e110751e,2026-07-13,cb90e01c-ad24-4e88-a405-b3ab220b47ca,HABIT,7.2,7,0.9722,7,0.955,ON_TRACK
6da8c9b8-899c-4b74-a03a-626752036e24,2026-07-14,f516d2da-0168-4498-a19a-15c553b92083,FINANCIAL,18000,38629,1.5,85535.64,0.99,ON_TRACK
e7f34484-6fd5-4107-afb8-291c3bfeb1dc,2026-07-14,6e2f27d3-b0a7-41af-ae04-dd93747ab1ab,STUDY,14,5.2,0.3714,18.2,0.99,ON_TRACK
30f3cc41-ceb2-4a44-a051-4944d14184a2,2026-07-14,942340a9-28cf-4419-a543-8fb8ad16ee20,HABIT,5,2,0.4,7,0.99,ON_TRACK
cccf9af1-17cf-448f-a7dd-d4583bd8c13c,2026-07-14,f8586d7f-42a8-40bb-a2c6-46993832c939,HABIT,25,29,1.16,29,0.99,ON_TRACK
94cafe46-5537-4291-a1c3-b18ad68c5f31,2026-07-14,2d885db5-09de-4d36-abdc-c357a5253c90,FINANCIAL,96000,88000,0.9167,102948.72,0.99,ON_TRACK
1cb0bf79-7b68-4ad0-acf4-1657887e268b,2026-07-14,cb90e01c-ad24-4e88-a405-b3ab220b47ca,HABIT,7.2,7.4,1.0278,7.4,0.99,ON_TRACK
4119a65c-55b4-4d9e-a0a3-df8f9185f10e,2026-07-15,f516d2da-0168-4498-a19a-15c553b92083,FINANCIAL,18000,37028,1.5,76524.53,0.99,ON_TRACK
056f854f-a228-423c-af40-db9f30933bf8,2026-07-15,6e2f27d3-b0a7-41af-ae04-dd93747ab1ab,STUDY,14,6.3,0.45,14.7,0.917,ON_TRACK
4b8a18f4-98fd-462c-ab89-b9009c62475c,2026-07-15,942340a9-28cf-4419-a543-8fb8ad16ee20,HABIT,5,2,0.4,4.67,0.824,NEEDS_ATTENTION
e1d3631b-7e3b-4607-a26f-9eb669330ba7,2026-07-15,f8586d7f-42a8-40bb-a2c6-46993832c939,HABIT,25,27,1.08,27,0.99,ON_TRACK
5f731348-54ab-4762-a964-483ecd68ed10,2026-07-15,2d885db5-09de-4d36-abdc-c357a5253c90,FINANCIAL,96000,88000,0.9167,102619.81,0.99,ON_TRACK
30c729e8-81b6-4d51-a2ff-7109d45f9fd0,2026-07-15,cb90e01c-ad24-4e88-a405-b3ab220b47ca,HABIT,7.2,6.6,0.9167,6.6,0.905,ON_TRACK
4b7006d4-1fb0-4b4b-a174-7ac6aeeeef8c,2026-07-16,f516d2da-0168-4498-a19a-15c553b92083,FINANCIAL,18000,36853,1.5,71402.69,0.99,ON_TRACK
e9365d58-8d98-4fed-af2f-e1786c60832f,2026-07-16,6e2f27d3-b0a7-41af-ae04-dd93747ab1ab,STUDY,14,7.6,0.5429,13.3,0.8617,ON_TRACK
09ceeedf-17fc-4cf3-a13a-171b1f91f78a,2026-07-16,942340a9-28cf-4419-a543-8fb8ad16ee20,HABIT,5,3,0.6,5.25,0.944,ON_TRACK
b35db3d6-7f71-4369-a6d6-e85059cac9b8,2026-07-16,f8586d7f-42a8-40bb-a2c6-46993832c939,HABIT,25,42,1.5,42,0.99,ON_TRACK
63d27a95-d8c5-4054-a486-cf3f4782790b,2026-07-16,2d885db5-09de-4d36-abdc-c357a5253c90,FINANCIAL,96000,88000,0.9167,102292.99,0.99,ON_TRACK
2140fc0d-b0c9-4e1b-ad52-62f55159d1c5,2026-07-16,cb90e01c-ad24-4e88-a405-b3ab220b47ca,HABIT,7.2,7.6,1.0556,7.6,0.99,ON_TRACK
dd16c712-a53a-4ec6-a415-92dc912bc6a3,2026-07-17,f516d2da-0168-4498-a19a-15c553b92083,FINANCIAL,18000,36695,1.5,66914.41,0.99,ON_TRACK
593b5a54-30e7-4b1b-ab76-12f99ba9c49a,2026-07-17,6e2f27d3-b0a7-41af-ae04-dd93747ab1ab,STUDY,14,10.2,0.7286,14.28,0.9455,ON_TRACK
fbde971f-5e0e-409d-a4fa-ab76dc6bcc6c,2026-07-17,942340a9-28cf-4419-a543-8fb8ad16ee20,HABIT,5,4,0.8,5.6,0.99,ON_TRACK
576ef32f-5d83-4d40-a80d-f50d5f583d22,2026-07-17,f8586d7f-42a8-40bb-a2c6-46993832c939,HABIT,25,0,0,0,0.08,AT_RISK
9c62fb5a-505d-4804-a291-c64e8e376189,2026-07-17,2d885db5-09de-4d36-abdc-c357a5253c90,FINANCIAL,96000,88000,0.9167,101968.25,0.99,ON_TRACK
9a951e96-9b0a-4d3e-aaa2-6e76e2c1446b,2026-07-17,cb90e01c-ad24-4e88-a405-b3ab220b47ca,HABIT,7.2,7,0.9722,7,0.955,ON_TRACK
e21d316c-604c-4693-acdf-0a61430096f7,2026-07-18,f516d2da-0168-4498-a19a-15c553b92083,FINANCIAL,18000,42413,1.5,73044.61,0.99,ON_TRACK
831c4cbe-6b57-45cf-a65a-20fdea8d281c,2026-07-18,6e2f27d3-b0a7-41af-ae04-dd93747ab1ab,STUDY,14,10.2,0.7286,11.9,0.8231,NEEDS_ATTENTION
a1eb0807-9787-48db-ae48-0e5b06d8172e,2026-07-18,942340a9-28cf-4419-a543-8fb8ad16ee20,HABIT,5,5,1,5.83,0.99,ON_TRACK
5f104f4c-d113-4a3c-a98f-fe786f43aeaa,2026-07-18,f8586d7f-42a8-40bb-a2c6-46993832c939,HABIT,25,45,1.5,45,0.99,ON_TRACK
10c20734-0bc0-44f8-a217-a2a06d90b9b1,2026-07-18,2d885db5-09de-4d36-abdc-c357a5253c90,FINANCIAL,96000,88000,0.9167,101645.57,0.99,ON_TRACK
3646a122-ceb8-40c8-aefb-f236ff7eadcd,2026-07-18,cb90e01c-ad24-4e88-a405-b3ab220b47ca,HABIT,7.2,7.9,1.0972,7.9,0.99,ON_TRACK
095b0472-0a86-4e01-a0eb-30e459d05658,2026-07-19,f516d2da-0168-4498-a19a-15c553b92083,FINANCIAL,18000,41019,1.5,66925.74,0.99,ON_TRACK
96c7a221-fd1b-4950-a7ed-ea8ec910b52b,2026-07-19,6e2f27d3-b0a7-41af-ae04-dd93747ab1ab,STUDY,14,10.2,0.7286,10.2,0.7357,NEEDS_ATTENTION
160292c3-d9a7-42bb-a910-e313a9685cb8,2026-07-19,942340a9-28cf-4419-a543-8fb8ad16ee20,HABIT,5,5,1,5,0.98,ON_TRACK
5198fa39-1727-4001-a606-4bc0b9498799,2026-07-19,f8586d7f-42a8-40bb-a2c6-46993832c939,HABIT,25,45,1.5,45,0.99,ON_TRACK
825de4f9-dd06-47ec-a2c3-ba226b79ee2a,2026-07-19,2d885db5-09de-4d36-abdc-c357a5253c90,FINANCIAL,96000,88000,0.9167,101324.92,0.99,ON_TRACK
2bbde2a1-ca2f-4242-a2f6-2daec51e4040,2026-07-19,cb90e01c-ad24-4e88-a405-b3ab220b47ca,HABIT,7.2,7,0.9722,7,0.955,ON_TRACK
545ed195-5c6d-4f56-a2ae-0d4cb19cc3e8,2026-07-20,f516d2da-0168-4498-a19a-15c553b92083,FINANCIAL,18000,40914,1.5,63416.7,0.99,ON_TRACK
9cb4b9cc-f3a8-496c-a24f-2e306fddf34f,2026-07-20,6e2f27d3-b0a7-41af-ae04-dd93747ab1ab,STUDY,14,2.6,0.1857,18.2,0.99,ON_TRACK
37ef91f0-01c1-46a4-a77d-3d2c1d7bbff8,2026-07-20,942340a9-28cf-4419-a543-8fb8ad16ee20,HABIT,5,1,0.2,7,0.99,ON_TRACK
039fad05-3ab1-4805-acaf-4ea75da6f393,2026-07-20,f8586d7f-42a8-40bb-a2c6-46993832c939,HABIT,25,27,1.08,27,0.99,ON_TRACK
e29588f7-f04a-4a40-a5bf-7bc936882a07,2026-07-20,2d885db5-09de-4d36-abdc-c357a5253c90,FINANCIAL,96000,88000,0.9167,101006.29,0.99,ON_TRACK
eb5ea02f-2949-4fda-a4ab-4626b4c2041d,2026-07-20,cb90e01c-ad24-4e88-a405-b3ab220b47ca,HABIT,7.2,7.2,1,7.2,0.98,ON_TRACK
a8ef2487-43dc-4eeb-a7c3-bcbecb287f50,2026-07-21,f516d2da-0168-4498-a19a-15c553b92083,FINANCIAL,18000,38985,1.5,57549.29,0.99,ON_TRACK
3cb62ffd-d6d4-4c06-a68a-00dcc486c784,2026-07-21,6e2f27d3-b0a7-41af-ae04-dd93747ab1ab,STUDY,14,4.9,0.35,17.15,0.99,ON_TRACK
0f0a95bd-490c-40a5-ad49-b33769da9071,2026-07-21,942340a9-28cf-4419-a543-8fb8ad16ee20,HABIT,5,2,0.4,7,0.99,ON_TRACK
9e325319-f3b1-478c-aafb-4718190e0551,2026-07-21,f8586d7f-42a8-40bb-a2c6-46993832c939,HABIT,25,24,0.96,24,0.944,ON_TRACK
3d76b93b-b27e-4797-a4c9-a0b08375b89a,2026-07-21,2d885db5-09de-4d36-abdc-c357a5253c90,FINANCIAL,96000,88000,0.9167,100689.66,0.99,ON_TRACK
e6bdac25-c661-4ec8-adf4-ddb4610dd427,2026-07-21,cb90e01c-ad24-4e88-a405-b3ab220b47ca,HABIT,7.2,6.9,0.9583,6.9,0.9425,ON_TRACK
71c44b5b-6d1f-4614-a720-09835b77c81b,2026-07-22,f516d2da-0168-4498-a19a-15c553b92083,FINANCIAL,18000,37519,1.5,52867.68,0.99,ON_TRACK
41ca80c6-57a2-4401-aa5b-185f609fddf8,2026-07-22,6e2f27d3-b0a7-41af-ae04-dd93747ab1ab,STUDY,14,6.8,0.4857,15.87,0.9834,ON_TRACK
1294fe1f-3deb-42db-afb9-8d4d73014107,2026-07-22,942340a9-28cf-4419-a543-8fb8ad16ee20,HABIT,5,2,0.4,4.67,0.824,NEEDS_ATTENTION
5634549a-fbda-40fa-a83f-27d8c8dd0635,2026-07-22,f8586d7f-42a8-40bb-a2c6-46993832c939,HABIT,25,34,1.36,34,0.99,ON_TRACK
30a84999-9098-4e02-a0ca-982aab8b5e46,2026-07-22,2d885db5-09de-4d36-abdc-c357a5253c90,FINANCIAL,96000,88000,0.9167,100375,0.99,ON_TRACK
6a1bf80c-ee6f-4793-afd7-4b212a585fb0,2026-07-22,cb90e01c-ad24-4e88-a405-b3ab220b47ca,HABIT,7.2,6.9,0.9583,6.9,0.9425,ON_TRACK
96f1fcf3-bfb9-4e99-a1f3-49db84b93eaf,2026-07-23,f516d2da-0168-4498-a19a-15c553b92083,FINANCIAL,18000,36680,1.5,49438.26,0.99,ON_TRACK
6589be52-d260-4d70-a8c6-840221df737f,2026-07-23,6e2f27d3-b0a7-41af-ae04-dd93747ab1ab,STUDY,14,9.9,0.7071,17.32,0.99,ON_TRACK
e4f2a62e-b342-4c12-a954-c8f31df1648e,2026-07-23,942340a9-28cf-4419-a543-8fb8ad16ee20,HABIT,5,3,0.6,5.25,0.944,ON_TRACK
23a2dc83-3914-40ef-aafc-13aaca3ed814,2026-07-23,f8586d7f-42a8-40bb-a2c6-46993832c939,HABIT,25,0,0,0,0.08,AT_RISK
e9b1e688-2ed6-4f79-a308-0c184e4fd4db,2026-07-23,2d885db5-09de-4d36-abdc-c357a5253c90,FINANCIAL,96000,88000,0.9167,100062.31,0.99,ON_TRACK
15a957d1-967a-4710-a20e-e36a9e5612e1,2026-07-23,cb90e01c-ad24-4e88-a405-b3ab220b47ca,HABIT,7.2,7.4,1.0278,7.4,0.99,ON_TRACK
bac45dfe-1ec4-40e3-aa37-992f7db5e587,2026-07-24,f516d2da-0168-4498-a19a-15c553b92083,FINANCIAL,18000,36590,1.5,47262.08,0.99,ON_TRACK
99228930-9924-4d37-a4d7-865d98cf9d99,2026-07-24,6e2f27d3-b0a7-41af-ae04-dd93747ab1ab,STUDY,14,9.9,0.7071,13.86,0.9201,ON_TRACK
366d8b4e-41b2-4c12-af2a-e1f20de4c929,2026-07-24,942340a9-28cf-4419-a543-8fb8ad16ee20,HABIT,5,4,0.8,5.6,0.99,ON_TRACK
8a3fde85-ddfa-4c4e-af43-3949851f9a9f,2026-07-24,f8586d7f-42a8-40bb-a2c6-46993832c939,HABIT,25,0,0,0,0.08,AT_RISK
7a0aff5d-500b-4f06-a504-85ee03d6809c,2026-07-24,2d885db5-09de-4d36-abdc-c357a5253c90,FINANCIAL,96000,88000,0.9167,99751.55,0.99,ON_TRACK
0604ecc7-bb0a-4902-aeed-ab41837958f0,2026-07-24,cb90e01c-ad24-4e88-a405-b3ab220b47ca,HABIT,7.2,7.3,1.0139,7.3,0.99,ON_TRACK
1cac57da-716c-4be4-ae07-c61ecf101890,2026-07-25,f516d2da-0168-4498-a19a-15c553b92083,FINANCIAL,18000,36151,1.5,44827.24,0.99,ON_TRACK
0f78fa1b-4217-4c9d-a92c-236a4f97f129,2026-07-25,6e2f27d3-b0a7-41af-ae04-dd93747ab1ab,STUDY,14,9.9,0.7071,11.55,0.8013,NEEDS_ATTENTION
1b46aca6-d758-4425-affb-674470d785ce,2026-07-25,942340a9-28cf-4419-a543-8fb8ad16ee20,HABIT,5,4,0.8,4.67,0.896,ON_TRACK
6c59dd35-dd37-4a5d-ac32-f5c71b55a34c,2026-07-25,f8586d7f-42a8-40bb-a2c6-46993832c939,HABIT,25,37,1.48,37,0.99,ON_TRACK
1469c716-70e2-4cf7-a0ba-d083d89cf81b,2026-07-25,2d885db5-09de-4d36-abdc-c357a5253c90,FINANCIAL,96000,88000,0.9167,99442.72,0.99,ON_TRACK
d08eae12-7335-455a-a240-010c821a47d6,2026-07-25,cb90e01c-ad24-4e88-a405-b3ab220b47ca,HABIT,7.2,8,1.1111,8,0.99,ON_TRACK
4925dc29-5107-4f10-ae8f-5eea5e190a00,2026-07-26,f516d2da-0168-4498-a19a-15c553b92083,FINANCIAL,18000,34984,1.5,41711.69,0.99,ON_TRACK
f6cbc14f-b9a3-446c-a3f1-52094e657778,2026-07-26,6e2f27d3-b0a7-41af-ae04-dd93747ab1ab,STUDY,14,11.8,0.8429,11.8,0.8386,NEEDS_ATTENTION
efa7eb36-4a0f-456a-aa66-2edeca505951,2026-07-26,942340a9-28cf-4419-a543-8fb8ad16ee20,HABIT,5,4,0.8,4,0.8,NEEDS_ATTENTION
1b418ae4-e763-43d6-ad45-1b31ccb07dba,2026-07-26,f8586d7f-42a8-40bb-a2c6-46993832c939,HABIT,25,41,1.5,41,0.99,ON_TRACK
7bb99bac-0b70-4d4a-aac7-e29bfebf3e5d,2026-07-26,2d885db5-09de-4d36-abdc-c357a5253c90,FINANCIAL,96000,88000,0.9167,99135.8,0.9885,ON_TRACK
9b0e8119-3313-4d89-afad-5a4d973f4a13,2026-07-26,cb90e01c-ad24-4e88-a405-b3ab220b47ca,HABIT,7.2,7.8,1.0833,7.8,0.99,ON_TRACK
d4cca675-c3d0-4d86-afce-ee5e65984abc,2026-07-27,f516d2da-0168-4498-a19a-15c553b92083,FINANCIAL,18000,33073,1.5,37972.7,0.99,ON_TRACK
d1aca678-cf00-40c5-a842-a5ad2bcb1c07,2026-07-27,6e2f27d3-b0a7-41af-ae04-dd93747ab1ab,STUDY,14,3.1,0.2214,21.7,0.99,ON_TRACK
e47d354d-31e1-4aee-a1d1-297527d138e3,2026-07-27,942340a9-28cf-4419-a543-8fb8ad16ee20,HABIT,5,1,0.2,7,0.99,ON_TRACK
75dbb461-2ad8-46b1-ad43-3ae11242bd90,2026-07-27,f8586d7f-42a8-40bb-a2c6-46993832c939,HABIT,25,0,0,0,0.08,AT_RISK
5b85ed86-f6be-42a1-a609-abed7603031a,2026-07-27,2d885db5-09de-4d36-abdc-c357a5253c90,FINANCIAL,96000,88000,0.9167,98830.77,0.9862,ON_TRACK
8a6bc7be-fdab-426a-a99d-5995fd469864,2026-07-27,cb90e01c-ad24-4e88-a405-b3ab220b47ca,HABIT,7.2,6.8,0.9444,6.8,0.93,ON_TRACK
5f7e302b-e240-4a42-a76d-6a4a414f6ee6,2026-07-28,f516d2da-0168-4498-a19a-15c553b92083,FINANCIAL,18000,32543,1.5,36029.75,0.99,ON_TRACK
0a9a382d-18a0-49d3-a04a-7391b43e0876,2026-07-28,6e2f27d3-b0a7-41af-ae04-dd93747ab1ab,STUDY,14,5.1,0.3643,17.85,0.99,ON_TRACK
42706c0b-affe-4be8-a7f9-c3a7c1227401,2026-07-28,942340a9-28cf-4419-a543-8fb8ad16ee20,HABIT,5,2,0.4,7,0.99,ON_TRACK
8986a3b8-4e0e-46f0-a37f-0128c8f2c3fe,2026-07-28,f8586d7f-42a8-40bb-a2c6-46993832c939,HABIT,25,34,1.36,34,0.99,ON_TRACK
dc1818d3-b75a-4836-a7a3-28f829b1a2a5,2026-07-28,2d885db5-09de-4d36-abdc-c357a5253c90,FINANCIAL,96000,88000,0.9167,98527.61,0.984,ON_TRACK
52a992b9-11fe-4815-ac1d-f61b6d47faf8,2026-07-28,cb90e01c-ad24-4e88-a405-b3ab220b47ca,HABIT,7.2,6.5,0.9028,6.5,0.8925,ON_TRACK
bd82f860-a51d-43aa-a40f-0d0467f2ff7a,2026-07-29,f516d2da-0168-4498-a19a-15c553b92083,FINANCIAL,18000,32283,1.5,34509.41,0.99,ON_TRACK
5a886546-894f-458c-a521-974ef4af51e6,2026-07-29,6e2f27d3-b0a7-41af-ae04-dd93747ab1ab,STUDY,14,5.1,0.3643,11.9,0.7576,NEEDS_ATTENTION
88b53cf8-9a0d-446c-a20f-aa377f03d7e9,2026-07-29,942340a9-28cf-4419-a543-8fb8ad16ee20,HABIT,5,2,0.4,4.67,0.824,NEEDS_ATTENTION
f465d8bd-bb42-4608-a1b7-155434e2b5ab,2026-07-29,f8586d7f-42a8-40bb-a2c6-46993832c939,HABIT,25,43,1.5,43,0.99,ON_TRACK
1ae2d91d-85b4-49c6-a867-d35bf294a1b5,2026-07-29,2d885db5-09de-4d36-abdc-c357a5253c90,FINANCIAL,96000,88000,0.9167,98226.3,0.9817,ON_TRACK
07cdc35d-74fd-454a-a49e-539873d38e7f,2026-07-29,cb90e01c-ad24-4e88-a405-b3ab220b47ca,HABIT,7.2,7.5,1.0417,7.5,0.99,ON_TRACK
e650ca23-12a3-46c2-a451-568df59af439,2026-07-30,f516d2da-0168-4498-a19a-15c553b92083,FINANCIAL,18000,31469,1.5,32517.97,0.99,ON_TRACK
3194fead-8475-4790-a851-e89050bfccda,2026-07-30,6e2f27d3-b0a7-41af-ae04-dd93747ab1ab,STUDY,14,7,0.5,12.25,0.8,NEEDS_ATTENTION
ae1d1ec2-ad42-48cc-a1d1-c716e1e32a11,2026-07-30,942340a9-28cf-4419-a543-8fb8ad16ee20,HABIT,5,2,0.4,3.5,0.656,NEEDS_ATTENTION
782f56c0-24b2-4513-a506-c35013b55fca,2026-07-30,f8586d7f-42a8-40bb-a2c6-46993832c939,HABIT,25,37,1.48,37,0.99,ON_TRACK
b378b0da-ddfd-491d-ad00-a0d547acc31c,2026-07-30,2d885db5-09de-4d36-abdc-c357a5253c90,FINANCIAL,96000,88000,0.9167,97926.83,0.9795,ON_TRACK
3ecd6773-70e0-4683-a315-5db06de4571b,2026-07-30,cb90e01c-ad24-4e88-a405-b3ab220b47ca,HABIT,7.2,7.4,1.0278,7.4,0.99,ON_TRACK
cc67723e-1630-4163-ac2a-76f1d6260eff,2026-07-31,f516d2da-0168-4498-a19a-15c553b92083,FINANCIAL,18000,30661,1.5,30661,0.99,ON_TRACK
fca038d9-5cad-464a-a8e5-280b62edd336,2026-07-31,6e2f27d3-b0a7-41af-ae04-dd93747ab1ab,STUDY,14,7,0.5,9.8,0.674,NEEDS_ATTENTION
8082b318-f3b0-4dca-a53a-a7da258406cc,2026-07-31,942340a9-28cf-4419-a543-8fb8ad16ee20,HABIT,5,2,0.4,2.8,0.5552,AT_RISK
a0b4cf5f-2709-41c2-a00c-4766482e951b,2026-07-31,f8586d7f-42a8-40bb-a2c6-46993832c939,HABIT,25,0,0,0,0.08,AT_RISK
87e2d7ea-5cef-47e8-ae27-636f6816b5e4,2026-07-31,2d885db5-09de-4d36-abdc-c357a5253c90,FINANCIAL,96000,88000,0.9167,97629.18,0.9772,ON_TRACK
c288eabd-0dfd-4277-af4d-c64f1876587b,2026-07-31,cb90e01c-ad24-4e88-a405-b3ab220b47ca,HABIT,7.2,6.9,0.9583,6.9,0.9425,ON_TRACK
8e7878d9-4e53-42c6-af3c-631f888f4a06,2026-08-01,f516d2da-0168-4498-a19a-15c553b92083,FINANCIAL,18000,86616,1.5,2685096,0.99,ON_TRACK
c2100135-82f7-4d5e-a843-8413adde1cca,2026-08-01,6e2f27d3-b0a7-41af-ae04-dd93747ab1ab,STUDY,14,7,0.5,8.17,0.59,AT_RISK
1cd3785a-7c35-46f0-a5e1-d188117aeb26,2026-08-01,942340a9-28cf-4419-a543-8fb8ad16ee20,HABIT,5,2,0.4,2.33,0.488,AT_RISK
1a0c5a5b-1648-4348-adf2-d655145892e6,2026-08-01,f8586d7f-42a8-40bb-a2c6-46993832c939,HABIT,25,32,1.28,32,0.99,ON_TRACK
6c8e3c5c-f0a6-4f9d-a91c-cc8002819ae2,2026-08-01,2d885db5-09de-4d36-abdc-c357a5253c90,FINANCIAL,96000,88000,0.9167,97333.33,0.975,ON_TRACK
3f7f378f-3e55-4e87-aac1-7ff513309fb3,2026-08-01,cb90e01c-ad24-4e88-a405-b3ab220b47ca,HABIT,7.2,7,0.9722,7,0.955,ON_TRACK
ec4aa5fb-d537-4c9a-a003-0f0eb3006b4b,2026-08-02,f516d2da-0168-4498-a19a-15c553b92083,FINANCIAL,18000,64039,1.5,992604.5,0.99,ON_TRACK
50bba943-dfcf-4a87-aaca-5360473e647f,2026-08-02,6e2f27d3-b0a7-41af-ae04-dd93747ab1ab,STUDY,14,9.3,0.6643,9.3,0.6779,NEEDS_ATTENTION
a24d7474-0614-4067-a88e-7118dc95cede,2026-08-02,942340a9-28cf-4419-a543-8fb8ad16ee20,HABIT,5,2,0.4,2,0.44,AT_RISK
455776cd-17cd-407e-abe9-cc28f07500b2,2026-08-02,f8586d7f-42a8-40bb-a2c6-46993832c939,HABIT,25,40,1.5,40,0.99,ON_TRACK
84adaf50-662f-41e9-a56d-1982fffda642,2026-08-02,2d885db5-09de-4d36-abdc-c357a5253c90,FINANCIAL,96000,88000,0.9167,97039.27,0.9728,ON_TRACK
76581f88-caa0-4d40-a6e5-701829e1ca45,2026-08-02,cb90e01c-ad24-4e88-a405-b3ab220b47ca,HABIT,7.2,7.3,1.0139,7.3,0.99,ON_TRACK
68ecc3cf-d98b-49b6-ac0f-bbf881c060a4,2026-08-03,f516d2da-0168-4498-a19a-15c553b92083,FINANCIAL,18000,63062,1.5,651640.67,0.99,ON_TRACK
fcc8508c-a3d9-47a3-aff9-ee78d98473b3,2026-08-03,6e2f27d3-b0a7-41af-ae04-dd93747ab1ab,STUDY,14,3.1,0.2214,21.7,0.99,ON_TRACK
8b8b822f-3bfd-4fb8-ac16-41968f4d9a1e,2026-08-03,942340a9-28cf-4419-a543-8fb8ad16ee20,HABIT,5,1,0.2,7,0.99,ON_TRACK
1b60cdcd-25c0-4147-a198-7d5b1bf1ef17,2026-08-03,f8586d7f-42a8-40bb-a2c6-46993832c939,HABIT,25,44,1.5,44,0.99,ON_TRACK
477c3ea2-80ab-432b-a137-1d4d8f615702,2026-08-03,2d885db5-09de-4d36-abdc-c357a5253c90,FINANCIAL,96000,88000,0.9167,96746.99,0.9706,ON_TRACK
8d5f8dd5-ea7e-48f9-aea3-261d44ee4c53,2026-08-03,cb90e01c-ad24-4e88-a405-b3ab220b47ca,HABIT,7.2,7,0.9722,7,0.955,ON_TRACK
f87c07fe-01a1-415a-a3d5-8d31ca93da13,2026-08-04,f516d2da-0168-4498-a19a-15c553b92083,FINANCIAL,18000,61777,1.5,478771.75,0.99,ON_TRACK
da1dcbe9-0a5e-4c26-a20e-109bad74afb7,2026-08-04,6e2f27d3-b0a7-41af-ae04-dd93747ab1ab,STUDY,14,5.1,0.3643,17.85,0.99,ON_TRACK
106be3cf-65a7-4042-a8d1-ec5339bc505b,2026-08-04,942340a9-28cf-4419-a543-8fb8ad16ee20,HABIT,5,2,0.4,7,0.99,ON_TRACK
7aa5ee74-b47c-4bfb-a2b2-ca697f14c34e,2026-08-04,f8586d7f-42a8-40bb-a2c6-46993832c939,HABIT,25,26,1.04,26,0.99,ON_TRACK
53de0d3e-5fa8-44cc-a1c7-e8688007913e,2026-08-04,2d885db5-09de-4d36-abdc-c357a5253c90,FINANCIAL,96000,88000,0.9167,96456.46,0.9684,ON_TRACK
f20579e0-8574-4627-af37-dbfd9931b4cb,2026-08-04,cb90e01c-ad24-4e88-a405-b3ab220b47ca,HABIT,7.2,7.5,1.0417,7.5,0.99,ON_TRACK
d7475359-4bdf-4fd4-a393-09608589cd65,2026-08-05,f516d2da-0168-4498-a19a-15c553b92083,FINANCIAL,18000,54861,1.5,340138.2,0.99,ON_TRACK
7b01458f-497a-4efc-a204-d7436896099e,2026-08-05,6e2f27d3-b0a7-41af-ae04-dd93747ab1ab,STUDY,14,6.5,0.4643,15.17,0.9436,ON_TRACK
176d3c83-70cd-4843-a603-8b6a8a9505d1,2026-08-05,942340a9-28cf-4419-a543-8fb8ad16ee20,HABIT,5,2,0.4,4.67,0.824,NEEDS_ATTENTION
cdd928d3-8d1b-4b2f-a8c5-8ff121ff8a9b,2026-08-05,f8586d7f-42a8-40bb-a2c6-46993832c939,HABIT,25,27,1.08,27,0.99,ON_TRACK
3afd5263-1ca9-4b2d-a3e2-6fcf46c1c2b4,2026-08-05,2d885db5-09de-4d36-abdc-c357a5253c90,FINANCIAL,96000,88000,0.9167,96167.66,0.9663,ON_TRACK
19c1adb7-bf65-4315-af2e-76be47a1c013,2026-08-05,cb90e01c-ad24-4e88-a405-b3ab220b47ca,HABIT,7.2,7.4,1.0278,7.4,0.99,ON_TRACK
795df63e-310c-4020-a3a2-4a64632d7f12,2026-08-06,f516d2da-0168-4498-a19a-15c553b92083,FINANCIAL,18000,54673,1.5,282477.17,0.99,ON_TRACK
05c36554-dee2-4cf9-a493-838575d64642,2026-08-06,6e2f27d3-b0a7-41af-ae04-dd93747ab1ab,STUDY,14,9.1,0.65,15.92,0.99,ON_TRACK
8d1143bd-25e1-4fbb-a54a-1b00472cf8e2,2026-08-06,942340a9-28cf-4419-a543-8fb8ad16ee20,HABIT,5,3,0.6,5.25,0.944,ON_TRACK
0ca21198-ec7f-4586-a01e-bb07b4da36a8,2026-08-06,f8586d7f-42a8-40bb-a2c6-46993832c939,HABIT,25,40,1.5,40,0.99,ON_TRACK
e607af2c-35e5-4552-a48b-9dcbf934d1d0,2026-08-06,2d885db5-09de-4d36-abdc-c357a5253c90,FINANCIAL,96000,88000,0.9167,95880.6,0.9641,ON_TRACK
965f35e6-545d-4c69-a4d0-350c13bc1b35,2026-08-06,cb90e01c-ad24-4e88-a405-b3ab220b47ca,HABIT,7.2,6.6,0.9167,6.6,0.905,ON_TRACK
e7d186df-fa66-4efd-a506-e0d46ed9be76,2026-08-07,f516d2da-0168-4498-a19a-15c553b92083,FINANCIAL,18000,53431,1.5,236623,0.99,ON_TRACK
2917c3bb-637f-4f36-a8bb-66dbfd967a1d,2026-08-07,6e2f27d3-b0a7-41af-ae04-dd93747ab1ab,STUDY,14,11.6,0.8286,16.24,0.99,ON_TRACK
4beed40f-0e2d-4610-a15d-7afd443e03da,2026-08-07,942340a9-28cf-4419-a543-8fb8ad16ee20,HABIT,5,4,0.8,5.6,0.99,ON_TRACK
fda6a933-701a-41cc-a8bc-51a6fee832d1,2026-08-07,f8586d7f-42a8-40bb-a2c6-46993832c939,HABIT,25,40,1.5,40,0.99,ON_TRACK
869dd94a-1152-42a0-ad00-020b74859b1d,2026-08-07,2d885db5-09de-4d36-abdc-c357a5253c90,FINANCIAL,96000,88000,0.9167,95595.24,0.962,ON_TRACK
c082673f-ac84-4aa0-a470-c03d956219c6,2026-08-07,cb90e01c-ad24-4e88-a405-b3ab220b47ca,HABIT,7.2,7.1,0.9861,7.1,0.9675,ON_TRACK
79e077de-421b-4b13-a132-8ca97c4869e7,2026-08-08,f516d2da-0168-4498-a19a-15c553b92083,FINANCIAL,18000,52632,1.5,203949,0.99,ON_TRACK
088ef650-ab64-4000-a777-8f2c4eb14d92,2026-08-08,6e2f27d3-b0a7-41af-ae04-dd93747ab1ab,STUDY,14,11.6,0.8286,13.53,0.9251,ON_TRACK
7cccf67b-b7ff-45ef-a366-6572a30cf102,2026-08-08,942340a9-28cf-4419-a543-8fb8ad16ee20,HABIT,5,5,1,5.83,0.99,ON_TRACK
9159b636-9946-4be8-abae-f3abaff268d0,2026-08-08,f8586d7f-42a8-40bb-a2c6-46993832c939,HABIT,25,24,0.96,24,0.944,ON_TRACK
3cef7f09-91d8-4fd5-a1cc-5813e29e6e8c,2026-08-08,2d885db5-09de-4d36-abdc-c357a5253c90,FINANCIAL,96000,88000,0.9167,95311.57,0.9598,ON_TRACK
5dd6c4a7-5eaf-406a-a0ba-3fe97ae5afc4,2026-08-08,cb90e01c-ad24-4e88-a405-b3ab220b47ca,HABIT,7.2,7.6,1.0556,7.6,0.99,ON_TRACK
0f359f85-f922-4626-a96a-ab705ffaa00f,2026-08-09,f516d2da-0168-4498-a19a-15c553b92083,FINANCIAL,18000,51867,1.5,178653,0.99,ON_TRACK
4926dfc9-144e-474d-afad-30d5bdd039d8,2026-08-09,6e2f27d3-b0a7-41af-ae04-dd93747ab1ab,STUDY,14,12.7,0.9071,12.7,0.8964,ON_TRACK
c3643356-96f4-4ff9-afac-9a20c14aeb4d,2026-08-09,942340a9-28cf-4419-a543-8fb8ad16ee20,HABIT,5,5,1,5,0.98,ON_TRACK
4a56d4e7-c985-4299-a954-c4b3fa826f90,2026-08-09,f8586d7f-42a8-40bb-a2c6-46993832c939,HABIT,25,25,1,25,0.98,ON_TRACK
7f285b51-7a9a-42d1-a7dc-45538ea8868f,2026-08-09,2d885db5-09de-4d36-abdc-c357a5253c90,FINANCIAL,96000,88000,0.9167,95029.59,0.9577,ON_TRACK
06422a2b-8321-45a5-aacd-316e0fd6ba7b,2026-08-09,cb90e01c-ad24-4e88-a405-b3ab220b47ca,HABIT,7.2,7.3,1.0139,7.3,0.99,ON_TRACK
0ca6d7da-a667-419b-a378-bb5dbe2e8290,2026-08-10,f516d2da-0168-4498-a19a-15c553b92083,FINANCIAL,18000,43761,1.5,135659.1,0.99,ON_TRACK
0f18135c-cc8e-480b-a11a-402e11b2628a,2026-08-10,6e2f27d3-b0a7-41af-ae04-dd93747ab1ab,STUDY,14,0,0,0,0.08,AT_RISK
3074581c-47fc-4ff4-af82-88ba965c2730,2026-08-10,942340a9-28cf-4419-a543-8fb8ad16ee20,HABIT,5,0,0,0,0.08,AT_RISK
9acd5380-a101-4d67-acf6-63c86a22cce5,2026-08-10,f8586d7f-42a8-40bb-a2c6-46993832c939,HABIT,25,30,1.2,30,0.99,ON_TRACK
8a4b127d-02b2-4ade-a929-ba08939b17ea,2026-08-10,2d885db5-09de-4d36-abdc-c357a5253c90,FINANCIAL,96000,96000,1,103362.83,0.99,ON_TRACK
83b36960-3246-4c02-a04e-45f346610da9,2026-08-10,cb90e01c-ad24-4e88-a405-b3ab220b47ca,HABIT,7.2,7,0.9722,7,0.955,ON_TRACK
cb720e1d-f6e6-49e0-ad71-ae794b2584d9,2026-08-11,f516d2da-0168-4498-a19a-15c553b92083,FINANCIAL,18000,43067,1.5,121370.64,0.99,ON_TRACK
9122e63c-3b1e-4a45-ac7c-4fd74a1f3e95,2026-08-11,6e2f27d3-b0a7-41af-ae04-dd93747ab1ab,STUDY,14,2.3,0.1643,8.05,0.5236,AT_RISK
fabefd8f-4b77-4a13-aa41-ff04ed505eea,2026-08-11,942340a9-28cf-4419-a543-8fb8ad16ee20,HABIT,5,1,0.2,3.5,0.62,NEEDS_ATTENTION
aaa4883c-8c13-4988-a16e-3bf6691031f5,2026-08-11,f8586d7f-42a8-40bb-a2c6-46993832c939,HABIT,25,36,1.44,36,0.99,ON_TRACK
344d62e1-5abd-4492-acb6-2c9a8f7b47e7,2026-08-11,2d885db5-09de-4d36-abdc-c357a5253c90,FINANCIAL,96000,96000,1,103058.82,0.99,ON_TRACK
79b0accc-b49a-40bb-abfb-039db98f1779,2026-08-11,cb90e01c-ad24-4e88-a405-b3ab220b47ca,HABIT,7.2,7.5,1.0417,7.5,0.99,ON_TRACK
a6efbffd-39b9-43f0-a98b-c63a6ae04e91,2026-08-12,f516d2da-0168-4498-a19a-15c553b92083,FINANCIAL,18000,42016,1.5,108541.33,0.99,ON_TRACK
c253b2e9-3184-4435-a8ec-2ee27e104cc5,2026-08-12,6e2f27d3-b0a7-41af-ae04-dd93747ab1ab,STUDY,14,2.3,0.1643,5.37,0.3856,AT_RISK
e6179685-e7b1-49ed-af13-669ad07b63aa,2026-08-12,942340a9-28cf-4419-a543-8fb8ad16ee20,HABIT,5,1,0.2,2.33,0.452,AT_RISK
1235348c-c3ad-493e-aeda-9c7feddb8ac5,2026-08-12,f8586d7f-42a8-40bb-a2c6-46993832c939,HABIT,25,0,0,0,0.08,AT_RISK
a33e9e54-9b07-47e3-ac12-00ed56953407,2026-08-12,2d885db5-09de-4d36-abdc-c357a5253c90,FINANCIAL,96000,96000,1,102756.6,0.99,ON_TRACK
accb1764-04ad-4da0-a216-b0fd2371998a,2026-08-12,cb90e01c-ad24-4e88-a405-b3ab220b47ca,HABIT,7.2,7.1,0.9861,7.1,0.9675,ON_TRACK
27b41d72-f770-4655-a617-4daf0c436748,2026-08-13,f516d2da-0168-4498-a19a-15c553b92083,FINANCIAL,18000,40987,1.5,97738.23,0.99,ON_TRACK
04bd70dd-0a2f-44c2-a3f2-6106b1f327a7,2026-08-13,6e2f27d3-b0a7-41af-ae04-dd93747ab1ab,STUDY,14,2.3,0.1643,4.02,0.3166,AT_RISK
b8a987da-8b9e-484f-a658-bf3b0dcf4284,2026-08-13,942340a9-28cf-4419-a543-8fb8ad16ee20,HABIT,5,2,0.4,3.5,0.656,NEEDS_ATTENTION
ff510986-22cf-45ba-a51d-9555ca81eb8d,2026-08-13,f8586d7f-42a8-40bb-a2c6-46993832c939,HABIT,25,36,1.44,36,0.99,ON_TRACK
3dc8cf47-8dbb-4cb8-a7cd-6bdd1726cd23,2026-08-13,2d885db5-09de-4d36-abdc-c357a5253c90,FINANCIAL,96000,96000,1,102456.14,0.99,ON_TRACK
12cdcd7e-bb70-4a67-a00c-426da6cd0062,2026-08-13,cb90e01c-ad24-4e88-a405-b3ab220b47ca,HABIT,7.2,6.8,0.9444,6.8,0.93,ON_TRACK
041e3a90-1c8c-47b1-a852-ffdb703c4755,2026-08-14,f516d2da-0168-4498-a19a-15c553b92083,FINANCIAL,18000,40824,1.5,90396,0.99,ON_TRACK
6f39f2ef-b191-437c-ab70-3c2b89b89fbd,2026-08-14,6e2f27d3-b0a7-41af-ae04-dd93747ab1ab,STUDY,14,5.5,0.3929,7.7,0.5467,AT_RISK
a14f76fb-81a4-4d3c-a060-06518b08cdef,2026-08-14,942340a9-28cf-4419-a543-8fb8ad16ee20,HABIT,5,3,0.6,4.2,0.7928,NEEDS_ATTENTION
e29753d3-95e4-4886-a764-177fdb87a9d4,2026-08-14,f8586d7f-42a8-40bb-a2c6-46993832c939,HABIT,25,40,1.5,40,0.99,ON_TRACK
eeeecde4-c508-4da2-a6af-bc86ee5d0dbb,2026-08-14,2d885db5-09de-4d36-abdc-c357a5253c90,FINANCIAL,96000,96000,1,102157.43,0.99,ON_TRACK
2a7d9024-519d-4e99-acbe-a843faccfad3,2026-08-14,cb90e01c-ad24-4e88-a405-b3ab220b47ca,HABIT,7.2,6.8,0.9444,6.8,0.93,ON_TRACK
f943db65-cc36-4330-aca6-229b982e49c6,2026-08-15,f516d2da-0168-4498-a19a-15c553b92083,FINANCIAL,18000,40824,1.5,84369.6,0.99,ON_TRACK
e802c8c2-c30d-4ba5-a2b3-16e7f8775b43,2026-08-15,6e2f27d3-b0a7-41af-ae04-dd93747ab1ab,STUDY,14,5.5,0.3929,6.42,0.4807,AT_RISK
a70b587c-74ef-4590-a726-c3dafd28b88d,2026-08-15,942340a9-28cf-4419-a543-8fb8ad16ee20,HABIT,5,4,0.8,4.67,0.896,ON_TRACK
0ba56b35-1f1c-4c09-a855-c178e291f12d,2026-08-15,f8586d7f-42a8-40bb-a2c6-46993832c939,HABIT,25,28,1.12,28,0.99,ON_TRACK
6eed63b0-f0ad-45ee-a403-951ab484b3d3,2026-08-15,2d885db5-09de-4d36-abdc-c357a5253c90,FINANCIAL,96000,96000,1,101860.47,0.99,ON_TRACK
435b6c5c-961d-45eb-a57f-c855f4c163a0,2026-08-15,cb90e01c-ad24-4e88-a405-b3ab220b47ca,HABIT,7.2,7.7,1.0694,7.7,0.99,ON_TRACK
412d7e9d-e32d-477c-aaa8-cbbcdfa828a9,2026-08-16,f516d2da-0168-4498-a19a-15c553b92083,FINANCIAL,18000,38744,1.5,75066.5,0.99,ON_TRACK
3b57f345-8193-4161-a71a-5bf16d63385c,2026-08-16,6e2f27d3-b0a7-41af-ae04-dd93747ab1ab,STUDY,14,5.5,0.3929,5.5,0.4336,AT_RISK
852fa365-d137-4a33-a9b4-1490a178c731,2026-08-16,942340a9-28cf-4419-a543-8fb8ad16ee20,HABIT,5,4,0.8,4,0.8,NEEDS_ATTENTION
e6cf8054-439d-49de-af1f-fb24165fe64f,2026-08-16,f8586d7f-42a8-40bb-a2c6-46993832c939,HABIT,25,34,1.36,34,0.99,ON_TRACK
f94313fd-28b2-430b-acbf-46a9752f1c89,2026-08-16,2d885db5-09de-4d36-abdc-c357a5253c90,FINANCIAL,96000,96000,1,101565.22,0.99,ON_TRACK
a5b393b7-d62b-465b-a9bf-c1dda4ee41c2,2026-08-16,cb90e01c-ad24-4e88-a405-b3ab220b47ca,HABIT,7.2,7,0.9722,7,0.955,ON_TRACK
a4ffa043-c441-40a2-a84d-9e2d3706b937,2026-08-17,f516d2da-0168-4498-a19a-15c553b92083,FINANCIAL,18000,37548,1.5,68469.88,0.99,ON_TRACK
17739f7b-2842-4568-a8a2-962cc7823c71,2026-08-17,6e2f27d3-b0a7-41af-ae04-dd93747ab1ab,STUDY,14,0,0,0,0.08,AT_RISK
eb6d5ebf-8b1c-4832-a132-2d56c36a6399,2026-08-17,942340a9-28cf-4419-a543-8fb8ad16ee20,HABIT,5,1,0.2,7,0.99,ON_TRACK
03f58f81-fe79-4c25-aea6-e8d4b535d6e4,2026-08-17,f8586d7f-42a8-40bb-a2c6-46993832c939,HABIT,25,42,1.5,42,0.99,ON_TRACK
869c6dba-409f-4eb2-aea1-9d1b73ae4c11,2026-08-17,2d885db5-09de-4d36-abdc-c357a5253c90,FINANCIAL,96000,96000,1,101271.68,0.99,ON_TRACK
ff2dc6fb-ee02-48bb-af26-6e8ca137ec2d,2026-08-17,cb90e01c-ad24-4e88-a405-b3ab220b47ca,HABIT,7.2,6.8,0.9444,6.8,0.93,ON_TRACK
306d8ff3-b799-42a4-a6e9-a983add58f51,2026-08-18,f516d2da-0168-4498-a19a-15c553b92083,FINANCIAL,18000,35978,1.5,61962.11,0.99,ON_TRACK
bfb27244-6b40-4f97-ae8c-22cb86f29e6d,2026-08-18,6e2f27d3-b0a7-41af-ae04-dd93747ab1ab,STUDY,14,2,0.1429,7,0.4657,AT_RISK
625c5c02-baeb-4b41-a7c7-010946109f92,2026-08-18,942340a9-28cf-4419-a543-8fb8ad16ee20,HABIT,5,2,0.4,7,0.99,ON_TRACK
05c41b8b-75a5-42e1-a8f4-44f54fe88da5,2026-08-18,f8586d7f-42a8-40bb-a2c6-46993832c939,HABIT,25,45,1.5,45,0.99,ON_TRACK
641a429e-23f9-49df-a089-aab4056fc7c5,2026-08-18,2d885db5-09de-4d36-abdc-c357a5253c90,FINANCIAL,96000,96000,1,100979.83,0.99,ON_TRACK
2a02293b-c283-4c19-a865-bd354ce959f5,2026-08-18,cb90e01c-ad24-4e88-a405-b3ab220b47ca,HABIT,7.2,7,0.9722,7,0.955,ON_TRACK
ea5982ba-80f5-4379-a2d8-5e8b43c87089,2026-08-19,f516d2da-0168-4498-a19a-15c553b92083,FINANCIAL,18000,35842,1.5,58479.05,0.99,ON_TRACK
f88524a0-20be-4030-a1fb-48918220888b,2026-08-19,6e2f27d3-b0a7-41af-ae04-dd93747ab1ab,STUDY,14,4.1,0.2929,9.57,0.6247,NEEDS_ATTENTION
4ab1c0f0-1ca6-490c-a28e-424c6213db4e,2026-08-19,942340a9-28cf-4419-a543-8fb8ad16ee20,HABIT,5,2,0.4,4.67,0.824,NEEDS_ATTENTION
bb164bd7-dd08-4f17-a586-4ce9be4ec802,2026-08-19,f8586d7f-42a8-40bb-a2c6-46993832c939,HABIT,25,32,1.28,32,0.99,ON_TRACK
b02b062f-f9ec-450d-a0d1-13e18f048a93,2026-08-19,2d885db5-09de-4d36-abdc-c357a5253c90,FINANCIAL,96000,96000,1,100689.66,0.99,ON_TRACK
9de55e9a-0a4c-4306-aa40-0a8079aab945,2026-08-19,cb90e01c-ad24-4e88-a405-b3ab220b47ca,HABIT,7.2,6.8,0.9444,6.8,0.93,ON_TRACK
63e3c580-d762-4779-ae35-0fcee925f61f,2026-08-20,f516d2da-0168-4498-a19a-15c553b92083,FINANCIAL,18000,35055,1.5,54335.25,0.99,ON_TRACK
6c1cb69b-cc5a-49b4-ac2a-fd8ac95bd3fc,2026-08-20,6e2f27d3-b0a7-41af-ae04-dd93747ab1ab,STUDY,14,6.1,0.4357,10.67,0.7074,NEEDS_ATTENTION
645b4d7f-e78d-4bc2-aa01-6df8f02efc6c,2026-08-20,942340a9-28cf-4419-a543-8fb8ad16ee20,HABIT,5,3,0.6,5.25,0.944,ON_TRACK
23819d2d-a886-4828-a0fe-a0040bb8b182,2026-08-20,f8586d7f-42a8-40bb-a2c6-46993832c939,HABIT,25,25,1,25,0.98,ON_TRACK
613ae408-7696-4b58-a289-40b5cffe83ff,2026-08-20,2d885db5-09de-4d36-abdc-c357a5253c90,FINANCIAL,96000,96000,1,100401.15,0.99,ON_TRACK
e19c4696-3e8b-490f-ad48-78a6c4019d56,2026-08-20,cb90e01c-ad24-4e88-a405-b3ab220b47ca,HABIT,7.2,7.6,1.0556,7.6,0.99,ON_TRACK
4613497a-4a6e-449e-aaf9-4c84ae3bbebd,2026-08-21,f516d2da-0168-4498-a19a-15c553b92083,FINANCIAL,18000,34691,1.5,51210.52,0.99,ON_TRACK
d3bd6eaf-132e-4763-a915-53703aeacfd3,2026-08-21,6e2f27d3-b0a7-41af-ae04-dd93747ab1ab,STUDY,14,7.3,0.5214,10.22,0.6995,NEEDS_ATTENTION
1c457317-4889-4196-a595-81238af1d9e3,2026-08-21,942340a9-28cf-4419-a543-8fb8ad16ee20,HABIT,5,4,0.8,5.6,0.99,ON_TRACK
f3c16b1a-a6b4-4c3a-a0e5-bdb9efbf2496,2026-08-21,f8586d7f-42a8-40bb-a2c6-46993832c939,HABIT,25,42,1.5,42,0.99,ON_TRACK
6db3ee54-ef62-4841-a387-04884aab1f18,2026-08-21,2d885db5-09de-4d36-abdc-c357a5253c90,FINANCIAL,96000,96000,1,100114.29,0.99,ON_TRACK
c2a0397e-7336-4f0e-a880-b6ab005c13fc,2026-08-21,cb90e01c-ad24-4e88-a405-b3ab220b47ca,HABIT,7.2,7,0.9722,7,0.955,ON_TRACK
ac04f12c-f69c-4cd9-af4f-491f8c2ada2b,2026-08-22,f516d2da-0168-4498-a19a-15c553b92083,FINANCIAL,18000,32850,1.5,46288.64,0.99,ON_TRACK
656240f5-2250-4e09-afbf-11d16d6112b0,2026-08-22,6e2f27d3-b0a7-41af-ae04-dd93747ab1ab,STUDY,14,7.3,0.5214,8.52,0.6119,NEEDS_ATTENTION
08a70f21-c0dd-4871-a90c-39e4189b3777,2026-08-22,942340a9-28cf-4419-a543-8fb8ad16ee20,HABIT,5,5,1,5.83,0.99,ON_TRACK
9ac36db4-9bdd-46b7-ab38-60be5985984c,2026-08-22,f8586d7f-42a8-40bb-a2c6-46993832c939,HABIT,25,33,1.32,33,0.99,ON_TRACK
1823fb82-e795-4955-a0c0-7065060b6d67,2026-08-22,2d885db5-09de-4d36-abdc-c357a5253c90,FINANCIAL,96000,96000,1,99829.06,0.99,ON_TRACK
4301e59e-a527-4fc4-ae27-8b1c55134168,2026-08-22,cb90e01c-ad24-4e88-a405-b3ab220b47ca,HABIT,7.2,7,0.9722,7,0.955,ON_TRACK
9d36bc74-665f-43ed-a1f9-766ad178234d,2026-08-23,f516d2da-0168-4498-a19a-15c553b92083,FINANCIAL,18000,29112,1.5,39237.91,0.99,ON_TRACK
54de706c-2c60-4c32-a51e-9a640aba9be5,2026-08-23,6e2f27d3-b0a7-41af-ae04-dd93747ab1ab,STUDY,14,9.5,0.6786,9.5,0.6907,NEEDS_ATTENTION
384e9696-5ab9-4c76-a437-8afd291f4d4a,2026-08-23,942340a9-28cf-4419-a543-8fb8ad16ee20,HABIT,5,5,1,5,0.98,ON_TRACK
e471e054-565e-4d60-a1d9-076a79602daf,2026-08-23,f8586d7f-42a8-40bb-a2c6-46993832c939,HABIT,25,44,1.5,44,0.99,ON_TRACK
4c09fa91-b541-4de9-acf0-e4d341e45946,2026-08-23,2d885db5-09de-4d36-abdc-c357a5253c90,FINANCIAL,96000,96000,1,99545.45,0.99,ON_TRACK
0e16462a-565d-4e23-afbb-14964441c9ee,2026-08-23,cb90e01c-ad24-4e88-a405-b3ab220b47ca,HABIT,7.2,7.2,1,7.2,0.98,ON_TRACK
730a7a9a-cdc7-4375-a3a2-0b5c1bb32982,2026-08-24,f516d2da-0168-4498-a19a-15c553b92083,FINANCIAL,18000,28818,1.5,37223.25,0.99,ON_TRACK
4b766cba-b5c5-4d08-a5d3-8d12614ea5ac,2026-08-24,6e2f27d3-b0a7-41af-ae04-dd93747ab1ab,STUDY,14,0,0,0,0.08,AT_RISK
43311c45-1c6f-41a6-acf5-20300d2df048,2026-08-24,942340a9-28cf-4419-a543-8fb8ad16ee20,HABIT,5,1,0.2,7,0.99,ON_TRACK
08c93d20-bda9-4c2d-a68a-ec6b97666aa6,2026-08-24,f8586d7f-42a8-40bb-a2c6-46993832c939,HABIT,25,24,0.96,24,0.944,ON_TRACK
9ea8b848-8bee-4284-af88-0c47aebb7552,2026-08-24,2d885db5-09de-4d36-abdc-c357a5253c90,FINANCIAL,96000,96000,1,99263.46,0.99,ON_TRACK
916b4511-6136-4d6f-afb6-a22376aa270e,2026-08-24,cb90e01c-ad24-4e88-a405-b3ab220b47ca,HABIT,7.2,7.3,1.0139,7.3,0.99,ON_TRACK
a0ffe815-134f-48e8-a078-6f295d5de93e,2026-08-25,f516d2da-0168-4498-a19a-15c553b92083,FINANCIAL,18000,28475,1.5,35309,0.99,ON_TRACK
7fe87400-ae2f-41c2-ad22-3008bc67d1ee,2026-08-25,6e2f27d3-b0a7-41af-ae04-dd93747ab1ab,STUDY,14,1.5,0.1071,5.25,0.3693,AT_RISK
fdfa3ada-e15a-418d-a9b8-a4518f8afdee,2026-08-25,942340a9-28cf-4419-a543-8fb8ad16ee20,HABIT,5,2,0.4,7,0.99,ON_TRACK
2914bd4b-79d7-4888-a18e-947409fd7a51,2026-08-25,f8586d7f-42a8-40bb-a2c6-46993832c939,HABIT,25,31,1.24,31,0.99,ON_TRACK
4b99ab2e-2678-48ac-afc4-1d89fb6b95ad,2026-08-25,2d885db5-09de-4d36-abdc-c357a5253c90,FINANCIAL,96000,96000,1,98983.05,0.99,ON_TRACK
a1845c17-6828-4bec-ac63-a1fa5430f8d1,2026-08-25,cb90e01c-ad24-4e88-a405-b3ab220b47ca,HABIT,7.2,7.6,1.0556,7.6,0.99,ON_TRACK
035cd0e3-39cf-42bc-a051-15f595d45338,2026-08-26,f516d2da-0168-4498-a19a-15c553b92083,FINANCIAL,18000,25221,1.4012,30071.19,0.99,ON_TRACK
2921aaaa-ef9d-42bb-a423-65c56af31dcf,2026-08-26,6e2f27d3-b0a7-41af-ae04-dd93747ab1ab,STUDY,14,2.9,0.2071,6.77,0.4653,AT_RISK
0ca6496c-0faa-4b8a-afba-cbd6a4874683,2026-08-26,942340a9-28cf-4419-a543-8fb8ad16ee20,HABIT,5,2,0.4,4.67,0.824,NEEDS_ATTENTION
08008a36-71c0-4a2b-a5a3-bb6232c311ef,2026-08-26,f8586d7f-42a8-40bb-a2c6-46993832c939,HABIT,25,40,1.5,40,0.99,ON_TRACK
e6974b88-a664-4012-ab33-fa79175c664c,2026-08-26,2d885db5-09de-4d36-abdc-c357a5253c90,FINANCIAL,96000,96000,1,98704.23,0.99,ON_TRACK
7324e435-9ede-4be5-a5fd-c7d869c8c3b1,2026-08-26,cb90e01c-ad24-4e88-a405-b3ab220b47ca,HABIT,7.2,6.5,0.9028,6.5,0.8925,ON_TRACK
2948fd27-79a3-4956-aa11-ec687c42f27c,2026-08-27,f516d2da-0168-4498-a19a-15c553b92083,FINANCIAL,18000,23844,1.3247,27376.44,0.99,ON_TRACK
05985641-7647-496c-a2ce-0c2a503ea438,2026-08-27,6e2f27d3-b0a7-41af-ae04-dd93747ab1ab,STUDY,14,5.4,0.3857,9.45,0.6354,NEEDS_ATTENTION
da127a12-b1b7-4610-acb5-c7efd7fb50b9,2026-08-27,942340a9-28cf-4419-a543-8fb8ad16ee20,HABIT,5,3,0.6,5.25,0.944,ON_TRACK
449ef2f2-fb8d-4877-aac7-78ae42f7c4f9,2026-08-27,f8586d7f-42a8-40bb-a2c6-46993832c939,HABIT,25,33,1.32,33,0.99,ON_TRACK
21952dd8-755b-448e-a0e9-3e8e9bb6aa90,2026-08-27,2d885db5-09de-4d36-abdc-c357a5253c90,FINANCIAL,96000,96000,1,98426.97,0.99,ON_TRACK
545a90a4-6c25-4dec-aadc-44aa961bad4f,2026-08-27,cb90e01c-ad24-4e88-a405-b3ab220b47ca,HABIT,7.2,7.5,1.0417,7.5,0.99,ON_TRACK
ce48ca0c-d60f-4361-aee1-6ef7061e7261,2026-08-28,f516d2da-0168-4498-a19a-15c553b92083,FINANCIAL,18000,23844,1.3247,26398.71,0.99,ON_TRACK
01195d54-ae71-4bb4-ab35-12a53ee772d7,2026-08-28,6e2f27d3-b0a7-41af-ae04-dd93747ab1ab,STUDY,14,7.6,0.5429,10.64,0.7249,NEEDS_ATTENTION
09c80e4d-ef29-414e-aae0-3a00c17d007b,2026-08-28,942340a9-28cf-4419-a543-8fb8ad16ee20,HABIT,5,4,0.8,5.6,0.99,ON_TRACK
1ff6a1e6-fa77-47c8-a1fd-b9a5b04ba375,2026-08-28,f8586d7f-42a8-40bb-a2c6-46993832c939,HABIT,25,26,1.04,26,0.99,ON_TRACK
e80bb6ef-b113-46ba-af2b-07630565a45f,2026-08-28,2d885db5-09de-4d36-abdc-c357a5253c90,FINANCIAL,96000,96000,1,98151.26,0.99,ON_TRACK
54dc8073-7bca-4d4f-aa38-1195574dc927,2026-08-28,cb90e01c-ad24-4e88-a405-b3ab220b47ca,HABIT,7.2,6.7,0.9306,6.7,0.9175,ON_TRACK
a70306bd-3c7b-4608-a476-d84b18e8b678,2026-08-29,f516d2da-0168-4498-a19a-15c553b92083,FINANCIAL,18000,23844,1.3247,25488.41,0.99,ON_TRACK
7ac12880-fb3e-49bd-ab68-11b2f86f1013,2026-08-29,6e2f27d3-b0a7-41af-ae04-dd93747ab1ab,STUDY,14,7.6,0.5429,8.87,0.6337,NEEDS_ATTENTION
e43c30ce-3158-4ec0-a728-2816adbfc499,2026-08-29,942340a9-28cf-4419-a543-8fb8ad16ee20,HABIT,5,5,1,5.83,0.99,ON_TRACK
67b1bb22-6851-44e6-a2d6-38f4e7194581,2026-08-29,f8586d7f-42a8-40bb-a2c6-46993832c939,HABIT,25,41,1.5,41,0.99,ON_TRACK
86650d89-a96f-4327-a760-8ad46c9b292d,2026-08-29,2d885db5-09de-4d36-abdc-c357a5253c90,FINANCIAL,96000,96000,1,97877.09,0.99,ON_TRACK
31fdaf03-d6f3-4100-a06c-9ed3f8ed72cc,2026-08-29,cb90e01c-ad24-4e88-a405-b3ab220b47ca,HABIT,7.2,7.8,1.0833,7.8,0.99,ON_TRACK
27d2e481-3e58-4378-a027-19f86e84e76c,2026-08-30,f516d2da-0168-4498-a19a-15c553b92083,FINANCIAL,18000,23328,1.296,24105.6,0.99,ON_TRACK
0899e877-6fbb-4198-a337-d98a7d02812f,2026-08-30,6e2f27d3-b0a7-41af-ae04-dd93747ab1ab,STUDY,14,8.8,0.6286,8.8,0.6457,NEEDS_ATTENTION
be4b619b-a30b-4485-a63d-b8c019c216f7,2026-08-30,942340a9-28cf-4419-a543-8fb8ad16ee20,HABIT,5,5,1,5,0.98,ON_TRACK
b373d180-48cf-4c59-a00b-df53bc81f0ef,2026-08-30,f8586d7f-42a8-40bb-a2c6-46993832c939,HABIT,25,33,1.32,33,0.99,ON_TRACK
324b63ed-5b35-4306-a82b-8f9f23dac6b1,2026-08-30,2d885db5-09de-4d36-abdc-c357a5253c90,FINANCIAL,96000,96000,1,97604.46,0.99,ON_TRACK
8f62af79-9ecb-4078-a74e-5619da2b4d73,2026-08-30,cb90e01c-ad24-4e88-a405-b3ab220b47ca,HABIT,7.2,7.5,1.0417,7.5,0.99,ON_TRACK
e8f25242-6a84-4964-af4e-25147d4942a8,2026-08-31,f516d2da-0168-4498-a19a-15c553b92083,FINANCIAL,18000,23096,1.2831,23096,0.99,ON_TRACK
f786cbed-4862-4a0c-af67-42d13fa35f5f,2026-08-31,6e2f27d3-b0a7-41af-ae04-dd93747ab1ab,STUDY,14,2.1,0.15,14.7,0.863,ON_TRACK
1da90730-e899-4b7b-a92b-8ea9e51d6847,2026-08-31,942340a9-28cf-4419-a543-8fb8ad16ee20,HABIT,5,1,0.2,7,0.99,ON_TRACK
f7bea641-9e8e-4c97-a1ae-12685a63b342,2026-08-31,f8586d7f-42a8-40bb-a2c6-46993832c939,HABIT,25,39,1.5,39,0.99,ON_TRACK
39156b98-f966-4b45-a6da-99768ae29270,2026-08-31,2d885db5-09de-4d36-abdc-c357a5253c90,FINANCIAL,96000,96000,1,97333.33,0.99,ON_TRACK
a83ba83e-e4ff-4411-a3d5-5c7bcf60dad0,2026-08-31,cb90e01c-ad24-4e88-a405-b3ab220b47ca,HABIT,7.2,7.3,1.0139,7.3,0.99,ON_TRACK
eb458bc3-5a4a-480b-adb6-14a1ae50930f,2026-09-01,f516d2da-0168-4498-a19a-15c553b92083,FINANCIAL,18000,86476,1.5,2594280,0.99,ON_TRACK
fba7222b-48f7-4da6-ab48-67d086ccbf0d,2026-09-01,6e2f27d3-b0a7-41af-ae04-dd93747ab1ab,STUDY,14,3.7,0.2643,12.95,0.7936,NEEDS_ATTENTION
e7b21c69-d6e1-401e-accc-d1cabd7b473c,2026-09-01,942340a9-28cf-4419-a543-8fb8ad16ee20,HABIT,5,2,0.4,7,0.99,ON_TRACK
45aeb44b-cde9-40b7-a689-48592044d0d7,2026-09-01,f8586d7f-42a8-40bb-a2c6-46993832c939,HABIT,25,26,1.04,26,0.99,ON_TRACK
188cdd8d-80b9-4c24-af57-f369280bfd58,2026-09-01,2d885db5-09de-4d36-abdc-c357a5253c90,FINANCIAL,96000,96000,1,97063.71,0.988,ON_TRACK
0b893eef-02ee-408e-a81e-8ac2f773ca80,2026-09-01,cb90e01c-ad24-4e88-a405-b3ab220b47ca,HABIT,7.2,7.1,0.9861,7.1,0.9675,ON_TRACK
f5e86ecc-27e5-4951-a6f5-d95c5e7a8d1a,2026-09-02,f516d2da-0168-4498-a19a-15c553b92083,FINANCIAL,18000,62611,1.5,939165,0.99,ON_TRACK
23450954-d0d9-4a2b-a299-965f0a1a017f,2026-09-02,6e2f27d3-b0a7-41af-ae04-dd93747ab1ab,STUDY,14,6.6,0.4714,15.4,0.9569,ON_TRACK
502b6158-3048-40ac-a4b1-23fe1f03584b,2026-09-02,942340a9-28cf-4419-a543-8fb8ad16ee20,HABIT,5,2,0.4,4.67,0.824,NEEDS_ATTENTION
d30ed83c-7488-4a24-a158-4cfd9003ac2e,2026-09-02,f8586d7f-42a8-40bb-a2c6-46993832c939,HABIT,25,27,1.08,27,0.99,ON_TRACK
ed25c0bc-94c9-498e-a998-738ba6970952,2026-09-02,2d885db5-09de-4d36-abdc-c357a5253c90,FINANCIAL,96000,96000,1,96795.58,0.986,ON_TRACK
0f740ca1-85c7-40f4-a271-f7f33b6dab96,2026-09-02,cb90e01c-ad24-4e88-a405-b3ab220b47ca,HABIT,7.2,7.4,1.0278,7.4,0.99,ON_TRACK
ba3d43a2-e364-4b76-aa6b-57268d995734,2026-09-03,f516d2da-0168-4498-a19a-15c553b92083,FINANCIAL,18000,62216,1.5,622160,0.99,ON_TRACK
c84cc3ac-8874-41f7-af06-01a7fb17c2eb,2026-09-03,6e2f27d3-b0a7-41af-ae04-dd93747ab1ab,STUDY,14,9.4,0.6714,16.45,0.99,ON_TRACK
29e0af33-2a57-4c19-a839-3ea1c51714ef,2026-09-03,942340a9-28cf-4419-a543-8fb8ad16ee20,HABIT,5,3,0.6,5.25,0.944,ON_TRACK
65cb75f6-435f-40a5-ac62-9e066d3bc60a,2026-09-03,f8586d7f-42a8-40bb-a2c6-46993832c939,HABIT,25,31,1.24,31,0.99,ON_TRACK
a6d8ad02-7379-47b6-a147-87e4415fe719,2026-09-03,2d885db5-09de-4d36-abdc-c357a5253c90,FINANCIAL,96000,96000,1,96528.93,0.984,ON_TRACK
278c75e6-b34e-4651-ac13-2251a029aa06,2026-09-03,cb90e01c-ad24-4e88-a405-b3ab220b47ca,HABIT,7.2,7.1,0.9861,7.1,0.9675,ON_TRACK
9f016f94-a919-42c3-acab-47780a1e96a1,2026-09-04,f516d2da-0168-4498-a19a-15c553b92083,FINANCIAL,18000,61552,1.5,461640,0.99,ON_TRACK
608835f1-427d-45cc-a942-1c5a43952d16,2026-09-04,6e2f27d3-b0a7-41af-ae04-dd93747ab1ab,STUDY,14,12,0.8571,16.8,0.99,ON_TRACK
20a4c9f7-9251-4515-a7be-11d450750a20,2026-09-04,942340a9-28cf-4419-a543-8fb8ad16ee20,HABIT,5,4,0.8,5.6,0.99,ON_TRACK
d4e60988-d768-4386-af89-fd259f29353d,2026-09-04,f8586d7f-42a8-40bb-a2c6-46993832c939,HABIT,25,31,1.24,31,0.99,ON_TRACK
ecc80683-4d58-497d-aa2a-81e2e54af9be,2026-09-04,2d885db5-09de-4d36-abdc-c357a5253c90,FINANCIAL,96000,96000,1,96263.74,0.982,ON_TRACK
4a2db612-f2d0-4d1f-ac84-63c2bddff9c0,2026-09-04,cb90e01c-ad24-4e88-a405-b3ab220b47ca,HABIT,7.2,7.4,1.0278,7.4,0.99,ON_TRACK
3e3f0ad3-b7e3-4702-a40a-9f40df64e390,2026-09-05,f516d2da-0168-4498-a19a-15c553b92083,FINANCIAL,18000,55609,1.5,333654,0.99,ON_TRACK
de89c7cd-c98e-4254-a7c0-b4dccb035f92,2026-09-05,6e2f27d3-b0a7-41af-ae04-dd93747ab1ab,STUDY,14,12,0.8571,14,0.9543,ON_TRACK
28886d0f-1709-461f-af21-25da7110e35d,2026-09-05,942340a9-28cf-4419-a543-8fb8ad16ee20,HABIT,5,4,0.8,4.67,0.896,ON_TRACK
0e338ced-52f2-4cb7-a878-56f27882d846,2026-09-05,f8586d7f-42a8-40bb-a2c6-46993832c939,HABIT,25,31,1.24,31,0.99,ON_TRACK
68409f50-9fbd-4c38-a96f-a3029700ad96,2026-09-05,2d885db5-09de-4d36-abdc-c357a5253c90,FINANCIAL,96000,96000,1,96000,0.98,ON_TRACK
02f589e6-7bd8-41c4-a8ce-c43c397a3a56,2026-09-05,cb90e01c-ad24-4e88-a405-b3ab220b47ca,HABIT,7.2,7.3,1.0139,7.3,0.99,ON_TRACK