log_id,date,user_id,habit_name,category,scheduled,completed,target_value,actual_value,unit,streak,risk_associated,compliance_status
aacd5afa-d4e9-4a8b-a81c-ebb02d515861,2025-09-06,6f168c2c-529c-4ec8-9932-90d1b493cf87,Exercise,Health,true,false,30,0,minutes,0,false,NON_COMPLIANT
cf4a63d3-9991-40c9-a9bb-b6666fd6b946,2025-09-06,6f168c2c-529c-4ec8-9932-90d1b493cf87,Reading,Learning,true,true,25,32,minutes,1,false,COMPLIANT
35258c01-b102-4e73-a847-28f904dfffd3,2025-09-06,6f168c2c-529c-4ec8-9932-90d1b493cf87,Meditation,Wellbeing,true,false,10,0,minutes,0,false,NON_COMPLIANT
6f8d668a-693f-4173-ab91-a8f7b2d5a0b6,2025-09-06,6f168c2c-529c-4ec8-9932-90d1b493cf87,Sleep before 11 pm,Recovery,true,false,1,0,completed,0,true,NON_COMPLIANT
8ab5f7fb-0d22-40d2-a3f3-25c510899b7a,2025-09-06,6f168c2c-529c-4ec8-9932-90d1b493cf87,Budget review,Finance,false,false,1,0,completed,0,false,NOT_SCHEDULED
4624b54c-d5d9-48d9-a9f8-65ff804fb6bd,2025-09-06,6f168c2c-529c-4ec8-9932-90d1b493cf87,Meal preparation,Nutrition,false,false,1,0,completed,0,false,NOT_SCHEDULED
b22b63c5-0e50-4cef-a1e1-09037746965f,2025-09-07,6f168c2c-529c-4ec8-9932-90d1b493cf87,Exercise,Health,false,false,30,0,minutes,0,false,NOT_SCHEDULED
e701c25a-e940-49ad-a689-be7ffac903c0,2025-09-07,6f168c2c-529c-4ec8-9932-90d1b493cf87,Reading,Learning,true,false,25,0,minutes,0,false,NON_COMPLIANT
15a2fc3c-567c-4e82-a7a6-833117aef5ab,2025-09-07,6f168c2c-529c-4ec8-9932-90d1b493cf87,Meditation,Wellbeing,true,true,10,10,minutes,1,false,COMPLIANT
6862599a-bf1b-40de-a019-be56a271450b,2025-09-07,6f168c2c-529c-4ec8-9932-90d1b493cf87,Sleep before 11 pm,Recovery,true,false,1,0,completed,0,true,NON_COMPLIANT
2f3a3f69-af59-4efb-a04e-b7d3d7fc6153,2025-09-07,6f168c2c-529c-4ec8-9932-90d1b493cf87,Budget review,Finance,true,true,1,1,completed,1,false,COMPLIANT
79b73c8f-fd1a-4c45-aab2-1a39e0672956,2025-09-07,6f168c2c-529c-4ec8-9932-90d1b493cf87,Meal preparation,Nutrition,true,true,1,1,completed,1,false,COMPLIANT
7947fea4-0889-49a5-ac30-4489d2402e86,2025-09-08,6f168c2c-529c-4ec8-9932-90d1b493cf87,Exercise,Health,true,false,30,0,minutes,0,false,NON_COMPLIANT
40b0a078-426b-468f-adcb-89e6a041fc68,2025-09-08,6f168c2c-529c-4ec8-9932-90d1b493cf87,Reading,Learning,true,true,25,42,minutes,1,false,COMPLIANT
57e03ef3-1ee7-4574-ad30-ab2e8e9dddb0,2025-09-08,6f168c2c-529c-4ec8-9932-90d1b493cf87,Meditation,Wellbeing,true,true,10,17,minutes,2,false,COMPLIANT
bc3db4b1-cc5f-4d6a-aca4-2d019fd89339,2025-09-08,6f168c2c-529c-4ec8-9932-90d1b493cf87,Sleep before 11 pm,Recovery,true,false,1,0,completed,0,true,NON_COMPLIANT
57a287f4-1464-4c2f-ae3f-d23424b82dfe,2025-09-08,6f168c2c-529c-4ec8-9932-90d1b493cf87,Budget review,Finance,false,false,1,0,completed,1,false,NOT_SCHEDULED
948e4eba-74b8-49c5-aaf3-36b5f6df5dd1,2025-09-08,6f168c2c-529c-4ec8-9932-90d1b493cf87,Meal preparation,Nutrition,false,false,1,0,completed,1,false,NOT_SCHEDULED
2013cddc-880e-4d3a-a960-0c3394d8d5e1,2025-09-09,6f168c2c-529c-4ec8-9932-90d1b493cf87,Exercise,Health,true,true,30,29,minutes,1,false,COMPLIANT
3a232fe5-e897-4cf7-ac0c-d96800a3fdc0,2025-09-09,6f168c2c-529c-4ec8-9932-90d1b493cf87,Reading,Learning,true,true,25,43,minutes,2,false,COMPLIANT
6ba20cf7-a0d4-482c-aa13-a6cb59c33134,2025-09-09,6f168c2c-529c-4ec8-9932-90d1b493cf87,Meditation,Wellbeing,true,true,10,16,minutes,3,false,COMPLIANT
128718f1-5216-4aec-a590-58d61bbd242f,2025-09-09,6f168c2c-529c-4ec8-9932-90d1b493cf87,Sleep before 11 pm,Recovery,true,true,1,1,completed,1,false,COMPLIANT
84fc10cb-1f05-4782-a77e-a60c833eb28d,2025-09-09,6f168c2c-529c-4ec8-9932-90d1b493cf87,Budget review,Finance,false,false,1,0,completed,1,false,NOT_SCHEDULED
eb63c470-3785-4fdd-a471-cb2419755005,2025-09-09,6f168c2c-529c-4ec8-9932-90d1b493cf87,Meal preparation,Nutrition,false,false,1,0,completed,1,false,NOT_SCHEDULED
6a435a4a-7da9-4eb6-a2de-162ff30e76c8,2025-09-10,6f168c2c-529c-4ec8-9932-90d1b493cf87,Exercise,Health,false,false,30,0,minutes,1,false,NOT_SCHEDULED
ec9d0710-a269-4579-a9b3-ee835ace675f,2025-09-10,6f168c2c-529c-4ec8-9932-90d1b493cf87,Reading,Learning,true,false,25,0,minutes,0,false,NON_COMPLIANT
4b7f6154-dbfa-46c8-a7cb-15e7228fec3e,2025-09-10,6f168c2c-529c-4ec8-9932-90d1b493cf87,Meditation,Wellbeing,true,true,10,16,minutes,4,false,COMPLIANT
e04d5f09-037a-4d6e-a78f-3fd138dc11ee,2025-09-10,6f168c2c-529c-4ec8-9932-90d1b493cf87,Sleep before 11 pm,Recovery,true,true,1,1,completed,2,false,COMPLIANT
d982a38c-7675-4c96-a3b5-12e82509d03e,2025-09-10,6f168c2c-529c-4ec8-9932-90d1b493cf87,Budget review,Finance,false,false,1,0,completed,1,false,NOT_SCHEDULED
68c2ac21-6ce0-449f-aa2f-e02f70d6eda1,2025-09-10,6f168c2c-529c-4ec8-9932-90d1b493cf87,Meal preparation,Nutrition,true,true,1,1,completed,2,false,COMPLIANT
441f45a2-d743-4fe2-a7c0-6267908180fe,2025-09-11,6f168c2c-529c-4ec8-9932-90d1b493cf87,Exercise,Health,true,false,30,0,minutes,0,false,NON_COMPLIANT
d99a747b-0aea-4016-aa17-54fa61f1ed55,2025-09-11,6f168c2c-529c-4ec8-9932-90d1b493cf87,Reading,Learning,true,true,25,35,minutes,1,false,COMPLIANT
ab966123-1a1c-4c6b-ab22-f5e4fc267665,2025-09-11,6f168c2c-529c-4ec8-9932-90d1b493cf87,Meditation,Wellbeing,true,true,10,13,minutes,5,false,COMPLIANT
9ab3e303-eb54-4f3c-a1b9-f47d2603731c,2025-09-11,6f168c2c-529c-4ec8-9932-90d1b493cf87,Sleep before 11 pm,Recovery,true,false,1,0,completed,0,true,NON_COMPLIANT
c5884e06-41f0-4d33-a92c-527373be298b,2025-09-11,6f168c2c-529c-4ec8-9932-90d1b493cf87,Budget review,Finance,false,false,1,0,completed,1,false,NOT_SCHEDULED
d873acb1-527c-49e1-a8d2-3a4e50ef7add,2025-09-11,6f168c2c-529c-4ec8-9932-90d1b493cf87,Meal preparation,Nutrition,false,false,1,0,completed,2,false,NOT_SCHEDULED
f196c7c8-2d53-4559-a228-a9165487935b,2025-09-12,6f168c2c-529c-4ec8-9932-90d1b493cf87,Exercise,Health,true,false,30,0,minutes,0,false,NON_COMPLIANT
bd0b64ac-8ddf-4903-a5b1-2fc2af73d0ac,2025-09-12,6f168c2c-529c-4ec8-9932-90d1b493cf87,Reading,Learning,true,true,25,35,minutes,2,false,COMPLIANT
a36cbe0f-fff6-4980-ac52-83807f0eed58,2025-09-12,6f168c2c-529c-4ec8-9932-90d1b493cf87,Meditation,Wellbeing,true,true,10,9,minutes,6,false,COMPLIANT
e1d1dd0a-7641-445d-a342-85618a2e41c5,2025-09-12,6f168c2c-529c-4ec8-9932-90d1b493cf87,Sleep before 11 pm,Recovery,true,false,1,0,completed,0,true,NON_COMPLIANT
80f1c2e2-4915-483c-abde-4743933c1914,2025-09-12,6f168c2c-529c-4ec8-9932-90d1b493cf87,Budget review,Finance,false,false,1,0,completed,1,false,NOT_SCHEDULED
ac77221b-7e42-4e12-aefd-8b3242324d0f,2025-09-12,6f168c2c-529c-4ec8-9932-90d1b493cf87,Meal preparation,Nutrition,false,false,1,0,completed,2,false,NOT_SCHEDULED
4fd544da-2b10-4332-ade1-b37d0bb8b83d,2025-09-13,6f168c2c-529c-4ec8-9932-90d1b493cf87,Exercise,Health,true,true,30,47,minutes,1,false,COMPLIANT
1103e2b6-fa76-4ea0-a443-9c97e34df55c,2025-09-13,6f168c2c-529c-4ec8-9932-90d1b493cf87,Reading,Learning,true,true,25,23,minutes,3,false,COMPLIANT
8762082d-7190-427d-af95-8b4334289fde,2025-09-13,6f168c2c-529c-4ec8-9932-90d1b493cf87,Meditation,Wellbeing,true,true,10,18,minutes,7,false,COMPLIANT
fe2b4324-8116-4a02-a815-d0f7ff91e073,2025-09-13,6f168c2c-529c-4ec8-9932-90d1b493cf87,Sleep before 11 pm,Recovery,true,false,1,0,completed,0,true,NON_COMPLIANT
d2e03a60-1ec8-48d1-a780-7685c9fde582,2025-09-13,6f168c2c-529c-4ec8-9932-90d1b493cf87,Budget review,Finance,false,false,1,0,completed,1,false,NOT_SCHEDULED
f7e6cc24-dbd9-4063-a8f7-e8350f3a12ea,2025-09-13,6f168c2c-529c-4ec8-9932-90d1b493cf87,Meal preparation,Nutrition,false,false,1,0,completed,2,false,NOT_SCHEDULED
66813b4d-ef78-44c2-acfd-5d655417eb28,2025-09-14,6f168c2c-529c-4ec8-9932-90d1b493cf87,Exercise,Health,false,false,30,0,minutes,1,false,NOT_SCHEDULED
b1957fc0-4a18-4b98-a2dd-80630caaa2d1,2025-09-14,6f168c2c-529c-4ec8-9932-90d1b493cf87,Reading,Learning,true,true,25,44,minutes,4,false,COMPLIANT
5406dc44-97cb-43ad-a922-424e2ea5e764,2025-09-14,6f168c2c-529c-4ec8-9932-90d1b493cf87,Meditation,Wellbeing,true,false,10,0,minutes,0,false,NON_COMPLIANT
3f0fd58f-3708-4d93-a6db-541efb64a0ae,2025-09-14,6f168c2c-529c-4ec8-9932-90d1b493cf87,Sleep before 11 pm,Recovery,true,true,1,1,completed,1,false,COMPLIANT
1d9029fa-3943-4775-a1ad-c74ad20ad790,2025-09-14,6f168c2c-529c-4ec8-9932-90d1b493cf87,Budget review,Finance,true,true,1,1,completed,2,false,COMPLIANT
68239051-6458-4ae4-a5bf-479deab23835,2025-09-14,6f168c2c-529c-4ec8-9932-90d1b493cf87,Meal preparation,Nutrition,true,false,1,0,completed,0,false,NON_COMPLIANT
ace7b518-41b5-4caf-aa7c-845ba7e9c546,2025-09-15,6f168c2c-529c-4ec8-9932-90d1b493cf87,Exercise,Health,true,true,30,38,minutes,2,false,COMPLIANT
0e618229-4b84-4122-af98-b56b442b72f6,2025-09-15,6f168c2c-529c-4ec8-9932-90d1b493cf87,Reading,Learning,true,true,25,44,minutes,5,false,COMPLIANT
8564dc6e-2e7d-4a9f-a0e2-45a0b09d1cf1,2025-09-15,6f168c2c-529c-4ec8-9932-90d1b493cf87,Meditation,Wellbeing,true,true,10,12,minutes,1,false,COMPLIANT
e54e3c24-345d-4340-aaed-28db64f1fef7,2025-09-15,6f168c2c-529c-4ec8-9932-90d1b493cf87,Sleep before 11 pm,Recovery,true,true,1,1,completed,2,false,COMPLIANT
ee580c28-22c5-4323-a3b8-4b1a521c56ee,2025-09-15,6f168c2c-529c-4ec8-9932-90d1b493cf87,Budget review,Finance,false,false,1,0,completed,2,false,NOT_SCHEDULED
b03b229f-4a6c-40fe-a1ea-1dd6e5e78439,2025-09-15,6f168c2c-529c-4ec8-9932-90d1b493cf87,Meal preparation,Nutrition,false,false,1,0,completed,0,false,NOT_SCHEDULED
d1a8628e-8073-4165-ad59-d109639e3333,2025-09-16,6f168c2c-529c-4ec8-9932-90d1b493cf87,Exercise,Health,true,true,30,46,minutes,3,false,COMPLIANT
d3a49a6f-2ce3-4a3d-a07a-3486a5935a59,2025-09-16,6f168c2c-529c-4ec8-9932-90d1b493cf87,Reading,Learning,true,true,25,29,minutes,6,false,COMPLIANT
a291b78a-a27f-4183-a77a-0ecdf1286bb2,2025-09-16,6f168c2c-529c-4ec8-9932-90d1b493cf87,Meditation,Wellbeing,true,true,10,16,minutes,2,false,COMPLIANT
16aa5922-b740-49a1-a69c-2dbf030c0ebf,2025-09-16,6f168c2c-529c-4ec8-9932-90d1b493cf87,Sleep before 11 pm,Recovery,true,true,1,1,completed,3,false,COMPLIANT
c5768f3d-9017-44a6-a6e4-1322ffb0ce01,2025-09-16,6f168c2c-529c-4ec8-9932-90d1b493cf87,Budget review,Finance,false,false,1,0,completed,2,false,NOT_SCHEDULED
5d8381f4-f43f-4ed6-a081-f60abd592b2f,2025-09-16,6f168c2c-529c-4ec8-9932-90d1b493cf87,Meal preparation,Nutrition,false,false,1,0,completed,0,false,NOT_SCHEDULED
1fd60faf-29a9-4dba-aa0e-ca37f13d8e60,2025-09-17,6f168c2c-529c-4ec8-9932-90d1b493cf87,Exercise,Health,false,false,30,0,minutes,3,false,NOT_SCHEDULED
fc95c5ab-0f14-44d4-ad24-97df73d5903b,2025-09-17,6f168c2c-529c-4ec8-9932-90d1b493cf87,Reading,Learning,true,true,25,31,minutes,7,false,COMPLIANT
cff92b81-542b-40e0-a797-911e1065e5b4,2025-09-17,6f168c2c-529c-4ec8-9932-90d1b493cf87,Meditation,Wellbeing,true,true,10,13,minutes,3,false,COMPLIANT
6051790f-45d3-4331-a471-649e8551de81,2025-09-17,6f168c2c-529c-4ec8-9932-90d1b493cf87,Sleep before 11 pm,Recovery,true,true,1,1,completed,4,false,COMPLIANT
638f7f6d-fed9-41bd-a3b8-64319586c5a0,2025-09-17,6f168c2c-529c-4ec8-9932-90d1b493cf87,Budget review,Finance,false,false,1,0,completed,2,false,NOT_SCHEDULED
3c70a647-1319-446d-ad87-26e57c9412b4,2025-09-17,6f168c2c-529c-4ec8-9932-90d1b493cf87,Meal preparation,Nutrition,true,true,1,1,completed,1,false,COMPLIANT
9e12cdf6-9559-4d90-ab8a-b96edc8293eb,2025-09-18,6f168c2c-529c-4ec8-9932-90d1b493cf87,Exercise,Health,true,true,30,37,minutes,4,false,COMPLIANT
c288381a-618d-439d-af04-fcd07a574779,2025-09-18,6f168c2c-529c-4ec8-9932-90d1b493cf87,Reading,Learning,true,true,25,34,minutes,8,false,COMPLIANT
3d60410a-0738-4786-a52a-ca6a460865fb,2025-09-18,6f168c2c-529c-4ec8-9932-90d1b493cf87,Meditation,Wellbeing,true,true,10,15,minutes,4,false,COMPLIANT
7d7cd381-062f-4648-a664-9a4709a3f00c,2025-09-18,6f168c2c-529c-4ec8-9932-90d1b493cf87,Sleep before 11 pm,Recovery,true,false,1,0,completed,0,true,NON_COMPLIANT
3d1aa912-308e-418f-a6f9-f87aff87a925,2025-09-18,6f168c2c-529c-4ec8-9932-90d1b493cf87,Budget review,Finance,false,false,1,0,completed,2,false,NOT_SCHEDULED
40376b73-ce1e-4681-ae7f-3b8680bac526,2025-09-18,6f168c2c-529c-4ec8-9932-90d1b493cf87,Meal preparation,Nutrition,false,false,1,0,completed,1,false,NOT_SCHEDULED
497c1df7-767a-48ec-a491-dcc12bbd94b2,2025-09-19,6f168c2c-529c-4ec8-9932-90d1b493cf87,Exercise,Health,true,false,30,0,minutes,0,false,NON_COMPLIANT
a84a3113-58c8-4ced-aabc-e2eaa0239df6,2025-09-19,6f168c2c-529c-4ec8-9932-90d1b493cf87,Reading,Learning,true,true,25,41,minutes,9,false,COMPLIANT
7f2d3064-3453-40ce-a34e-d016bdecdb79,2025-09-19,6f168c2c-529c-4ec8-9932-90d1b493cf87,Meditation,Wellbeing,true,false,10,0,minutes,0,false,NON_COMPLIANT
4957ec45-fecb-4b12-af10-1996ce3a6690,2025-09-19,6f168c2c-529c-4ec8-9932-90d1b493cf87,Sleep before 11 pm,Recovery,true,true,1,1,completed,1,false,COMPLIANT
85dd3e0a-c045-47a5-a087-1ed43c8432d2,2025-09-19,6f168c2c-529c-4ec8-9932-90d1b493cf87,Budget review,Finance,false,false,1,0,completed,2,false,NOT_SCHEDULED
d372c431-83d8-402c-a810-71089d6c18a0,2025-09-19,6f168c2c-529c-4ec8-9932-90d1b493cf87,Meal preparation,Nutrition,false,false,1,0,completed,1,false,NOT_SCHEDULED
49ec2d0d-3438-444d-a128-677598b62f15,2025-09-20,6f168c2c-529c-4ec8-9932-90d1b493cf87,Exercise,Health,true,true,30,35,minutes,1,false,COMPLIANT
0ba81923-a6a4-4cd4-a6cc-d31c7ba0c95e,2025-09-20,6f168c2c-529c-4ec8-9932-90d1b493cf87,Reading,Learning,true,true,25,34,minutes,10,false,COMPLIANT
c745fccc-b12b-40f0-a124-fba51fe64774,2025-09-20,6f168c2c-529c-4ec8-9932-90d1b493cf87,Meditation,Wellbeing,true,true,10,10,minutes,1,false,COMPLIANT
a82924b2-4cb6-42fd-a97f-9cf31678d7f3,2025-09-20,6f168c2c-529c-4ec8-9932-90d1b493cf87,Sleep before 11 pm,Recovery,true,true,1,1,completed,2,false,COMPLIANT
b7ce94f0-98d6-4bc4-a81b-b5a8724a2645,2025-09-20,6f168c2c-529c-4ec8-9932-90d1b493cf87,Budget review,Finance,false,false,1,0,completed,2,false,NOT_SCHEDULED
bab147e2-282c-48e2-a634-c7102a3a423f,2025-09-20,6f168c2c-529c-4ec8-9932-90d1b493cf87,Meal preparation,Nutrition,false,false,1,0,completed,1,false,NOT_SCHEDULED
9ea5ee06-1b46-40a7-a4c8-ef8be6d0768a,2025-09-21,6f168c2c-529c-4ec8-9932-90d1b493cf87,Exercise,Health,false,false,30,0,minutes,1,false,NOT_SCHEDULED
af8f39c8-cc2b-4ad3-a00d-0ed2d799bdfa,2025-09-21,6f168c2c-529c-4ec8-9932-90d1b493cf87,Reading,Learning,true,false,25,0,minutes,0,false,NON_COMPLIANT
a54efe84-42dc-426b-ac8c-138f0fc99529,2025-09-21,6f168c2c-529c-4ec8-9932-90d1b493cf87,Meditation,Wellbeing,true,true,10,13,minutes,2,false,COMPLIANT
4c775ed2-37de-4b72-ae21-921de37c49e3,2025-09-21,6f168c2c-529c-4ec8-9932-90d1b493cf87,Sleep before 11 pm,Recovery,true,false,1,0,completed,0,true,NON_COMPLIANT
7cf89a3d-b23d-41ca-acca-9a1f3d22afee,2025-09-21,6f168c2c-529c-4ec8-9932-90d1b493cf87,Budget review,Finance,true,true,1,1,completed,3,false,COMPLIANT
a70654b2-71e6-42c0-a54d-0dd920ba55a5,2025-09-21,6f168c2c-529c-4ec8-9932-90d1b493cf87,Meal preparation,Nutrition,true,true,1,1,completed,2,false,COMPLIANT
1dde8d5c-9a65-47f3-a512-400fac396ce2,2025-09-22,6f168c2c-529c-4ec8-9932-90d1b493cf87,Exercise,Health,true,true,30,42,minutes,2,false,COMPLIANT
dba757fe-b945-4303-a927-0d69483b5080,2025-09-22,6f168c2c-529c-4ec8-9932-90d1b493cf87,Reading,Learning,true,true,25,23,minutes,1,false,COMPLIANT
c92d7f01-e963-47f7-a15b-8d6a0722983e,2025-09-22,6f168c2c-529c-4ec8-9932-90d1b493cf87,Meditation,Wellbeing,true,true,10,18,minutes,3,false,COMPLIANT
213b77ec-e089-4175-a9a4-619cd53a4aa1,2025-09-22,6f168c2c-529c-4ec8-9932-90d1b493cf87,Sleep before 11 pm,Recovery,true,false,1,0,completed,0,true,NON_COMPLIANT
75b65c22-6f64-4dcf-a8d5-424c48f7d5f4,2025-09-22,6f168c2c-529c-4ec8-9932-90d1b493cf87,Budget review,Finance,false,false,1,0,completed,3,false,NOT_SCHEDULED
a2763543-ef23-4ae6-a482-5b4089a15fb2,2025-09-22,6f168c2c-529c-4ec8-9932-90d1b493cf87,Meal preparation,Nutrition,false,false,1,0,completed,2,false,NOT_SCHEDULED
59ca2899-8db0-4564-aa87-dde4b3b2b008,2025-09-23,6f168c2c-529c-4ec8-9932-90d1b493cf87,Exercise,Health,true,true,30,32,minutes,3,false,COMPLIANT
59c6c201-62d2-4382-ab18-34ecdfe10b3d,2025-09-23,6f168c2c-529c-4ec8-9932-90d1b493cf87,Reading,Learning,true,false,25,0,minutes,0,false,NON_COMPLIANT
6d746ca9-48ff-4d79-ad82-3f5fb4df4a28,2025-09-23,6f168c2c-529c-4ec8-9932-90d1b493cf87,Meditation,Wellbeing,true,true,10,11,minutes,4,false,COMPLIANT
f65e0a0c-871a-4c29-a4d0-d666520ea4ba,2025-09-23,6f168c2c-529c-4ec8-9932-90d1b493cf87,Sleep before 11 pm,Recovery,true,true,1,1,completed,1,false,COMPLIANT
3a05c4e5-39c7-45de-adbb-c9cf63862882,2025-09-23,6f168c2c-529c-4ec8-9932-90d1b493cf87,Budget review,Finance,false,false,1,0,completed,3,false,NOT_SCHEDULED
81b706c8-24ef-4e23-ae85-238528a68c9b,2025-09-23,6f168c2c-529c-4ec8-9932-90d1b493cf87,Meal preparation,Nutrition,false,false,1,0,completed,2,false,NOT_SCHEDULED
6b351ccc-18cd-4d24-a51e-12ab616df7c9,2025-09-24,6f168c2c-529c-4ec8-9932-90d1b493cf87,Exercise,Health,false,false,30,0,minutes,3,false,NOT_SCHEDULED
7327c345-0329-4986-abec-8cb00a102ebe,2025-09-24,6f168c2c-529c-4ec8-9932-90d1b493cf87,Reading,Learning,true,true,25,37,minutes,1,false,COMPLIANT
f5428552-3e83-4478-a44e-38d963487760,2025-09-24,6f168c2c-529c-4ec8-9932-90d1b493cf87,Meditation,Wellbeing,true,true,10,16,minutes,5,false,COMPLIANT
4ed0addd-4978-4eb9-a3f4-ea00d7e1ca13,2025-09-24,6f168c2c-529c-4ec8-9932-90d1b493cf87,Sleep before 11 pm,Recovery,true,true,1,1,completed,2,false,COMPLIANT
44089e35-4b20-4e73-aa53-0be9ed2cf900,2025-09-24,6f168c2c-529c-4ec8-9932-90d1b493cf87,Budget review,Finance,false,false,1,0,completed,3,false,NOT_SCHEDULED
0742a967-ab7f-44f5-a9d0-0d33273db056,2025-09-24,6f168c2c-529c-4ec8-9932-90d1b493cf87,Meal preparation,Nutrition,true,true,1,1,completed,3,false,COMPLIANT
5f937411-c245-4520-a75a-2c88f00cc4c4,2025-09-25,6f168c2c-529c-4ec8-9932-90d1b493cf87,Exercise,Health,true,true,30,30,minutes,4,false,COMPLIANT
94f9f82d-90ff-4780-a504-bf4d3e3abb6b,2025-09-25,6f168c2c-529c-4ec8-9932-90d1b493cf87,Reading,Learning,true,true,25,35,minutes,2,false,COMPLIANT
a7287739-c0f2-4c9b-ae01-788a10234f36,2025-09-25,6f168c2c-529c-4ec8-9932-90d1b493cf87,Meditation,Wellbeing,true,false,10,0,minutes,0,false,NON_COMPLIANT
9021feda-bba2-4994-a8a7-40ea7f22c96a,2025-09-25,6f168c2c-529c-4ec8-9932-90d1b493cf87,Sleep before 11 pm,Recovery,true,false,1,0,completed,0,true,NON_COMPLIANT
c4d2168f-3bfb-4b8e-ab7b-5aed0997dc26,2025-09-25,6f168c2c-529c-4ec8-9932-90d1b493cf87,Budget review,Finance,false,false,1,0,completed,3,false,NOT_SCHEDULED
1b4f71c9-7c39-42ba-ae6a-54c258098bcd,2025-09-25,6f168c2c-529c-4ec8-9932-90d1b493cf87,Meal preparation,Nutrition,false,false,1,0,completed,3,false,NOT_SCHEDULED
4550c5ef-cfa7-4631-abe9-ed86bf62481b,2025-09-26,6f168c2c-529c-4ec8-9932-90d1b493cf87,Exercise,Health,true,false,30,0,minutes,0,false,NON_COMPLIANT
c0a4e2aa-4b6e-47f5-a637-3425ec211ea9,2025-09-26,6f168c2c-529c-4ec8-9932-90d1b493cf87,Reading,Learning,true,true,25,35,minutes,3,false,COMPLIANT
3658d091-3676-4f69-a8d3-13d3c359c244,2025-09-26,6f168c2c-529c-4ec8-9932-90d1b493cf87,Meditation,Wellbeing,true,true,10,18,minutes,1,false,COMPLIANT
74d910ba-f056-4cae-a3c9-8484b0f47b9b,2025-09-26,6f168c2c-529c-4ec8-9932-90d1b493cf87,Sleep before 11 pm,Recovery,true,true,1,1,completed,1,false,COMPLIANT
70e34154-b248-47f3-a6fc-6e21fa008c29,2025-09-26,6f168c2c-529c-4ec8-9932-90d1b493cf87,Budget review,Finance,false,false,1,0,completed,3,false,NOT_SCHEDULED
4fe6561b-3bdb-470a-ab62-c16bf43329eb,2025-09-26,6f168c2c-529c-4ec8-9932-90d1b493cf87,Meal preparation,Nutrition,false,false,1,0,completed,3,false,NOT_SCHEDULED
c4a904e6-d3bf-4aaf-a218-b70b9a61dd7e,2025-09-27,6f168c2c-529c-4ec8-9932-90d1b493cf87,Exercise,Health,true,true,30,27,minutes,1,false,COMPLIANT
57c53121-fcb4-4f7b-aaf8-41cc5b928917,2025-09-27,6f168c2c-529c-4ec8-9932-90d1b493cf87,Reading,Learning,true,false,25,0,minutes,0,false,NON_COMPLIANT
9700d5f4-0978-4f3d-aedd-97a64a5180c4,2025-09-27,6f168c2c-529c-4ec8-9932-90d1b493cf87,Meditation,Wellbeing,true,true,10,18,minutes,2,false,COMPLIANT
95664fa0-e279-483e-a2e6-df5a97e44eab,2025-09-27,6f168c2c-529c-4ec8-9932-90d1b493cf87,Sleep before 11 pm,Recovery,true,true,1,1,completed,2,false,COMPLIANT
4ad18146-208d-4365-abb6-9a112a70ec78,2025-09-27,6f168c2c-529c-4ec8-9932-90d1b493cf87,Budget review,Finance,false,false,1,0,completed,3,false,NOT_SCHEDULED
5299cef4-2254-4706-ae9a-68b6173fb742,2025-09-27,6f168c2c-529c-4ec8-9932-90d1b493cf87,Meal preparation,Nutrition,false,false,1,0,completed,3,false,NOT_SCHEDULED
3e57769c-c0b2-48ae-a76a-3501baf71ddd,2025-09-28,6f168c2c-529c-4ec8-9932-90d1b493cf87,Exercise,Health,false,false,30,0,minutes,1,false,NOT_SCHEDULED
22616c0b-9fff-47a3-a3a5-bba7289bd50d,2025-09-28,6f168c2c-529c-4ec8-9932-90d1b493cf87,Reading,Learning,true,true,25,38,minutes,1,false,COMPLIANT
cb12cc88-73b7-4d57-a571-f91e09d7b4d2,2025-09-28,6f168c2c-529c-4ec8-9932-90d1b493cf87,Meditation,Wellbeing,true,true,10,17,minutes,3,false,COMPLIANT
426257ef-c875-40d5-acda-d5f5f3d69168,2025-09-28,6f168c2c-529c-4ec8-9932-90d1b493cf87,Sleep before 11 pm,Recovery,true,false,1,0,completed,0,true,NON_COMPLIANT
f6fe6899-63bb-45d9-a49a-a9a5ddacab55,2025-09-28,6f168c2c-529c-4ec8-9932-90d1b493cf87,Budget review,Finance,true,true,1,1,completed,4,false,COMPLIANT
9eb20e07-24a1-4478-a60e-c08a560d2470,2025-09-28,6f168c2c-529c-4ec8-9932-90d1b493cf87,Meal preparation,Nutrition,true,false,1,0,completed,0,false,NON_COMPLIANT
ba658cec-917d-430e-a88e-5a9a5b1319b3,2025-09-29,6f168c2c-529c-4ec8-9932-90d1b493cf87,Exercise,Health,true,true,30,28,minutes,2,false,COMPLIANT
8c038a7d-4c2f-46d2-adf5-5907420a5164,2025-09-29,6f168c2c-529c-4ec8-9932-90d1b493cf87,Reading,Learning,true,false,25,0,minutes,0,false,NON_COMPLIANT
3cefc810-007c-4aa5-a468-82bcbf70a0e0,2025-09-29,6f168c2c-529c-4ec8-9932-90d1b493cf87,Meditation,Wellbeing,true,false,10,0,minutes,0,false,NON_COMPLIANT
b1f08596-f31f-4c0d-ae4c-e2f48efe3825,2025-09-29,6f168c2c-529c-4ec8-9932-90d1b493cf87,Sleep before 11 pm,Recovery,true,true,1,1,completed,1,false,COMPLIANT
52553d36-9fbb-47d8-a255-be175629a5c1,2025-09-29,6f168c2c-529c-4ec8-9932-90d1b493cf87,Budget review,Finance,false,false,1,0,completed,4,false,NOT_SCHEDULED
8865af20-137a-412d-a02b-b0228d0a0a52,2025-09-29,6f168c2c-529c-4ec8-9932-90d1b493cf87,Meal preparation,Nutrition,false,false,1,0,completed,0,false,NOT_SCHEDULED
319cede7-2aa5-4470-a7df-c2b7ba3b7d4a,2025-09-30,6f168c2c-529c-4ec8-9932-90d1b493cf87,Exercise,Health,true,true,30,50,minutes,3,false,COMPLIANT
ac2639d2-cc0a-4c06-ab81-27937d98fa4f,2025-09-30,6f168c2c-529c-4ec8-9932-90d1b493cf87,Reading,Learning,true,true,25,32,minutes,1,false,COMPLIANT
51219f86-f6ea-42e3-a6d7-727dc06b835c,2025-09-30,6f168c2c-529c-4ec8-9932-90d1b493cf87,Meditation,Wellbeing,true,true,10,11,minutes,1,false,COMPLIANT
d92e4458-38b3-4c4d-a057-90716db8734f,2025-09-30,6f168c2c-529c-4ec8-9932-90d1b493cf87,Sleep before 11 pm,Recovery,true,true,1,1,completed,2,false,COMPLIANT
47fd7c5e-bde6-49ef-a7c3-4a43b6a33ef2,2025-09-30,6f168c2c-529c-4ec8-9932-90d1b493cf87,Budget review,Finance,false,false,1,0,completed,4,false,NOT_SCHEDULED
4279033b-1749-4e20-a761-2ba57254348b,2025-09-30,6f168c2c-529c-4ec8-9932-90d1b493cf87,Meal preparation,Nutrition,false,false,1,0,completed,0,false,NOT_SCHEDULED
6e3d35ea-e3ae-4478-ab44-6ad1da4bb406,2025-10-01,6f168c2c-529c-4ec8-9932-90d1b493cf87,Exercise,Health,false,false,30,0,minutes,3,false,NOT_SCHEDULED
cd17c7b5-a8b9-4718-ad8f-7c85fc428560,2025-10-01,6f168c2c-529c-4ec8-9932-90d1b493cf87,Reading,Learning,true,true,25,35,minutes,2,false,COMPLIANT
30b57345-1af9-43ed-adf9-a1987041eccd,2025-10-01,6f168c2c-529c-4ec8-9932-90d1b493cf87,Meditation,Wellbeing,true,true,10,9,minutes,2,false,COMPLIANT
cf101960-a573-4e9a-a683-e9e761c128ba,2025-10-01,6f168c2c-529c-4ec8-9932-90d1b493cf87,Sleep before 11 pm,Recovery,true,false,1,0,completed,0,true,NON_COMPLIANT
9af4af21-620b-4157-a2e8-7ccd54b79825,2025-10-01,6f168c2c-529c-4ec8-9932-90d1b493cf87,Budget review,Finance,false,false,1,0,completed,4,false,NOT_SCHEDULED
8676ba64-c917-484d-a89f-b8e837205939,2025-10-01,6f168c2c-529c-4ec8-9932-90d1b493cf87,Meal preparation,Nutrition,true,false,1,0,completed,0,false,NON_COMPLIANT
cc754019-2283-4343-a477-77bc97972898,2025-10-02,6f168c2c-529c-4ec8-9932-90d1b493cf87,Exercise,Health,true,true,30,46,minutes,4,false,COMPLIANT
adddb9aa-8c7d-4ba2-a7cb-6e8711c447cc,2025-10-02,6f168c2c-529c-4ec8-9932-90d1b493cf87,Reading,Learning,true,true,25,27,minutes,3,false,COMPLIANT
9b37d893-c7b1-488d-abab-6bdf1eb8307e,2025-10-02,6f168c2c-529c-4ec8-9932-90d1b493cf87,Meditation,Wellbeing,true,true,10,16,minutes,3,false,COMPLIANT
ed56da1a-5fe1-445a-a681-1db1ce7b36ed,2025-10-02,6f168c2c-529c-4ec8-9932-90d1b493cf87,Sleep before 11 pm,Recovery,true,false,1,0,completed,0,true,NON_COMPLIANT
f1cb62d5-39d5-4975-aef9-9f938f5dfbb1,2025-10-02,6f168c2c-529c-4ec8-9932-90d1b493cf87,Budget review,Finance,false,false,1,0,completed,4,false,NOT_SCHEDULED
c367747b-98d5-4eef-a588-a2c03e400ca3,2025-10-02,6f168c2c-529c-4ec8-9932-90d1b493cf87,Meal preparation,Nutrition,false,false,1,0,completed,0,false,NOT_SCHEDULED
0329ca46-1b91-4bc0-a060-e80e5828e562,2025-10-03,6f168c2c-529c-4ec8-9932-90d1b493cf87,Exercise,Health,true,true,30,54,minutes,5,false,COMPLIANT
60b5d9a0-7d02-4819-a51d-d07c34f9a56f,2025-10-03,6f168c2c-529c-4ec8-9932-90d1b493cf87,Reading,Learning,true,false,25,0,minutes,0,false,NON_COMPLIANT
3c6dc9b8-fcac-489c-a0dd-1b27c0adb77b,2025-10-03,6f168c2c-529c-4ec8-9932-90d1b493cf87,Meditation,Wellbeing,true,false,10,0,minutes,0,false,NON_COMPLIANT
a6cdbc41-9747-4e3a-a04f-5854af0975f2,2025-10-03,6f168c2c-529c-4ec8-9932-90d1b493cf87,Sleep before 11 pm,Recovery,true,true,1,1,completed,1,false,COMPLIANT
c1df8442-04f8-48e8-ac90-b0f2bf1fc6e7,2025-10-03,6f168c2c-529c-4ec8-9932-90d1b493cf87,Budget review,Finance,false,false,1,0,completed,4,false,NOT_SCHEDULED
171e0920-7a2f-4a29-a9e5-e51fa638e9b5,2025-10-03,6f168c2c-529c-4ec8-9932-90d1b493cf87,Meal preparation,Nutrition,false,false,1,0,completed,0,false,NOT_SCHEDULED
befcf896-bb0d-4b58-a9ac-f5255bb1d878,2025-10-04,6f168c2c-529c-4ec8-9932-90d1b493cf87,Exercise,Health,true,true,30,51,minutes,6,false,COMPLIANT
6a65bffa-06d2-4f8e-ac7e-f5df0d39c182,2025-10-04,6f168c2c-529c-4ec8-9932-90d1b493cf87,Reading,Learning,true,false,25,0,minutes,0,false,NON_COMPLIANT
a06a4abe-26be-4076-a2a0-223c1ff4f299,2025-10-04,6f168c2c-529c-4ec8-9932-90d1b493cf87,Meditation,Wellbeing,true,true,10,17,minutes,1,false,COMPLIANT
38a72c8c-a65e-48c6-aeb1-781eb2d6ffa8,2025-10-04,6f168c2c-529c-4ec8-9932-90d1b493cf87,Sleep before 11 pm,Recovery,true,false,1,0,completed,0,true,NON_COMPLIANT
c1d60155-fb13-4bd7-a3a1-3c5998ed4bfa,2025-10-04,6f168c2c-529c-4ec8-9932-90d1b493cf87,Budget review,Finance,false,false,1,0,completed,4,false,NOT_SCHEDULED
1186e523-b085-4413-a3d6-68bb8a33a174,2025-10-04,6f168c2c-529c-4ec8-9932-90d1b493cf87,Meal preparation,Nutrition,false,false,1,0,completed,0,false,NOT_SCHEDULED
c0c778c0-427c-4b02-a57d-ce7d2137190b,2025-10-05,6f168c2c-529c-4ec8-9932-90d1b493cf87,Exercise,Health,false,false,30,0,minutes,6,false,NOT_SCHEDULED
9b6a493c-b536-4970-ae71-d4644bf10622,2025-10-05,6f168c2c-529c-4ec8-9932-90d1b493cf87,Reading,Learning,true,true,25,38,minutes,1,false,COMPLIANT
868daa3a-0155-4f12-ac87-e91c772d035d,2025-10-05,6f168c2c-529c-4ec8-9932-90d1b493cf87,Meditation,Wellbeing,true,true,10,13,minutes,2,false,COMPLIANT
e0ccbd5d-4332-4b26-a82d-40e3ce7f5f2c,2025-10-05,6f168c2c-529c-4ec8-9932-90d1b493cf87,Sleep before 11 pm,Recovery,true,false,1,0,completed,0,true,NON_COMPLIANT
3683f30b-5bba-4559-a98b-536c7f1d6ed3,2025-10-05,6f168c2c-529c-4ec8-9932-90d1b493cf87,Budget review,Finance,true,true,1,1,completed,5,false,COMPLIANT
c2c98236-59d9-4c27-a52e-f0d4cce6e700,2025-10-05,6f168c2c-529c-4ec8-9932-90d1b493cf87,Meal preparation,Nutrition,true,true,1,1,completed,1,false,COMPLIANT
6aae6a56-da6a-4431-abe2-2d44201bfca9,2025-10-06,6f168c2c-529c-4ec8-9932-90d1b493cf87,Exercise,Health,true,false,30,0,minutes,0,false,NON_COMPLIANT
7206ef6b-e035-4ac0-a962-138f12991647,2025-10-06,6f168c2c-529c-4ec8-9932-90d1b493cf87,Reading,Learning,true,true,25,43,minutes,2,false,COMPLIANT
03557636-bf0c-4b30-ab1b-b3e34f33282f,2025-10-06,6f168c2c-529c-4ec8-9932-90d1b493cf87,Meditation,Wellbeing,true,true,10,16,minutes,3,false,COMPLIANT
49909403-031d-4e4f-ab95-2d351f125442,2025-10-06,6f168c2c-529c-4ec8-9932-90d1b493cf87,Sleep before 11 pm,Recovery,true,true,1,1,completed,1,false,COMPLIANT
938942e1-885d-4cac-ae17-42389f168e75,2025-10-06,6f168c2c-529c-4ec8-9932-90d1b493cf87,Budget review,Finance,false,false,1,0,completed,5,false,NOT_SCHEDULED
090708de-03d1-45e1-a84d-8139f3dd4dec,2025-10-06,6f168c2c-529c-4ec8-9932-90d1b493cf87,Meal preparation,Nutrition,false,false,1,0,completed,1,false,NOT_SCHEDULED
9946456a-9d19-4495-afdd-935ec0a133d3,2025-10-07,6f168c2c-529c-4ec8-9932-90d1b493cf87,Exercise,Health,true,true,30,38,minutes,1,false,COMPLIANT
1aa0f933-21cd-402b-aa9b-ea550eed4086,2025-10-07,6f168c2c-529c-4ec8-9932-90d1b493cf87,Reading,Learning,true,false,25,0,minutes,0,false,NON_COMPLIANT
d85db377-d0c6-4ce9-a90b-de94c1f9e316,2025-10-07,6f168c2c-529c-4ec8-9932-90d1b493cf87,Meditation,Wellbeing,true,false,10,0,minutes,0,false,NON_COMPLIANT
f233fd86-1f26-41ae-a350-6fdd0baa77f7,2025-10-07,6f168c2c-529c-4ec8-9932-90d1b493cf87,Sleep before 11 pm,Recovery,true,true,1,1,completed,2,false,COMPLIANT
c0af58bb-7d65-4e1b-a40b-97d8de4331f6,2025-10-07,6f168c2c-529c-4ec8-9932-90d1b493cf87,Budget review,Finance,false,false,1,0,completed,5,false,NOT_SCHEDULED
14b2843f-2ce1-4ab1-abab-8356cf922a50,2025-10-07,6f168c2c-529c-4ec8-9932-90d1b493cf87,Meal preparation,Nutrition,false,false,1,0,completed,1,false,NOT_SCHEDULED
6e8d1cab-71b9-4df0-afa6-b72203689d15,2025-10-08,6f168c2c-529c-4ec8-9932-90d1b493cf87,Exercise,Health,false,false,30,0,minutes,1,false,NOT_SCHEDULED
87df4ed2-0701-47fc-aa46-27211bc90a98,2025-10-08,6f168c2c-529c-4ec8-9932-90d1b493cf87,Reading,Learning,true,false,25,0,minutes,0,false,NON_COMPLIANT
010e386b-e2a1-44bf-a441-a17c323b7c91,2025-10-08,6f168c2c-529c-4ec8-9932-90d1b493cf87,Meditation,Wellbeing,true,true,10,16,minutes,1,false,COMPLIANT
cea12552-b85c-4c57-a8a6-cc809b47616b,2025-10-08,6f168c2c-529c-4ec8-9932-90d1b493cf87,Sleep before 11 pm,Recovery,true,true,1,1,completed,3,false,COMPLIANT
b128a77d-27e2-4d60-a23c-c50401f265ce,2025-10-08,6f168c2c-529c-4ec8-9932-90d1b493cf87,Budget review,Finance,false,false,1,0,completed,5,false,NOT_SCHEDULED
cb886dd3-6c8a-4a8d-aa51-ea5da6f1b40a,2025-10-08,6f168c2c-529c-4ec8-9932-90d1b493cf87,Meal preparation,Nutrition,true,true,1,1,completed,2,false,COMPLIANT
524d33cf-35dd-4e34-a4b4-b1a06e11d235,2025-10-09,6f168c2c-529c-4ec8-9932-90d1b493cf87,Exercise,Health,true,true,30,46,minutes,2,false,COMPLIANT
0a22bfb5-ce14-4229-aae0-0b98ecba3d12,2025-10-09,6f168c2c-529c-4ec8-9932-90d1b493cf87,Reading,Learning,true,true,25,28,minutes,1,false,COMPLIANT
fb7ed82a-3411-475b-ae03-3941134ed69a,2025-10-09,6f168c2c-529c-4ec8-9932-90d1b493cf87,Meditation,Wellbeing,true,true,10,9,minutes,2,false,COMPLIANT
0cce1504-81ab-4b29-a78e-540ecfaeda46,2025-10-09,6f168c2c-529c-4ec8-9932-90d1b493cf87,Sleep before 11 pm,Recovery,true,false,1,0,completed,0,true,NON_COMPLIANT
3919be96-ffcd-4303-a290-cf2c5e3793c9,2025-10-09,6f168c2c-529c-4ec8-9932-90d1b493cf87,Budget review,Finance,false,false,1,0,completed,5,false,NOT_SCHEDULED
a1319717-0b18-4079-a1c4-147dd748b4ef,2025-10-09,6f168c2c-529c-4ec8-9932-90d1b493cf87,Meal preparation,Nutrition,false,false,1,0,completed,2,false,NOT_SCHEDULED
edbf7a8b-15c0-4bdf-a9c0-a7013c1c73af,2025-10-10,6f168c2c-529c-4ec8-9932-90d1b493cf87,Exercise,Health,true,false,30,0,minutes,0,false,NON_COMPLIANT
a9c364f1-d68b-4f2b-aec4-acd94a30e73e,2025-10-10,6f168c2c-529c-4ec8-9932-90d1b493cf87,Reading,Learning,true,true,25,42,minutes,2,false,COMPLIANT
7bb4a114-3d4a-4be4-aac8-ea83ae7dba7f,2025-10-10,6f168c2c-529c-4ec8-9932-90d1b493cf87,Meditation,Wellbeing,true,false,10,0,minutes,0,false,NON_COMPLIANT
7557938e-6225-41c8-a439-e02daf22d457,2025-10-10,6f168c2c-529c-4ec8-9932-90d1b493cf87,Sleep before 11 pm,Recovery,true,true,1,1,completed,1,false,COMPLIANT
339ffba4-7383-45c9-ad56-31c20c64b57a,2025-10-10,6f168c2c-529c-4ec8-9932-90d1b493cf87,Budget review,Finance,false,false,1,0,completed,5,false,NOT_SCHEDULED
c51143b0-0ddd-411a-aed9-858a4e3490d8,2025-10-10,6f168c2c-529c-4ec8-9932-90d1b493cf87,Meal preparation,Nutrition,false,false,1,0,completed,2,false,NOT_SCHEDULED
c25130b9-aa09-4515-a540-c0c874d40049,2025-10-11,6f168c2c-529c-4ec8-9932-90d1b493cf87,Exercise,Health,true,false,30,0,minutes,0,false,NON_COMPLIANT
a9c360a7-ae9d-467e-a819-c3e0a51690aa,2025-10-11,6f168c2c-529c-4ec8-9932-90d1b493cf87,Reading,Learning,true,false,25,0,minutes,0,false,NON_COMPLIANT
12571434-3ba7-401a-aa18-93a295fbed24,2025-10-11,6f168c2c-529c-4ec8-9932-90d1b493cf87,Meditation,Wellbeing,true,false,10,0,minutes,0,false,NON_COMPLIANT
18fbf05c-349a-41df-a7b6-4f9bd29afb17,2025-10-11,6f168c2c-529c-4ec8-9932-90d1b493cf87,Sleep before 11 pm,Recovery,true,false,1,0,completed,0,true,NON_COMPLIANT
3e30e527-8656-489b-aa22-631fd965ff1f,2025-10-11,6f168c2c-529c-4ec8-9932-90d1b493cf87,Budget review,Finance,false,false,1,0,completed,5,false,NOT_SCHEDULED
7c479f95-3806-48ef-ad8e-f312dc83ac22,2025-10-11,6f168c2c-529c-4ec8-9932-90d1b493cf87,Meal preparation,Nutrition,false,false,1,0,completed,2,false,NOT_SCHEDULED
456cfbc0-be82-40ba-aea7-285f6973df68,2025-10-12,6f168c2c-529c-4ec8-9932-90d1b493cf87,Exercise,Health,false,false,30,0,minutes,0,false,NOT_SCHEDULED
cb62700b-4683-49e1-afbd-b92e4760392a,2025-10-12,6f168c2c-529c-4ec8-9932-90d1b493cf87,Reading,Learning,true,true,25,34,minutes,1,false,COMPLIANT
b834ccf7-28ed-4581-a495-af93289ab1db,2025-10-12,6f168c2c-529c-4ec8-9932-90d1b493cf87,Meditation,Wellbeing,true,true,10,9,minutes,1,false,COMPLIANT
0b808531-0c53-45e6-af62-4208cb40536c,2025-10-12,6f168c2c-529c-4ec8-9932-90d1b493cf87,Sleep before 11 pm,Recovery,true,true,1,1,completed,1,false,COMPLIANT
c1827ba6-d10e-4804-a17e-4e823687490a,2025-10-12,6f168c2c-529c-4ec8-9932-90d1b493cf87,Budget review,Finance,true,true,1,1,completed,6,false,COMPLIANT
45108cc5-fd3a-4638-a8c2-2d165b42df93,2025-10-12,6f168c2c-529c-4ec8-9932-90d1b493cf87,Meal preparation,Nutrition,true,false,1,0,completed,0,false,NON_COMPLIANT
cd249f36-e3d6-4fbd-a495-25ee59667a10,2025-10-13,6f168c2c-529c-4ec8-9932-90d1b493cf87,Exercise,Health,true,false,30,0,minutes,0,false,NON_COMPLIANT
f32b27b9-41ed-4068-a57f-a07a8800a4fc,2025-10-13,6f168c2c-529c-4ec8-9932-90d1b493cf87,Reading,Learning,true,true,25,42,minutes,2,false,COMPLIANT
7d6c67fb-4a7a-4d25-ab36-7e8db99ae9c4,2025-10-13,6f168c2c-529c-4ec8-9932-90d1b493cf87,Meditation,Wellbeing,true,false,10,0,minutes,0,false,NON_COMPLIANT
57f7dee5-e660-45b0-a089-09d4f8306f6f,2025-10-13,6f168c2c-529c-4ec8-9932-90d1b493cf87,Sleep before 11 pm,Recovery,true,true,1,1,completed,2,false,COMPLIANT
016a8e7a-4d79-462f-ab09-58d0cb92c080,2025-10-13,6f168c2c-529c-4ec8-9932-90d1b493cf87,Budget review,Finance,false,false,1,0,completed,6,false,NOT_SCHEDULED
629f14c6-eb39-4b5f-a8ca-2e3e327752ac,2025-10-13,6f168c2c-529c-4ec8-9932-90d1b493cf87,Meal preparation,Nutrition,false,false,1,0,completed,0,false,NOT_SCHEDULED
3842c4d7-d471-4e1f-a938-83859b3ec425,2025-10-14,6f168c2c-529c-4ec8-9932-90d1b493cf87,Exercise,Health,true,true,30,27,minutes,1,false,COMPLIANT
d1f12462-3276-4166-a99b-10a602c58f82,2025-10-14,6f168c2c-529c-4ec8-9932-90d1b493cf87,Reading,Learning,true,true,25,41,minutes,3,false,COMPLIANT
713fb51d-62e6-4e16-a4f3-abc639eadc31,2025-10-14,6f168c2c-529c-4ec8-9932-90d1b493cf87,Meditation,Wellbeing,true,true,10,17,minutes,1,false,COMPLIANT
47033191-d946-4105-a7b6-bef50fb6b8e7,2025-10-14,6f168c2c-529c-4ec8-9932-90d1b493cf87,Sleep before 11 pm,Recovery,true,true,1,1,completed,3,false,COMPLIANT
f0e045b7-cfd2-44dd-afa8-ee4357238d13,2025-10-14,6f168c2c-529c-4ec8-9932-90d1b493cf87,Budget review,Finance,false,false,1,0,completed,6,false,NOT_SCHEDULED
546a2287-a4f4-4c6a-ad2d-1d666b17b977,2025-10-14,6f168c2c-529c-4ec8-9932-90d1b493cf87,Meal preparation,Nutrition,false,false,1,0,completed,0,false,NOT_SCHEDULED
73f800f3-1f61-4ea2-a44a-bc8c65be1cc3,2025-10-15,6f168c2c-529c-4ec8-9932-90d1b493cf87,Exercise,Health,false,false,30,0,minutes,1,false,NOT_SCHEDULED
f6a23399-6a90-4bff-ae26-4d3c6b5bee07,2025-10-15,6f168c2c-529c-4ec8-9932-90d1b493cf87,Reading,Learning,true,true,25,37,minutes,4,false,COMPLIANT
3be24dc4-6e24-483e-a4d2-3589efe57d91,2025-10-15,6f168c2c-529c-4ec8-9932-90d1b493cf87,Meditation,Wellbeing,true,true,10,14,minutes,2,false,COMPLIANT
074d22b6-891a-4f2b-a0fc-c56653b4c08a,2025-10-15,6f168c2c-529c-4ec8-9932-90d1b493cf87,Sleep before 11 pm,Recovery,true,true,1,1,completed,4,false,COMPLIANT
464ecefe-76e6-46fa-a804-e4b5c6d5de88,2025-10-15,6f168c2c-529c-4ec8-9932-90d1b493cf87,Budget review,Finance,false,false,1,0,completed,6,false,NOT_SCHEDULED
7e5ab4a1-fb1a-48ef-a752-0eba87eec49f,2025-10-15,6f168c2c-529c-4ec8-9932-90d1b493cf87,Meal preparation,Nutrition,true,true,1,1,completed,1,false,COMPLIANT
24732076-d49d-4980-aedf-c955b4ed38bd,2025-10-16,6f168c2c-529c-4ec8-9932-90d1b493cf87,Exercise,Health,true,false,30,0,minutes,0,false,NON_COMPLIANT
2f2b35ac-54df-4a24-ae8c-9a2ff4b75f68,2025-10-16,6f168c2c-529c-4ec8-9932-90d1b493cf87,Reading,Learning,true,false,25,0,minutes,0,false,NON_COMPLIANT
4147f9ac-7d19-463b-a1eb-9975e5aaffc5,2025-10-16,6f168c2c-529c-4ec8-9932-90d1b493cf87,Meditation,Wellbeing,true,true,10,14,minutes,3,false,COMPLIANT
4b9a247a-65d2-4aa9-a4d5-5365c20d0b73,2025-10-16,6f168c2c-529c-4ec8-9932-90d1b493cf87,Sleep before 11 pm,Recovery,true,true,1,1,completed,5,false,COMPLIANT
403d5806-c219-4d2c-a90d-269315a28b0b,2025-10-16,6f168c2c-529c-4ec8-9932-90d1b493cf87,Budget review,Finance,false,false,1,0,completed,6,false,NOT_SCHEDULED
95bbf630-609f-4072-aedc-6cacc36864d8,2025-10-16,6f168c2c-529c-4ec8-9932-90d1b493cf87,Meal preparation,Nutrition,false,false,1,0,completed,1,false,NOT_SCHEDULED
4919e324-d220-4c7d-a2c8-8b494e9b5ed4,2025-10-17,6f168c2c-529c-4ec8-9932-90d1b493cf87,Exercise,Health,true,true,30,49,minutes,1,false,COMPLIANT
16ed8a23-0f08-43d6-a603-9c20afba9819,2025-10-17,6f168c2c-529c-4ec8-9932-90d1b493cf87,Reading,Learning,true,true,25,45,minutes,1,false,COMPLIANT
23e7fa69-a260-42fc-ad66-d796bc18112c,2025-10-17,6f168c2c-529c-4ec8-9932-90d1b493cf87,Meditation,Wellbeing,true,false,10,0,minutes,0,false,NON_COMPLIANT
f9f5ae9a-3ec7-4423-ad1c-d971d4f40799,2025-10-17,6f168c2c-529c-4ec8-9932-90d1b493cf87,Sleep before 11 pm,Recovery,true,true,1,1,completed,6,false,COMPLIANT
a0214a46-9b7a-46c5-a4d8-6b7144a302a7,2025-10-17,6f168c2c-529c-4ec8-9932-90d1b493cf87,Budget review,Finance,false,false,1,0,completed,6,false,NOT_SCHEDULED
942a97ff-9c5a-42b1-ae2d-192670eefa05,2025-10-17,6f168c2c-529c-4ec8-9932-90d1b493cf87,Meal preparation,Nutrition,false,false,1,0,completed,1,false,NOT_SCHEDULED
05d2ccce-77ba-448d-ae35-0c3fec121c17,2025-10-18,6f168c2c-529c-4ec8-9932-90d1b493cf87,Exercise,Health,true,true,30,41,minutes,2,false,COMPLIANT
e50895ac-59b9-44e5-a652-d8466b0437a9,2025-10-18,6f168c2c-529c-4ec8-9932-90d1b493cf87,Reading,Learning,true,true,25,37,minutes,2,false,COMPLIANT
9cebd7ca-6a07-4fe4-aeff-2fc9228c31eb,2025-10-18,6f168c2c-529c-4ec8-9932-90d1b493cf87,Meditation,Wellbeing,true,false,10,0,minutes,0,false,NON_COMPLIANT
c190b5a6-547a-4eec-a4ed-b7ed4d9a9cd7,2025-10-18,6f168c2c-529c-4ec8-9932-90d1b493cf87,Sleep before 11 pm,Recovery,true,true,1,1,completed,7,false,COMPLIANT
9cfe1f60-3acc-4f79-abd6-04c3aeea4fab,2025-10-18,6f168c2c-529c-4ec8-9932-90d1b493cf87,Budget review,Finance,false,false,1,0,completed,6,false,NOT_SCHEDULED
4ca0c198-36c4-4f63-a61d-b18464f424e5,2025-10-18,6f168c2c-529c-4ec8-9932-90d1b493cf87,Meal preparation,Nutrition,false,false,1,0,completed,1,false,NOT_SCHEDULED
1e5202cc-0279-4ecc-ae97-d27b149cff06,2025-10-19,6f168c2c-529c-4ec8-9932-90d1b493cf87,Exercise,Health,false,false,30,0,minutes,2,false,NOT_SCHEDULED
d7a97509-887d-457e-a13d-6cc0ef1d4f04,2025-10-19,6f168c2c-529c-4ec8-9932-90d1b493cf87,Reading,Learning,true,true,25,40,minutes,3,false,COMPLIANT
96101112-5609-4807-a6b3-208c481ad550,2025-10-19,6f168c2c-529c-4ec8-9932-90d1b493cf87,Meditation,Wellbeing,true,false,10,0,minutes,0,false,NON_COMPLIANT
b4d1e62e-b216-47c0-a30d-3bc23d5b51dd,2025-10-19,6f168c2c-529c-4ec8-9932-90d1b493cf87,Sleep before 11 pm,Recovery,true,true,1,1,completed,8,false,COMPLIANT
5d205de1-1dc4-48df-a296-f561a112a0bd,2025-10-19,6f168c2c-529c-4ec8-9932-90d1b493cf87,Budget review,Finance,true,true,1,1,completed,7,false,COMPLIANT
c7c7de4d-45ba-4165-a597-37e821443c6b,2025-10-19,6f168c2c-529c-4ec8-9932-90d1b493cf87,Meal preparation,Nutrition,true,true,1,1,completed,2,false,COMPLIANT
1ddcfcb6-d7f5-4082-a882-da3ab0e0cfb7,2025-10-20,6f168c2c-529c-4ec8-9932-90d1b493cf87,Exercise,Health,true,false,30,0,minutes,0,false,NON_COMPLIANT
4671217d-2c77-40b9-a597-40c4f3940261,2025-10-20,6f168c2c-529c-4ec8-9932-90d1b493cf87,Reading,Learning,true,true,25,37,minutes,4,false,COMPLIANT
83fded56-f2da-40a3-aea3-0e646ff1dd8c,2025-10-20,6f168c2c-529c-4ec8-9932-90d1b493cf87,Meditation,Wellbeing,true,true,10,9,minutes,1,false,COMPLIANT
03f2146d-0212-4394-ac75-05131dc0fabd,2025-10-20,6f168c2c-529c-4ec8-9932-90d1b493cf87,Sleep before 11 pm,Recovery,true,false,1,0,completed,0,true,NON_COMPLIANT
a9bd551d-aac2-49e2-a075-6ab97440d8e8,2025-10-20,6f168c2c-529c-4ec8-9932-90d1b493cf87,Budget review,Finance,false,false,1,0,completed,7,false,NOT_SCHEDULED
b5189f85-4211-48a5-a200-b337adcf7529,2025-10-20,6f168c2c-529c-4ec8-9932-90d1b493cf87,Meal preparation,Nutrition,false,false,1,0,completed,2,false,NOT_SCHEDULED
e7306f2c-993a-47c6-a42d-a5863d86b3d4,2025-10-21,6f168c2c-529c-4ec8-9932-90d1b493cf87,Exercise,Health,true,true,30,51,minutes,1,false,COMPLIANT
7f0523f2-42c0-477d-af68-965cee6cd9c8,2025-10-21,6f168c2c-529c-4ec8-9932-90d1b493cf87,Reading,Learning,true,false,25,0,minutes,0,false,NON_COMPLIANT
9bccf3a8-3277-49f3-a819-44bfd3ec2084,2025-10-21,6f168c2c-529c-4ec8-9932-90d1b493cf87,Meditation,Wellbeing,true,true,10,16,minutes,2,false,COMPLIANT
57403920-ce89-44b9-a5c8-ba1e5c64a8a2,2025-10-21,6f168c2c-529c-4ec8-9932-90d1b493cf87,Sleep before 11 pm,Recovery,true,true,1,1,completed,1,false,COMPLIANT
6d232c43-23e7-48d9-a62e-74cffa5c6f2d,2025-10-21,6f168c2c-529c-4ec8-9932-90d1b493cf87,Budget review,Finance,false,false,1,0,completed,7,false,NOT_SCHEDULED
916a1a5d-db20-499e-ab4a-658181abe897,2025-10-21,6f168c2c-529c-4ec8-9932-90d1b493cf87,Meal preparation,Nutrition,false,false,1,0,completed,2,false,NOT_SCHEDULED
b44a45b2-a574-49c5-a4ad-b10d2e5019cc,2025-10-22,6f168c2c-529c-4ec8-9932-90d1b493cf87,Exercise,Health,false,false,30,0,minutes,1,false,NOT_SCHEDULED
1377daff-b73c-439a-a3d1-f3de0ee20e8f,2025-10-22,6f168c2c-529c-4ec8-9932-90d1b493cf87,Reading,Learning,true,true,25,45,minutes,1,false,COMPLIANT
c679e2c9-a027-495d-a530-30c345344c4e,2025-10-22,6f168c2c-529c-4ec8-9932-90d1b493cf87,Meditation,Wellbeing,true,true,10,12,minutes,3,false,COMPLIANT
5e69f968-bf6e-4ff8-aa6a-cfdb1a47ddd8,2025-10-22,6f168c2c-529c-4ec8-9932-90d1b493cf87,Sleep before 11 pm,Recovery,true,true,1,1,completed,2,false,COMPLIANT
5620f893-5551-404b-a214-c46555039841,2025-10-22,6f168c2c-529c-4ec8-9932-90d1b493cf87,Budget review,Finance,false,false,1,0,completed,7,false,NOT_SCHEDULED
586cb21d-aba4-42a3-a223-218d9d3cc534,2025-10-22,6f168c2c-529c-4ec8-9932-90d1b493cf87,Meal preparation,Nutrition,true,true,1,1,completed,3,false,COMPLIANT
5583b23a-a3f6-4bdd-a0f4-f77ce743d75e,2025-10-23,6f168c2c-529c-4ec8-9932-90d1b493cf87,Exercise,Health,true,true,30,28,minutes,2,false,COMPLIANT
433d9f0f-d9db-496c-aa29-1de337a3f910,2025-10-23,6f168c2c-529c-4ec8-9932-90d1b493cf87,Reading,Learning,true,true,25,27,minutes,2,false,COMPLIANT
dc204e8e-b614-45fd-a987-586dfb8228b4,2025-10-23,6f168c2c-529c-4ec8-9932-90d1b493cf87,Meditation,Wellbeing,true,true,10,18,minutes,4,false,COMPLIANT
2c20282c-f1b3-48f2-aeef-886ccc45917c,2025-10-23,6f168c2c-529c-4ec8-9932-90d1b493cf87,Sleep before 11 pm,Recovery,true,true,1,1,completed,3,false,COMPLIANT
1c9aaa1f-6979-440e-a8e3-85bfc86cb782,2025-10-23,6f168c2c-529c-4ec8-9932-90d1b493cf87,Budget review,Finance,false,false,1,0,completed,7,false,NOT_SCHEDULED
ac47625f-dd91-4402-a3c0-a272ecd70837,2025-10-23,6f168c2c-529c-4ec8-9932-90d1b493cf87,Meal preparation,Nutrition,false,false,1,0,completed,3,false,NOT_SCHEDULED
af364b21-aadb-4211-a985-b28a1a542f0f,2025-10-24,6f168c2c-529c-4ec8-9932-90d1b493cf87,Exercise,Health,true,true,30,48,minutes,3,false,COMPLIANT
606322b5-a64f-4161-aaa0-d10b89fa0d92,2025-10-24,6f168c2c-529c-4ec8-9932-90d1b493cf87,Reading,Learning,true,true,25,28,minutes,3,false,COMPLIANT
c2fce1a8-ecdb-46b5-a29e-b784b0bdf597,2025-10-24,6f168c2c-529c-4ec8-9932-90d1b493cf87,Meditation,Wellbeing,true,false,10,0,minutes,0,false,NON_COMPLIANT
f576dc5b-aa9a-46dc-a773-078b8b2eca7e,2025-10-24,6f168c2c-529c-4ec8-9932-90d1b493cf87,Sleep before 11 pm,Recovery,true,false,1,0,completed,0,true,NON_COMPLIANT
7cb2eff9-d794-4905-a162-fa3fef178953,2025-10-24,6f168c2c-529c-4ec8-9932-90d1b493cf87,Budget review,Finance,false,false,1,0,completed,7,false,NOT_SCHEDULED
52078c62-e120-4716-afe1-8e2f14f645b3,2025-10-24,6f168c2c-529c-4ec8-9932-90d1b493cf87,Meal preparation,Nutrition,false,false,1,0,completed,3,false,NOT_SCHEDULED
0caf25dd-396e-456c-a07b-e78f21eb7f14,2025-10-25,6f168c2c-529c-4ec8-9932-90d1b493cf87,Exercise,Health,true,true,30,38,minutes,4,false,COMPLIANT
d269e522-d4b6-40b9-abd4-55caed56d0e5,2025-10-25,6f168c2c-529c-4ec8-9932-90d1b493cf87,Reading,Learning,true,true,25,32,minutes,4,false,COMPLIANT
90eb0023-5bca-462b-a1e1-bd8026d24644,2025-10-25,6f168c2c-529c-4ec8-9932-90d1b493cf87,Meditation,Wellbeing,true,false,10,0,minutes,0,false,NON_COMPLIANT
ad8a42f6-0c4c-499e-a324-1b4366ae00e9,2025-10-25,6f168c2c-529c-4ec8-9932-90d1b493cf87,Sleep before 11 pm,Recovery,true,true,1,1,completed,1,false,COMPLIANT
726e4c4e-2cc9-4588-a702-02ae7642b07f,2025-10-25,6f168c2c-529c-4ec8-9932-90d1b493cf87,Budget review,Finance,false,false,1,0,completed,7,false,NOT_SCHEDULED
683ce11b-ec58-4232-a23e-d0f0da0fed4c,2025-10-25,6f168c2c-529c-4ec8-9932-90d1b493cf87,Meal preparation,Nutrition,false,false,1,0,completed,3,false,NOT_SCHEDULED
9f123570-b3a7-4def-a9ae-1460307b9047,2025-10-26,6f168c2c-529c-4ec8-9932-90d1b493cf87,Exercise,Health,false,false,30,0,minutes,4,false,NOT_SCHEDULED
6582f831-8402-4004-ad11-179ef8a01e94,2025-10-26,6f168c2c-529c-4ec8-9932-90d1b493cf87,Reading,Learning,true,true,25,25,minutes,5,false,COMPLIANT
318c4fe4-a2d8-408d-a16e-56e8beb3bfd5,2025-10-26,6f168c2c-529c-4ec8-9932-90d1b493cf87,Meditation,Wellbeing,true,false,10,0,minutes,0,false,NON_COMPLIANT
6f422e6b-56ef-4cf7-a22c-f2a2a8e54b68,2025-10-26,6f168c2c-529c-4ec8-9932-90d1b493cf87,Sleep before 11 pm,Recovery,true,true,1,1,completed,2,false,COMPLIANT
1e6dd716-09e4-4c37-a305-e2642df954e8,2025-10-26,6f168c2c-529c-4ec8-9932-90d1b493cf87,Budget review,Finance,true,true,1,1,completed,8,false,COMPLIANT
57ef0604-6f66-42c3-af1b-5ba2a58b5697,2025-10-26,6f168c2c-529c-4ec8-9932-90d1b493cf87,Meal preparation,Nutrition,true,true,1,1,completed,4,false,COMPLIANT
0b62f941-57eb-4d50-a856-28958d0ec9ae,2025-10-27,6f168c2c-529c-4ec8-9932-90d1b493cf87,Exercise,Health,true,true,30,40,minutes,5,false,COMPLIANT
9223a302-bbf9-4316-a345-30fb585a7b70,2025-10-27,6f168c2c-529c-4ec8-9932-90d1b493cf87,Reading,Learning,true,false,25,0,minutes,0,false,NON_COMPLIANT
17b2bd38-8d56-402f-ae29-5c5052a2db53,2025-10-27,6f168c2c-529c-4ec8-9932-90d1b493cf87,Meditation,Wellbeing,true,true,10,17,minutes,1,false,COMPLIANT
067eba0d-66ed-4fc1-addf-127935d33b8d,2025-10-27,6f168c2c-529c-4ec8-9932-90d1b493cf87,Sleep before 11 pm,Recovery,true,true,1,1,completed,3,false,COMPLIANT
051beb70-8431-4dad-ac5d-4129965da106,2025-10-27,6f168c2c-529c-4ec8-9932-90d1b493cf87,Budget review,Finance,false,false,1,0,completed,8,false,NOT_SCHEDULED
60ed5548-7fde-427b-aafd-750073fd6550,2025-10-27,6f168c2c-529c-4ec8-9932-90d1b493cf87,Meal preparation,Nutrition,false,false,1,0,completed,4,false,NOT_SCHEDULED
25603dd9-e27b-43e4-ab24-23a6c4746ab5,2025-10-28,6f168c2c-529c-4ec8-9932-90d1b493cf87,Exercise,Health,true,false,30,0,minutes,0,false,NON_COMPLIANT
e74ef59f-9cf8-495c-a239-9864a27c4b21,2025-10-28,6f168c2c-529c-4ec8-9932-90d1b493cf87,Reading,Learning,true,true,25,23,minutes,1,false,COMPLIANT
c0dccea9-79d9-403e-ac92-577d468de35a,2025-10-28,6f168c2c-529c-4ec8-9932-90d1b493cf87,Meditation,Wellbeing,true,false,10,0,minutes,0,false,NON_COMPLIANT
19f831b4-c739-4e2d-a03e-a92d56a64e5c,2025-10-28,6f168c2c-529c-4ec8-9932-90d1b493cf87,Sleep before 11 pm,Recovery,true,false,1,0,completed,0,true,NON_COMPLIANT
60ebd297-5949-4258-a46b-4cd233b3f8cb,2025-10-28,6f168c2c-529c-4ec8-9932-90d1b493cf87,Budget review,Finance,false,false,1,0,completed,8,false,NOT_SCHEDULED
f2f48d58-a913-438e-a248-7002bd28bc0b,2025-10-28,6f168c2c-529c-4ec8-9932-90d1b493cf87,Meal preparation,Nutrition,false,false,1,0,completed,4,false,NOT_SCHEDULED
298202a5-c8a9-488f-a9ab-26290fc02986,2025-10-29,6f168c2c-529c-4ec8-9932-90d1b493cf87,Exercise,Health,false,false,30,0,minutes,0,false,NOT_SCHEDULED
35f96709-fb0b-4585-a720-8c2e0af7c6ff,2025-10-29,6f168c2c-529c-4ec8-9932-90d1b493cf87,Reading,Learning,true,true,25,23,minutes,2,false,COMPLIANT
8c54c1be-7c8c-4c8a-ae16-f81a8065da9a,2025-10-29,6f168c2c-529c-4ec8-9932-90d1b493cf87,Meditation,Wellbeing,true,false,10,0,minutes,0,false,NON_COMPLIANT
de81b2e7-f7a7-42cd-a81b-40d56e43071e,2025-10-29,6f168c2c-529c-4ec8-9932-90d1b493cf87,Sleep before 11 pm,Recovery,true,false,1,0,completed,0,true,NON_COMPLIANT
fa814e61-e592-4537-a3fe-cf802541f6cd,2025-10-29,6f168c2c-529c-4ec8-9932-90d1b493cf87,Budget review,Finance,false,false,1,0,completed,8,false,NOT_SCHEDULED
6a750e9b-f2e6-4634-a6a2-9fffd5783319,2025-10-29,6f168c2c-529c-4ec8-9932-90d1b493cf87,Meal preparation,Nutrition,true,true,1,1,completed,5,false,COMPLIANT
107d8dab-c28e-4c4c-a593-aa9e2d7631d2,2025-10-30,6f168c2c-529c-4ec8-9932-90d1b493cf87,Exercise,Health,true,false,30,0,minutes,0,false,NON_COMPLIANT
7cf3c0ba-755a-491e-a33f-5abe816e8c5b,2025-10-30,6f168c2c-529c-4ec8-9932-90d1b493cf87,Reading,Learning,true,true,25,32,minutes,3,false,COMPLIANT
f44b3b3d-8413-47f5-a8e3-5f003816c8d5,2025-10-30,6f168c2c-529c-4ec8-9932-90d1b493cf87,Meditation,Wellbeing,true,false,10,0,minutes,0,false,NON_COMPLIANT
efe88494-b921-4652-a94e-5239782e825e,2025-10-30,6f168c2c-529c-4ec8-9932-90d1b493cf87,Sleep before 11 pm,Recovery,true,true,1,1,completed,1,false,COMPLIANT
a56abe07-c10d-4a20-ab68-725d6b4b527d,2025-10-30,6f168c2c-529c-4ec8-9932-90d1b493cf87,Budget review,Finance,false,false,1,0,completed,8,false,NOT_SCHEDULED
d30364e3-49d7-4545-a726-4047a121fb61,2025-10-30,6f168c2c-529c-4ec8-9932-90d1b493cf87,Meal preparation,Nutrition,false,false,1,0,completed,5,false,NOT_SCHEDULED
ad4abe36-eb34-4ca9-a1b4-c16822c4e7a2,2025-10-31,6f168c2c-529c-4ec8-9932-90d1b493cf87,Exercise,Health,true,true,30,41,minutes,1,false,COMPLIANT
888be606-8dce-4a5c-a604-9ad50286dc90,2025-10-31,6f168c2c-529c-4ec8-9932-90d1b493cf87,Reading,Learning,true,true,25,26,minutes,4,false,COMPLIANT
4a2721b8-4993-411d-a966-03bba40143e2,2025-10-31,6f168c2c-529c-4ec8-9932-90d1b493cf87,Meditation,Wellbeing,true,true,10,17,minutes,1,false,COMPLIANT
21d646ea-0fd4-4995-a7ae-e74f2bb462e3,2025-10-31,6f168c2c-529c-4ec8-9932-90d1b493cf87,Sleep before 11 pm,Recovery,true,true,1,1,completed,2,false,COMPLIANT
41fe8bb8-8e2a-4167-a345-b807a9bd9cd0,2025-10-31,6f168c2c-529c-4ec8-9932-90d1b493cf87,Budget review,Finance,false,false,1,0,completed,8,false,NOT_SCHEDULED
c1ff7432-e13d-4632-a4f0-1310f6ac826c,2025-10-31,6f168c2c-529c-4ec8-9932-90d1b493cf87,Meal preparation,Nutrition,false,false,1,0,completed,5,false,NOT_SCHEDULED
77e6feef-2f6c-4d1b-a09d-b765af695f7b,2025-11-01,6f168c2c-529c-4ec8-9932-90d1b493cf87,Exercise,Health,true,false,30,0,minutes,0,false,NON_COMPLIANT
65cd45f4-6539-4afc-a4dc-7fd40fdcaa42,2025-11-01,6f168c2c-529c-4ec8-9932-90d1b493cf87,Reading,Learning,true,true,25,27,minutes,5,false,COMPLIANT
e4e9c4a8-f0eb-4d59-ac8f-a0a9017b5fdd,2025-11-01,6f168c2c-529c-4ec8-9932-90d1b493cf87,Meditation,Wellbeing,true,true,10,10,minutes,2,false,COMPLIANT
1517e4b6-b0eb-4ccc-a036-a2dca735e4b5,2025-11-01,6f168c2c-529c-4ec8-9932-90d1b493cf87,Sleep before 11 pm,Recovery,true,true,1,1,completed,3,false,COMPLIANT
d2a6b991-f8eb-4d9e-a98a-9c63007e83d9,2025-11-01,6f168c2c-529c-4ec8-9932-90d1b493cf87,Budget review,Finance,false,false,1,0,completed,8,false,NOT_SCHEDULED
eacc9ef8-2b98-4285-a35d-6dbd02c93c3e,2025-11-01,6f168c2c-529c-4ec8-9932-90d1b493cf87,Meal preparation,Nutrition,false,false,1,0,completed,5,false,NOT_SCHEDULED
cbe09c17-8e38-4638-aff6-a8d94dff9b11,2025-11-02,6f168c2c-529c-4ec8-9932-90d1b493cf87,Exercise,Health,false,false,30,0,minutes,0,false,NOT_SCHEDULED
cb157d3c-98dd-46e3-a15e-56046eab7c34,2025-11-02,6f168c2c-529c-4ec8-9932-90d1b493cf87,Reading,Learning,true,false,25,0,minutes,0,false,NON_COMPLIANT
08ffec58-ea98-419a-a3b0-b07d0bc92f06,2025-11-02,6f168c2c-529c-4ec8-9932-90d1b493cf87,Meditation,Wellbeing,true,false,10,0,minutes,0,false,NON_COMPLIANT
fff381ae-9a05-4b56-a37b-9ff536d1263a,2025-11-02,6f168c2c-529c-4ec8-9932-90d1b493cf87,Sleep before 11 pm,Recovery,true,false,1,0,completed,0,true,NON_COMPLIANT
2d9e1b02-14e6-4c46-a4ea-e75bb16231bf,2025-11-02,6f168c2c-529c-4ec8-9932-90d1b493cf87,Budget review,Finance,true,true,1,1,completed,9,false,COMPLIANT
ef8a4979-ad8f-435e-a359-4e6aeba4ae56,2025-11-02,6f168c2c-529c-4ec8-9932-90d1b493cf87,Meal preparation,Nutrition,true,true,1,1,completed,6,false,COMPLIANT
ae1364b6-8017-4576-a4e7-06e1ff3ef179,2025-11-03,6f168c2c-529c-4ec8-9932-90d1b493cf87,Exercise,Health,true,true,30,36,minutes,1,false,COMPLIANT
2c89ed9c-f42e-45f8-aaa5-7bf3b5dc3bc2,2025-11-03,6f168c2c-529c-4ec8-9932-90d1b493cf87,Reading,Learning,true,true,25,34,minutes,1,false,COMPLIANT
803888dd-08e3-4374-a934-a62aa090c590,2025-11-03,6f168c2c-529c-4ec8-9932-90d1b493cf87,Meditation,Wellbeing,true,true,10,12,minutes,1,false,COMPLIANT
a2dff248-32c5-4cfd-a60b-d38848515c58,2025-11-03,6f168c2c-529c-4ec8-9932-90d1b493cf87,Sleep before 11 pm,Recovery,true,false,1,0,completed,0,true,NON_COMPLIANT
10df8a06-d2dd-43b2-ad86-826c8f95bd37,2025-11-03,6f168c2c-529c-4ec8-9932-90d1b493cf87,Budget review,Finance,false,false,1,0,completed,9,false,NOT_SCHEDULED
5b02b9a8-cf37-4838-a034-88094ae9f9e2,2025-11-03,6f168c2c-529c-4ec8-9932-90d1b493cf87,Meal preparation,Nutrition,false,false,1,0,completed,6,false,NOT_SCHEDULED
2bc6e3c7-5bc8-4c33-a774-2ed4ac79629e,2025-11-04,6f168c2c-529c-4ec8-9932-90d1b493cf87,Exercise,Health,true,true,30,42,minutes,2,false,COMPLIANT
df62ec2d-0526-4344-aa2f-a284631bc634,2025-11-04,6f168c2c-529c-4ec8-9932-90d1b493cf87,Reading,Learning,true,true,25,34,minutes,2,false,COMPLIANT
e3f87784-ff1c-48d4-a26e-c40d102bf18b,2025-11-04,6f168c2c-529c-4ec8-9932-90d1b493cf87,Meditation,Wellbeing,true,true,10,9,minutes,2,false,COMPLIANT
86639cb7-e2af-4bfb-afcf-7a4b2f988395,2025-11-04,6f168c2c-529c-4ec8-9932-90d1b493cf87,Sleep before 11 pm,Recovery,true,true,1,1,completed,1,false,COMPLIANT
d10c3d99-b332-4276-a1e0-d80139685b28,2025-11-04,6f168c2c-529c-4ec8-9932-90d1b493cf87,Budget review,Finance,false,false,1,0,completed,9,false,NOT_SCHEDULED
1af6f88b-5c85-45d4-af86-c607e4524560,2025-11-04,6f168c2c-529c-4ec8-9932-90d1b493cf87,Meal preparation,Nutrition,false,false,1,0,completed,6,false,NOT_SCHEDULED
8e9127ab-ab5c-4cf8-a663-e96abcf30a02,2025-11-05,6f168c2c-529c-4ec8-9932-90d1b493cf87,Exercise,Health,false,false,30,0,minutes,2,false,NOT_SCHEDULED
6105fb96-d7ef-4dbb-a9ea-f029ee81c042,2025-11-05,6f168c2c-529c-4ec8-9932-90d1b493cf87,Reading,Learning,true,true,25,33,minutes,3,false,COMPLIANT
e8d4d974-da08-41eb-af36-fa7747d95203,2025-11-05,6f168c2c-529c-4ec8-9932-90d1b493cf87,Meditation,Wellbeing,true,false,10,0,minutes,0,false,NON_COMPLIANT
e073fb24-f403-4623-ac39-f025da62b5dd,2025-11-05,6f168c2c-529c-4ec8-9932-90d1b493cf87,Sleep before 11 pm,Recovery,true,true,1,1,completed,2,false,COMPLIANT
46012002-63a9-43ec-a8c0-80680688f686,2025-11-05,6f168c2c-529c-4ec8-9932-90d1b493cf87,Budget review,Finance,false,false,1,0,completed,9,false,NOT_SCHEDULED
c91d0606-3240-4e20-a1f0-68cd24fa3ad7,2025-11-05,6f168c2c-529c-4ec8-9932-90d1b493cf87,Meal preparation,Nutrition,true,true,1,1,completed,7,false,COMPLIANT
0add7b87-3df3-4baf-a0ec-46644855103b,2025-11-06,6f168c2c-529c-4ec8-9932-90d1b493cf87,Exercise,Health,true,true,30,48,minutes,3,false,COMPLIANT
b1876a75-044f-466a-a112-3319ebfe60c6,2025-11-06,6f168c2c-529c-4ec8-9932-90d1b493cf87,Reading,Learning,true,true,25,37,minutes,4,false,COMPLIANT
1af0b85e-fe9a-4bfd-a622-d08c29a84fbb,2025-11-06,6f168c2c-529c-4ec8-9932-90d1b493cf87,Meditation,Wellbeing,true,true,10,11,minutes,1,false,COMPLIANT
f68b40e5-2bd8-4c03-a153-af567d2e1f2b,2025-11-06,6f168c2c-529c-4ec8-9932-90d1b493cf87,Sleep before 11 pm,Recovery,true,true,1,1,completed,3,false,COMPLIANT
0c88fbe8-3d8a-4dcf-ac6d-41ac2feb13fd,2025-11-06,6f168c2c-529c-4ec8-9932-90d1b493cf87,Budget review,Finance,false,false,1,0,completed,9,false,NOT_SCHEDULED
121b8b89-3184-4226-afc3-e9b5e43f502d,2025-11-06,6f168c2c-529c-4ec8-9932-90d1b493cf87,Meal preparation,Nutrition,false,false,1,0,completed,7,false,NOT_SCHEDULED
57bd4701-46c7-4700-aa9f-0cde099653e1,2025-11-07,6f168c2c-529c-4ec8-9932-90d1b493cf87,Exercise,Health,true,true,30,28,minutes,4,false,COMPLIANT
203c6884-7d3a-4702-ac6d-392ecc3dc5ba,2025-11-07,6f168c2c-529c-4ec8-9932-90d1b493cf87,Reading,Learning,true,true,25,44,minutes,5,false,COMPLIANT
70e12b97-b725-40ad-aede-867f6f83ce8d,2025-11-07,6f168c2c-529c-4ec8-9932-90d1b493cf87,Meditation,Wellbeing,true,false,10,0,minutes,0,false,NON_COMPLIANT
5abb32b0-cc55-4607-a90e-247bdd258d4c,2025-11-07,6f168c2c-529c-4ec8-9932-90d1b493cf87,Sleep before 11 pm,Recovery,true,true,1,1,completed,4,false,COMPLIANT
62614760-a0fe-4923-acf1-9eda0ee74970,2025-11-07,6f168c2c-529c-4ec8-9932-90d1b493cf87,Budget review,Finance,false,false,1,0,completed,9,false,NOT_SCHEDULED
cd5b4d1f-ab5d-4aa0-a03f-152f7d1176ac,2025-11-07,6f168c2c-529c-4ec8-9932-90d1b493cf87,Meal preparation,Nutrition,false,false,1,0,completed,7,false,NOT_SCHEDULED
a5481b95-7383-4956-aee4-007c0bd085a8,2025-11-08,6f168c2c-529c-4ec8-9932-90d1b493cf87,Exercise,Health,true,true,30,46,minutes,5,false,COMPLIANT
c383b154-f09e-4d10-a91b-a768ee55d3d5,2025-11-08,6f168c2c-529c-4ec8-9932-90d1b493cf87,Reading,Learning,true,true,25,38,minutes,6,false,COMPLIANT
492fd524-b805-4ff4-ab35-60e23f3a4446,2025-11-08,6f168c2c-529c-4ec8-9932-90d1b493cf87,Meditation,Wellbeing,true,false,10,0,minutes,0,false,NON_COMPLIANT
f67459c6-d58c-4569-ab0d-f5dbdf38e9b8,2025-11-08,6f168c2c-529c-4ec8-9932-90d1b493cf87,Sleep before 11 pm,Recovery,true,true,1,1,completed,5,false,COMPLIANT
0a98004b-fa3b-4c10-acb3-8be183f4baf5,2025-11-08,6f168c2c-529c-4ec8-9932-90d1b493cf87,Budget review,Finance,false,false,1,0,completed,9,false,NOT_SCHEDULED
2b63f87a-cd44-4428-ac02-e09a2d038631,2025-11-08,6f168c2c-529c-4ec8-9932-90d1b493cf87,Meal preparation,Nutrition,false,false,1,0,completed,7,false,NOT_SCHEDULED
d8f288c1-44fd-44fe-ae8a-4a157f907f78,2025-11-09,6f168c2c-529c-4ec8-9932-90d1b493cf87,Exercise,Health,false,false,30,0,minutes,5,false,NOT_SCHEDULED
c4614d4a-8212-4cb7-a37d-271977f3bef2,2025-11-09,6f168c2c-529c-4ec8-9932-90d1b493cf87,Reading,Learning,true,true,25,44,minutes,7,false,COMPLIANT
593efe83-8c4c-454f-a317-c630be3a4ced,2025-11-09,6f168c2c-529c-4ec8-9932-90d1b493cf87,Meditation,Wellbeing,true,true,10,14,minutes,1,false,COMPLIANT
140f5a45-4195-422d-a846-3aa7b6d58dee,2025-11-09,6f168c2c-529c-4ec8-9932-90d1b493cf87,Sleep before 11 pm,Recovery,true,true,1,1,completed,6,false,COMPLIANT
eedfbe5f-9055-4646-ae0e-2696069cdd5d,2025-11-09,6f168c2c-529c-4ec8-9932-90d1b493cf87,Budget review,Finance,true,true,1,1,completed,10,false,COMPLIANT
b67d5a6a-e776-4ca1-a999-18b2e444a3d5,2025-11-09,6f168c2c-529c-4ec8-9932-90d1b493cf87,Meal preparation,Nutrition,true,true,1,1,completed,8,false,COMPLIANT
fbf17cf6-d2cb-4b45-a0c4-e985f3fe68d0,2025-11-10,6f168c2c-529c-4ec8-9932-90d1b493cf87,Exercise,Health,true,true,30,47,minutes,6,false,COMPLIANT
1fe98f8b-bffe-40a3-aaf1-62aca5ae2d7e,2025-11-10,6f168c2c-529c-4ec8-9932-90d1b493cf87,Reading,Learning,true,false,25,0,minutes,0,false,NON_COMPLIANT
0f4e89bc-d9a5-4724-ad7f-09939fc6ef03,2025-11-10,6f168c2c-529c-4ec8-9932-90d1b493cf87,Meditation,Wellbeing,true,true,10,17,minutes,2,false,COMPLIANT
6df89af4-4714-4cb4-ad6f-60d02fe1dd1e,2025-11-10,6f168c2c-529c-4ec8-9932-90d1b493cf87,Sleep before 11 pm,Recovery,true,true,1,1,completed,7,false,COMPLIANT
b7a9eb63-909b-4579-aab7-19ab75360069,2025-11-10,6f168c2c-529c-4ec8-9932-90d1b493cf87,Budget review,Finance,false,false,1,0,completed,10,false,NOT_SCHEDULED
7dc62524-6b39-4d10-a046-e8a5bbb4ae85,2025-11-10,6f168c2c-529c-4ec8-9932-90d1b493cf87,Meal preparation,Nutrition,false,false,1,0,completed,8,false,NOT_SCHEDULED
527ff1bd-71c5-4831-ae56-64fe5b80e87d,2025-11-11,6f168c2c-529c-4ec8-9932-90d1b493cf87,Exercise,Health,true,true,30,29,minutes,7,false,COMPLIANT
1184ea5a-dc8f-4feb-a973-79154aba163f,2025-11-11,6f168c2c-529c-4ec8-9932-90d1b493cf87,Reading,Learning,true,true,25,40,minutes,1,false,COMPLIANT
8aef741c-fdd4-4a22-af5d-7ab10ac751bb,2025-11-11,6f168c2c-529c-4ec8-9932-90d1b493cf87,Meditation,Wellbeing,true,true,10,17,minutes,3,false,COMPLIANT
60f393aa-d2e6-4126-ad38-a84e47122655,2025-11-11,6f168c2c-529c-4ec8-9932-90d1b493cf87,Sleep before 11 pm,Recovery,true,true,1,1,completed,8,false,COMPLIANT
125ba24f-3ee3-48a2-a8bf-54a228ac3ada,2025-11-11,6f168c2c-529c-4ec8-9932-90d1b493cf87,Budget review,Finance,false,false,1,0,completed,10,false,NOT_SCHEDULED
3e933f09-e976-4d5c-a69c-11acd57b8091,2025-11-11,6f168c2c-529c-4ec8-9932-90d1b493cf87,Meal preparation,Nutrition,false,false,1,0,completed,8,false,NOT_SCHEDULED
6c1d0b74-7b90-46d3-aa0f-fe2a3793215c,2025-11-12,6f168c2c-529c-4ec8-9932-90d1b493cf87,Exercise,Health,false,false,30,0,minutes,7,false,NOT_SCHEDULED
e9a9e86b-8dec-476a-adf5-d73cec94d2ef,2025-11-12,6f168c2c-529c-4ec8-9932-90d1b493cf87,Reading,Learning,true,false,25,0,minutes,0,false,NON_COMPLIANT
dc5b56b2-be5c-4626-a833-9027bdc9ce70,2025-11-12,6f168c2c-529c-4ec8-9932-90d1b493cf87,Meditation,Wellbeing,true,true,10,14,minutes,4,false,COMPLIANT
05a3cfcb-8cf6-4955-adee-3847a90c5f66,2025-11-12,6f168c2c-529c-4ec8-9932-90d1b493cf87,Sleep before 11 pm,Recovery,true,false,1,0,completed,0,true,NON_COMPLIANT
015fa095-f028-4e49-a33a-c5c8d503c691,2025-11-12,6f168c2c-529c-4ec8-9932-90d1b493cf87,Budget review,Finance,false,false,1,0,completed,10,false,NOT_SCHEDULED
4661921c-3967-4d50-a652-1187248584e7,2025-11-12,6f168c2c-529c-4ec8-9932-90d1b493cf87,Meal preparation,Nutrition,true,true,1,1,completed,9,false,COMPLIANT
659287de-6927-4a4f-a17e-b02d49345f88,2025-11-13,6f168c2c-529c-4ec8-9932-90d1b493cf87,Exercise,Health,true,true,30,47,minutes,8,false,COMPLIANT
83cc0f43-9552-433e-ae85-8e26cf4fe818,2025-11-13,6f168c2c-529c-4ec8-9932-90d1b493cf87,Reading,Learning,true,false,25,0,minutes,0,false,NON_COMPLIANT
3b73ee82-716f-4b2a-ab04-68c5cdabc623,2025-11-13,6f168c2c-529c-4ec8-9932-90d1b493cf87,Meditation,Wellbeing,true,true,10,12,minutes,5,false,COMPLIANT
13959ba9-59d4-4f0c-ac0a-9329274427d2,2025-11-13,6f168c2c-529c-4ec8-9932-90d1b493cf87,Sleep before 11 pm,Recovery,true,true,1,1,completed,1,false,COMPLIANT
938fcda0-d6c0-4ffa-ad98-1365dabddc5a,2025-11-13,6f168c2c-529c-4ec8-9932-90d1b493cf87,Budget review,Finance,false,false,1,0,completed,10,false,NOT_SCHEDULED
080ce542-9a66-4797-aecc-31d55cbd31da,2025-11-13,6f168c2c-529c-4ec8-9932-90d1b493cf87,Meal preparation,Nutrition,false,false,1,0,completed,9,false,NOT_SCHEDULED
778dc70e-1544-4551-a9f5-5225d62de4ca,2025-11-14,6f168c2c-529c-4ec8-9932-90d1b493cf87,Exercise,Health,true,false,30,0,minutes,0,false,NON_COMPLIANT
c43282b3-c615-4ccc-a105-5d868410bc53,2025-11-14,6f168c2c-529c-4ec8-9932-90d1b493cf87,Reading,Learning,true,false,25,0,minutes,0,false,NON_COMPLIANT
4b86cbfd-fc52-4b48-a251-61481189bc4e,2025-11-14,6f168c2c-529c-4ec8-9932-90d1b493cf87,Meditation,Wellbeing,true,false,10,0,minutes,0,false,NON_COMPLIANT
c5c3238b-2466-444e-a8a4-6154c0ef89a2,2025-11-14,6f168c2c-529c-4ec8-9932-90d1b493cf87,Sleep before 11 pm,Recovery,true,true,1,1,completed,2,false,COMPLIANT
87b94be2-dd2c-4cb4-a6e5-b5a2fc0c6bbf,2025-11-14,6f168c2c-529c-4ec8-9932-90d1b493cf87,Budget review,Finance,false,false,1,0,completed,10,false,NOT_SCHEDULED
a8395875-3101-490e-a271-92a63e0d4334,2025-11-14,6f168c2c-529c-4ec8-9932-90d1b493cf87,Meal preparation,Nutrition,false,false,1,0,completed,9,false,NOT_SCHEDULED
7774cbe0-0ba5-4167-ab79-d284a4671683,2025-11-15,6f168c2c-529c-4ec8-9932-90d1b493cf87,Exercise,Health,true,false,30,0,minutes,0,false,NON_COMPLIANT
9647d4dc-e93d-4be6-a42d-46f2ae00e677,2025-11-15,6f168c2c-529c-4ec8-9932-90d1b493cf87,Reading,Learning,true,true,25,41,minutes,1,false,COMPLIANT
9fa87dda-9984-43dc-a300-8c7ea85b5c3e,2025-11-15,6f168c2c-529c-4ec8-9932-90d1b493cf87,Meditation,Wellbeing,true,true,10,13,minutes,1,false,COMPLIANT
ae1fae69-8595-46ab-aa61-27cbb49623c9,2025-11-15,6f168c2c-529c-4ec8-9932-90d1b493cf87,Sleep before 11 pm,Recovery,true,false,1,0,completed,0,true,NON_COMPLIANT
4294c3cf-bcea-41da-a512-163ea920dc42,2025-11-15,6f168c2c-529c-4ec8-9932-90d1b493cf87,Budget review,Finance,false,false,1,0,completed,10,false,NOT_SCHEDULED
11cd5dbf-d6ea-4e18-a85f-5d48aeeb5360,2025-11-15,6f168c2c-529c-4ec8-9932-90d1b493cf87,Meal preparation,Nutrition,false,false,1,0,completed,9,false,NOT_SCHEDULED
64baa094-fb01-4f14-a03f-7ac723f2b43c,2025-11-16,6f168c2c-529c-4ec8-9932-90d1b493cf87,Exercise,Health,false,false,30,0,minutes,0,false,NOT_SCHEDULED
62d75af9-3cc6-4aa8-ae46-4089bbf840e7,2025-11-16,6f168c2c-529c-4ec8-9932-90d1b493cf87,Reading,Learning,true,true,25,44,minutes,2,false,COMPLIANT
7b5c7797-8b4a-4f4a-a9ae-b31073f1bb9f,2025-11-16,6f168c2c-529c-4ec8-9932-90d1b493cf87,Meditation,Wellbeing,true,false,10,0,minutes,0,false,NON_COMPLIANT
dc9b0a27-7959-4ea3-a72c-4c5b8f4be9da,2025-11-16,6f168c2c-529c-4ec8-9932-90d1b493cf87,Sleep before 11 pm,Recovery,true,false,1,0,completed,0,true,NON_COMPLIANT
59d1f692-9fc2-403f-a259-41adfc47eca3,2025-11-16,6f168c2c-529c-4ec8-9932-90d1b493cf87,Budget review,Finance,true,true,1,1,completed,11,false,COMPLIANT
159d5b94-401c-4e8e-a8d0-f2500e34fb5b,2025-11-16,6f168c2c-529c-4ec8-9932-90d1b493cf87,Meal preparation,Nutrition,true,true,1,1,completed,10,false,COMPLIANT
2886b5c8-76c2-4443-ace4-b4553c5ee445,2025-11-17,6f168c2c-529c-4ec8-9932-90d1b493cf87,Exercise,Health,true,true,30,44,minutes,1,false,COMPLIANT
e914e122-358f-4641-a7cf-fa020925c8a6,2025-11-17,6f168c2c-529c-4ec8-9932-90d1b493cf87,Reading,Learning,true,true,25,35,minutes,3,false,COMPLIANT
da2c6de0-8420-4ae9-ad8c-6489c77d0a90,2025-11-17,6f168c2c-529c-4ec8-9932-90d1b493cf87,Meditation,Wellbeing,true,true,10,16,minutes,1,false,COMPLIANT
9425c91f-c627-4f44-a61c-05b425870580,2025-11-17,6f168c2c-529c-4ec8-9932-90d1b493cf87,Sleep before 11 pm,Recovery,true,false,1,0,completed,0,true,NON_COMPLIANT
991a1ebd-984f-4325-af72-566cdc641c27,2025-11-17,6f168c2c-529c-4ec8-9932-90d1b493cf87,Budget review,Finance,false,false,1,0,completed,11,false,NOT_SCHEDULED
81e6c413-eb79-4b7b-af3d-a2ed9bb1eda7,2025-11-17,6f168c2c-529c-4ec8-9932-90d1b493cf87,Meal preparation,Nutrition,false,false,1,0,completed,10,false,NOT_SCHEDULED
68025939-8add-4027-ac36-2ebd55773ba4,2025-11-18,6f168c2c-529c-4ec8-9932-90d1b493cf87,Exercise,Health,true,true,30,52,minutes,2,false,COMPLIANT
e184edc1-fc00-46a7-a201-9816c170f826,2025-11-18,6f168c2c-529c-4ec8-9932-90d1b493cf87,Reading,Learning,true,true,25,44,minutes,4,false,COMPLIANT
f431b59d-e455-43cf-a3fa-0d378a543843,2025-11-18,6f168c2c-529c-4ec8-9932-90d1b493cf87,Meditation,Wellbeing,true,true,10,17,minutes,2,false,COMPLIANT
2dff9b9c-afc8-4ef1-a409-1910e86ec472,2025-11-18,6f168c2c-529c-4ec8-9932-90d1b493cf87,Sleep before 11 pm,Recovery,true,true,1,1,completed,1,false,COMPLIANT
1650c115-065a-499c-af42-bfe66a90ace0,2025-11-18,6f168c2c-529c-4ec8-9932-90d1b493cf87,Budget review,Finance,false,false,1,0,completed,11,false,NOT_SCHEDULED
ee749ac7-07a3-4ed1-a49c-c8e1a18810d1,2025-11-18,6f168c2c-529c-4ec8-9932-90d1b493cf87,Meal preparation,Nutrition,false,false,1,0,completed,10,false,NOT_SCHEDULED
f9f0829e-3651-4be2-a5e9-e7b20334c113,2025-11-19,6f168c2c-529c-4ec8-9932-90d1b493cf87,Exercise,Health,false,false,30,0,minutes,2,false,NOT_SCHEDULED
9d6fd028-e9bf-4dbd-aa0d-ecff8e5e4208,2025-11-19,6f168c2c-529c-4ec8-9932-90d1b493cf87,Reading,Learning,true,false,25,0,minutes,0,false,NON_COMPLIANT
81682928-0ee5-42da-a2e7-f5b5ee02d03a,2025-11-19,6f168c2c-529c-4ec8-9932-90d1b493cf87,Meditation,Wellbeing,true,true,10,12,minutes,3,false,COMPLIANT
553eda50-3b8a-4e1f-a8d4-a8e9284eb70d,2025-11-19,6f168c2c-529c-4ec8-9932-90d1b493cf87,Sleep before 11 pm,Recovery,true,false,1,0,completed,0,true,NON_COMPLIANT
5453a7cd-2dba-458c-af30-811388f3b824,2025-11-19,6f168c2c-529c-4ec8-9932-90d1b493cf87,Budget review,Finance,false,false,1,0,completed,11,false,NOT_SCHEDULED
d3e6a426-5b8b-4d1d-a971-d5106c1aad11,2025-11-19,6f168c2c-529c-4ec8-9932-90d1b493cf87,Meal preparation,Nutrition,true,true,1,1,completed,11,false,COMPLIANT
a22d015c-700d-4c9c-ad7b-4a97fb5c901e,2025-11-20,6f168c2c-529c-4ec8-9932-90d1b493cf87,Exercise,Health,true,true,30,49,minutes,3,false,COMPLIANT
e49c9e73-eb7e-46f3-aa60-c066b59cdb65,2025-11-20,6f168c2c-529c-4ec8-9932-90d1b493cf87,Reading,Learning,true,false,25,0,minutes,0,false,NON_COMPLIANT
10178b7a-a493-4359-ae0b-7c7312ab03ec,2025-11-20,6f168c2c-529c-4ec8-9932-90d1b493cf87,Meditation,Wellbeing,true,false,10,0,minutes,0,false,NON_COMPLIANT
f5f9ede1-d2ba-4b25-a8ed-e39b21c35ca4,2025-11-20,6f168c2c-529c-4ec8-9932-90d1b493cf87,Sleep before 11 pm,Recovery,true,true,1,1,completed,1,false,COMPLIANT
c50dafa0-478f-4dfe-a4ad-99e27325a093,2025-11-20,6f168c2c-529c-4ec8-9932-90d1b493cf87,Budget review,Finance,false,false,1,0,completed,11,false,NOT_SCHEDULED
0299851a-ed88-45e8-a34d-2b59748dc87f,2025-11-20,6f168c2c-529c-4ec8-9932-90d1b493cf87,Meal preparation,Nutrition,false,false,1,0,completed,11,false,NOT_SCHEDULED
f2ac0b2a-efbd-408f-a261-ea09888430f2,2025-11-21,6f168c2c-529c-4ec8-9932-90d1b493cf87,Exercise,Health,true,true,30,43,minutes,4,false,COMPLIANT
ecacba29-13f8-4b32-ada2-38b24a8fbd26,2025-11-21,6f168c2c-529c-4ec8-9932-90d1b493cf87,Reading,Learning,true,true,25,44,minutes,1,false,COMPLIANT
9729dbbf-a000-4b7b-accf-e01b85aea914,2025-11-21,6f168c2c-529c-4ec8-9932-90d1b493cf87,Meditation,Wellbeing,true,false,10,0,minutes,0,false,NON_COMPLIANT
39a734b6-9f92-4738-a6f3-267370272f98,2025-11-21,6f168c2c-529c-4ec8-9932-90d1b493cf87,Sleep before 11 pm,Recovery,true,true,1,1,completed,2,false,COMPLIANT
f64d335b-2587-4fa5-a287-51a17597af68,2025-11-21,6f168c2c-529c-4ec8-9932-90d1b493cf87,Budget review,Finance,false,false,1,0,completed,11,false,NOT_SCHEDULED
8da97f4e-6212-46a6-aa5f-ae3da2c9f6e3,2025-11-21,6f168c2c-529c-4ec8-9932-90d1b493cf87,Meal preparation,Nutrition,false,false,1,0,completed,11,false,NOT_SCHEDULED
a7445177-0073-46e5-af60-6cf3e22507f8,2025-11-22,6f168c2c-529c-4ec8-9932-90d1b493cf87,Exercise,Health,true,true,30,32,minutes,5,false,COMPLIANT
2ced3d05-605a-462c-afa3-05155c5ff453,2025-11-22,6f168c2c-529c-4ec8-9932-90d1b493cf87,Reading,Learning,true,true,25,23,minutes,2,false,COMPLIANT
73db6529-d020-462f-a02f-f9d568d3a7d7,2025-11-22,6f168c2c-529c-4ec8-9932-90d1b493cf87,Meditation,Wellbeing,true,true,10,9,minutes,1,false,COMPLIANT
4616d57f-731d-4440-adf1-235fcebbc685,2025-11-22,6f168c2c-529c-4ec8-9932-90d1b493cf87,Sleep before 11 pm,Recovery,true,true,1,1,completed,3,false,COMPLIANT
dc368834-071c-4fcd-a1bd-4b4f0246fefd,2025-11-22,6f168c2c-529c-4ec8-9932-90d1b493cf87,Budget review,Finance,false,false,1,0,completed,11,false,NOT_SCHEDULED
298844db-248e-47f4-a791-4881132c8b0d,2025-11-22,6f168c2c-529c-4ec8-9932-90d1b493cf87,Meal preparation,Nutrition,false,false,1,0,completed,11,false,NOT_SCHEDULED
c8f35123-5762-4e95-a132-fac59e5f30ae,2025-11-23,6f168c2c-529c-4ec8-9932-90d1b493cf87,Exercise,Health,false,false,30,0,minutes,5,false,NOT_SCHEDULED
a42c38b7-a4e0-4cf9-a232-36f395de8d90,2025-11-23,6f168c2c-529c-4ec8-9932-90d1b493cf87,Reading,Learning,true,false,25,0,minutes,0,false,NON_COMPLIANT
bc31dfbf-7203-40c8-a40d-ec2e9d1642c0,2025-11-23,6f168c2c-529c-4ec8-9932-90d1b493cf87,Meditation,Wellbeing,true,false,10,0,minutes,0,false,NON_COMPLIANT
1984d2b2-20be-4ae0-a620-bcf1b63764f6,2025-11-23,6f168c2c-529c-4ec8-9932-90d1b493cf87,Sleep before 11 pm,Recovery,true,true,1,1,completed,4,false,COMPLIANT
179d4fc7-4d7b-4ef6-a4f5-d99639456ed0,2025-11-23,6f168c2c-529c-4ec8-9932-90d1b493cf87,Budget review,Finance,true,true,1,1,completed,12,false,COMPLIANT
e97eb7aa-5d1b-4505-ab1e-dfe1ae32b6fe,2025-11-23,6f168c2c-529c-4ec8-9932-90d1b493cf87,Meal preparation,Nutrition,true,true,1,1,completed,12,false,COMPLIANT
e47badea-f03a-46e3-a1f7-e6ed91e81b78,2025-11-24,6f168c2c-529c-4ec8-9932-90d1b493cf87,Exercise,Health,true,true,30,41,minutes,6,false,COMPLIANT
7e0360c8-4fdb-4335-af9a-8b3996ceb983,2025-11-24,6f168c2c-529c-4ec8-9932-90d1b493cf87,Reading,Learning,true,true,25,42,minutes,1,false,COMPLIANT
39a058fe-7657-4748-a13a-3aa5592510bf,2025-11-24,6f168c2c-529c-4ec8-9932-90d1b493cf87,Meditation,Wellbeing,true,true,10,9,minutes,1,false,COMPLIANT
189c4df5-a112-4457-a655-14f246ff6253,2025-11-24,6f168c2c-529c-4ec8-9932-90d1b493cf87,Sleep before 11 pm,Recovery,true,true,1,1,completed,5,false,COMPLIANT
1af08f42-f436-4014-adff-bd94e9beeaf5,2025-11-24,6f168c2c-529c-4ec8-9932-90d1b493cf87,Budget review,Finance,false,false,1,0,completed,12,false,NOT_SCHEDULED
3c4990f4-f619-4c77-ae44-20d449193993,2025-11-24,6f168c2c-529c-4ec8-9932-90d1b493cf87,Meal preparation,Nutrition,false,false,1,0,completed,12,false,NOT_SCHEDULED
00cd6c16-ab09-41ca-a3ab-bb7e9407fba6,2025-11-25,6f168c2c-529c-4ec8-9932-90d1b493cf87,Exercise,Health,true,false,30,0,minutes,0,false,NON_COMPLIANT
62fc40ff-9756-4657-ac47-a3c1c38e5285,2025-11-25,6f168c2c-529c-4ec8-9932-90d1b493cf87,Reading,Learning,true,true,25,28,minutes,2,false,COMPLIANT
b74bd232-40d1-4923-a269-e0654996cd42,2025-11-25,6f168c2c-529c-4ec8-9932-90d1b493cf87,Meditation,Wellbeing,true,true,10,14,minutes,2,false,COMPLIANT
6adb615f-a39a-41ee-a192-d8df6b3a8104,2025-11-25,6f168c2c-529c-4ec8-9932-90d1b493cf87,Sleep before 11 pm,Recovery,true,true,1,1,completed,6,false,COMPLIANT
c1c0e507-6d07-4df0-aa98-c6ef2e7eb332,2025-11-25,6f168c2c-529c-4ec8-9932-90d1b493cf87,Budget review,Finance,false,false,1,0,completed,12,false,NOT_SCHEDULED
f59e8bb5-c026-4ce8-a010-d930c374cbd1,2025-11-25,6f168c2c-529c-4ec8-9932-90d1b493cf87,Meal preparation,Nutrition,false,false,1,0,completed,12,false,NOT_SCHEDULED
b3fca225-8328-4688-ac5c-69e17eac3ebf,2025-11-26,6f168c2c-529c-4ec8-9932-90d1b493cf87,Exercise,Health,false,false,30,0,minutes,0,false,NOT_SCHEDULED
46864753-c053-4fd5-a3c1-93f2e7867f9d,2025-11-26,6f168c2c-529c-4ec8-9932-90d1b493cf87,Reading,Learning,true,true,25,39,minutes,3,false,COMPLIANT
a755f7e2-b7a1-49c1-a1cd-a08118454561,2025-11-26,6f168c2c-529c-4ec8-9932-90d1b493cf87,Meditation,Wellbeing,true,true,10,13,minutes,3,false,COMPLIANT
a8b0b79a-c99a-4d1f-a050-cd4d9157d283,2025-11-26,6f168c2c-529c-4ec8-9932-90d1b493cf87,Sleep before 11 pm,Recovery,true,false,1,0,completed,0,true,NON_COMPLIANT
3eb75ff0-77df-4f99-aa36-dbd1781f30a8,2025-11-26,6f168c2c-529c-4ec8-9932-90d1b493cf87,Budget review,Finance,false,false,1,0,completed,12,false,NOT_SCHEDULED
42d314b3-1b72-4065-ae6c-487309d0cd7d,2025-11-26,6f168c2c-529c-4ec8-9932-90d1b493cf87,Meal preparation,Nutrition,true,true,1,1,completed,13,false,COMPLIANT
58ac9407-cf9b-4e1b-a5cd-a476aa7ecd71,2025-11-27,6f168c2c-529c-4ec8-9932-90d1b493cf87,Exercise,Health,true,false,30,0,minutes,0,false,NON_COMPLIANT
125d149d-8f36-4c31-acd6-e5ec1824920d,2025-11-27,6f168c2c-529c-4ec8-9932-90d1b493cf87,Reading,Learning,true,true,25,45,minutes,4,false,COMPLIANT
348d2c98-aef9-4c3f-a606-4e4a91cd431a,2025-11-27,6f168c2c-529c-4ec8-9932-90d1b493cf87,Meditation,Wellbeing,true,false,10,0,minutes,0,false,NON_COMPLIANT
5af17a10-f271-4da0-a94b-f98b33a966f8,2025-11-27,6f168c2c-529c-4ec8-9932-90d1b493cf87,Sleep before 11 pm,Recovery,true,true,1,1,completed,1,false,COMPLIANT
89e083ed-4055-4878-aa22-1392f87f8c88,2025-11-27,6f168c2c-529c-4ec8-9932-90d1b493cf87,Budget review,Finance,false,false,1,0,completed,12,false,NOT_SCHEDULED
5b0211a6-f4ad-4f8a-a0c3-7e5779ec5538,2025-11-27,6f168c2c-529c-4ec8-9932-90d1b493cf87,Meal preparation,Nutrition,false,false,1,0,completed,13,false,NOT_SCHEDULED
2fc664f0-5c69-4cfe-aadc-74c256e67469,2025-11-28,6f168c2c-529c-4ec8-9932-90d1b493cf87,Exercise,Health,true,true,30,44,minutes,1,false,COMPLIANT
23162110-bdec-4b00-a355-47404abe0250,2025-11-28,6f168c2c-529c-4ec8-9932-90d1b493cf87,Reading,Learning,true,false,25,0,minutes,0,false,NON_COMPLIANT
ebd79eee-be8a-40ba-adf9-0cb89123b939,2025-11-28,6f168c2c-529c-4ec8-9932-90d1b493cf87,Meditation,Wellbeing,true,true,10,12,minutes,1,false,COMPLIANT
d85d9984-e5c3-4bb2-ab10-0be6bf3514d1,2025-11-28,6f168c2c-529c-4ec8-9932-90d1b493cf87,Sleep before 11 pm,Recovery,true,true,1,1,completed,2,false,COMPLIANT
d51758df-aea9-4ad4-a934-599f00edd288,2025-11-28,6f168c2c-529c-4ec8-9932-90d1b493cf87,Budget review,Finance,false,false,1,0,completed,12,false,NOT_SCHEDULED
2fb94bd8-21d1-4fe4-a239-fe1d2916aa0e,2025-11-28,6f168c2c-529c-4ec8-9932-90d1b493cf87,Meal preparation,Nutrition,false,false,1,0,completed,13,false,NOT_SCHEDULED
51bf32c9-b958-4d1e-a43a-f673c9538471,2025-11-29,6f168c2c-529c-4ec8-9932-90d1b493cf87,Exercise,Health,true,true,30,51,minutes,2,false,COMPLIANT
84c8b2e5-5c60-42b4-a721-33121db5e328,2025-11-29,6f168c2c-529c-4ec8-9932-90d1b493cf87,Reading,Learning,true,true,25,29,minutes,1,false,COMPLIANT
1cef5f86-de2f-449b-a4d7-b8bed4197b0a,2025-11-29,6f168c2c-529c-4ec8-9932-90d1b493cf87,Meditation,Wellbeing,true,false,10,0,minutes,0,false,NON_COMPLIANT
2250e059-46c7-4e71-ae4d-b558d3474280,2025-11-29,6f168c2c-529c-4ec8-9932-90d1b493cf87,Sleep before 11 pm,Recovery,true,false,1,0,completed,0,true,NON_COMPLIANT
ee88ab95-16d5-4583-ac1f-d367e9ef5367,2025-11-29,6f168c2c-529c-4ec8-9932-90d1b493cf87,Budget review,Finance,false,false,1,0,completed,12,false,NOT_SCHEDULED
2655e2b3-6b3b-4808-ad92-9a75d0fed4b8,2025-11-29,6f168c2c-529c-4ec8-9932-90d1b493cf87,Meal preparation,Nutrition,false,false,1,0,completed,13,false,NOT_SCHEDULED
bd30e40e-fdae-4e12-ade1-6645b93aee29,2025-11-30,6f168c2c-529c-4ec8-9932-90d1b493cf87,Exercise,Health,false,false,30,0,minutes,2,false,NOT_SCHEDULED
2ff81df5-2a91-4bdc-a723-c9a7eb0efdad,2025-11-30,6f168c2c-529c-4ec8-9932-90d1b493cf87,Reading,Learning,true,false,25,0,minutes,0,false,NON_COMPLIANT
fcd3b65a-15ba-4309-ae09-deb406b07b91,2025-11-30,6f168c2c-529c-4ec8-9932-90d1b493cf87,Meditation,Wellbeing,true,true,10,16,minutes,1,false,COMPLIANT
5ca6081a-e42b-4cdc-a0fc-f7e52b23566b,2025-11-30,6f168c2c-529c-4ec8-9932-90d1b493cf87,Sleep before 11 pm,Recovery,true,false,1,0,completed,0,true,NON_COMPLIANT
7aa4e185-2348-4111-a351-f24626c3c262,2025-11-30,6f168c2c-529c-4ec8-9932-90d1b493cf87,Budget review,Finance,true,true,1,1,completed,13,false,COMPLIANT
35c6cb7a-e5f4-4742-a21c-3947e043e7a9,2025-11-30,6f168c2c-529c-4ec8-9932-90d1b493cf87,Meal preparation,Nutrition,true,true,1,1,completed,14,false,COMPLIANT
20bd0b6f-c83a-4277-a950-e436a2b01bf8,2025-12-01,6f168c2c-529c-4ec8-9932-90d1b493cf87,Exercise,Health,true,true,30,28,minutes,3,false,COMPLIANT
8c0ef12c-7973-47e6-add7-028997c164e7,2025-12-01,6f168c2c-529c-4ec8-9932-90d1b493cf87,Reading,Learning,true,true,25,25,minutes,1,false,COMPLIANT
4db3782c-29ac-41d0-a245-3db18d75e1f8,2025-12-01,6f168c2c-529c-4ec8-9932-90d1b493cf87,Meditation,Wellbeing,true,true,10,16,minutes,2,false,COMPLIANT
f00b1a75-6b03-4579-a525-e0326a12e9c3,2025-12-01,6f168c2c-529c-4ec8-9932-90d1b493cf87,Sleep before 11 pm,Recovery,true,true,1,1,completed,1,false,COMPLIANT
59225a8e-ca04-4aba-acad-5cfc670e659f,2025-12-01,6f168c2c-529c-4ec8-9932-90d1b493cf87,Budget review,Finance,false,false,1,0,completed,13,false,NOT_SCHEDULED
156ee68d-8020-41f1-af74-9921d9dd5edd,2025-12-01,6f168c2c-529c-4ec8-9932-90d1b493cf87,Meal preparation,Nutrition,false,false,1,0,completed,14,false,NOT_SCHEDULED
9e9ccf35-668e-40d1-ae6f-14abd345d846,2025-12-02,6f168c2c-529c-4ec8-9932-90d1b493cf87,Exercise,Health,true,true,30,31,minutes,4,false,COMPLIANT
f876f059-723a-452f-a6f1-393d74f360a5,2025-12-02,6f168c2c-529c-4ec8-9932-90d1b493cf87,Reading,Learning,true,false,25,0,minutes,0,false,NON_COMPLIANT
3f5be0e1-4510-4af0-a8de-e78222c0ee57,2025-12-02,6f168c2c-529c-4ec8-9932-90d1b493cf87,Meditation,Wellbeing,true,true,10,9,minutes,3,false,COMPLIANT
5f3ede8c-3b16-4b9b-ac24-18ad0fd166a5,2025-12-02,6f168c2c-529c-4ec8-9932-90d1b493cf87,Sleep before 11 pm,Recovery,true,false,1,0,completed,0,true,NON_COMPLIANT
c33df771-d7bc-4f52-a6dd-46227aea01a8,2025-12-02,6f168c2c-529c-4ec8-9932-90d1b493cf87,Budget review,Finance,false,false,1,0,completed,13,false,NOT_SCHEDULED
8604fcef-b76c-41b5-a766-1d3de7df8311,2025-12-02,6f168c2c-529c-4ec8-9932-90d1b493cf87,Meal preparation,Nutrition,false,false,1,0,completed,14,false,NOT_SCHEDULED
65ce249d-099a-4205-aa4e-adef305443fc,2025-12-03,6f168c2c-529c-4ec8-9932-90d1b493cf87,Exercise,Health,false,false,30,0,minutes,4,false,NOT_SCHEDULED
da926ea6-90dd-45bb-aae3-59e2b6318dd9,2025-12-03,6f168c2c-529c-4ec8-9932-90d1b493cf87,Reading,Learning,true,true,25,24,minutes,1,false,COMPLIANT
96201546-5e95-4bd7-a154-abf7b1fcdd14,2025-12-03,6f168c2c-529c-4ec8-9932-90d1b493cf87,Meditation,Wellbeing,true,false,10,0,minutes,0,false,NON_COMPLIANT
1e134a63-a525-465d-ab7f-ef1077a813f0,2025-12-03,6f168c2c-529c-4ec8-9932-90d1b493cf87,Sleep before 11 pm,Recovery,true,false,1,0,completed,0,true,NON_COMPLIANT
e896bf55-b41e-4182-af64-4ab912dbeeee,2025-12-03,6f168c2c-529c-4ec8-9932-90d1b493cf87,Budget review,Finance,false,false,1,0,completed,13,false,NOT_SCHEDULED
6e79c552-e1b1-4413-a7bb-8204a6f6879f,2025-12-03,6f168c2c-529c-4ec8-9932-90d1b493cf87,Meal preparation,Nutrition,true,true,1,1,completed,15,false,COMPLIANT
b7fc3279-70b7-4124-afed-5c06017f5cc3,2025-12-04,6f168c2c-529c-4ec8-9932-90d1b493cf87,Exercise,Health,true,true,30,43,minutes,5,false,COMPLIANT
33fedac6-4b1e-4186-aaf1-c494f80e9563,2025-12-04,6f168c2c-529c-4ec8-9932-90d1b493cf87,Reading,Learning,true,false,25,0,minutes,0,false,NON_COMPLIANT
c2280d60-d609-4a7c-acae-3bd74a335901,2025-12-04,6f168c2c-529c-4ec8-9932-90d1b493cf87,Meditation,Wellbeing,true,true,10,18,minutes,1,false,COMPLIANT
a999b7b7-bb47-4f7f-ac74-8e71b9557831,2025-12-04,6f168c2c-529c-4ec8-9932-90d1b493cf87,Sleep before 11 pm,Recovery,true,true,1,1,completed,1,false,COMPLIANT
b153d003-3a7c-499f-a6d0-933ba131d62e,2025-12-04,6f168c2c-529c-4ec8-9932-90d1b493cf87,Budget review,Finance,false,false,1,0,completed,13,false,NOT_SCHEDULED
6b053478-00ee-40c5-a82c-609c48505e5a,2025-12-04,6f168c2c-529c-4ec8-9932-90d1b493cf87,Meal preparation,Nutrition,false,false,1,0,completed,15,false,NOT_SCHEDULED
a953b206-5ac8-4672-aa0b-51b179198e27,2025-12-05,6f168c2c-529c-4ec8-9932-90d1b493cf87,Exercise,Health,true,true,30,39,minutes,6,false,COMPLIANT
98a9e732-fe8c-4120-a953-8e587c5e1194,2025-12-05,6f168c2c-529c-4ec8-9932-90d1b493cf87,Reading,Learning,true,true,25,35,minutes,1,false,COMPLIANT
d965d253-72d1-4ae6-a621-36bc77998880,2025-12-05,6f168c2c-529c-4ec8-9932-90d1b493cf87,Meditation,Wellbeing,true,true,10,16,minutes,2,false,COMPLIANT
fe26867c-0d56-4667-a95b-555dabe41d57,2025-12-05,6f168c2c-529c-4ec8-9932-90d1b493cf87,Sleep before 11 pm,Recovery,true,true,1,1,completed,2,false,COMPLIANT
1ee98b22-323e-441f-aaaa-bd5a050cace6,2025-12-05,6f168c2c-529c-4ec8-9932-90d1b493cf87,Budget review,Finance,false,false,1,0,completed,13,false,NOT_SCHEDULED
7bc27ba3-6115-4b71-a66c-a90b1424fc77,2025-12-05,6f168c2c-529c-4ec8-9932-90d1b493cf87,Meal preparation,Nutrition,false,false,1,0,completed,15,false,NOT_SCHEDULED
bc80b8df-6636-4eb8-a1d3-2fbfa97fd24e,2025-12-06,6f168c2c-529c-4ec8-9932-90d1b493cf87,Exercise,Health,true,true,30,40,minutes,7,false,COMPLIANT
b1ce7084-008d-4962-adf4-a7f3cafea1f0,2025-12-06,6f168c2c-529c-4ec8-9932-90d1b493cf87,Reading,Learning,true,true,25,42,minutes,2,false,COMPLIANT
b2a4708f-940e-4570-a222-549a9a7147be,2025-12-06,6f168c2c-529c-4ec8-9932-90d1b493cf87,Meditation,Wellbeing,true,false,10,0,minutes,0,false,NON_COMPLIANT
7512fcb2-8b6f-4b50-ad21-751724f31300,2025-12-06,6f168c2c-529c-4ec8-9932-90d1b493cf87,Sleep before 11 pm,Recovery,true,true,1,1,completed,3,false,COMPLIANT
73fd4866-0592-44a7-a88e-92815d28e8d2,2025-12-06,6f168c2c-529c-4ec8-9932-90d1b493cf87,Budget review,Finance,false,false,1,0,completed,13,false,NOT_SCHEDULED
aedf2727-aeaf-4f1a-a092-537f5edd9f8a,2025-12-06,6f168c2c-529c-4ec8-9932-90d1b493cf87,Meal preparation,Nutrition,false,false,1,0,completed,15,false,NOT_SCHEDULED
d19b0480-cdc7-4ee4-a83c-58ed99e8006d,2025-12-07,6f168c2c-529c-4ec8-9932-90d1b493cf87,Exercise,Health,false,false,30,0,minutes,7,false,NOT_SCHEDULED
edb70e0a-38f5-4c42-abd6-b7664e69788f,2025-12-07,6f168c2c-529c-4ec8-9932-90d1b493cf87,Reading,Learning,true,true,25,33,minutes,3,false,COMPLIANT
27e6fdcb-1c1d-4111-ac1c-256e0bcffe0f,2025-12-07,6f168c2c-529c-4ec8-9932-90d1b493cf87,Meditation,Wellbeing,true,true,10,16,minutes,1,false,COMPLIANT
2057d03f-92cb-4199-a2f7-829c10242a76,2025-12-07,6f168c2c-529c-4ec8-9932-90d1b493cf87,Sleep before 11 pm,Recovery,true,true,1,1,completed,4,false,COMPLIANT
e8a73533-1678-47e2-aad1-7c302577c3cf,2025-12-07,6f168c2c-529c-4ec8-9932-90d1b493cf87,Budget review,Finance,true,true,1,1,completed,14,false,COMPLIANT
c9482f12-3d3e-436a-a8d9-f225d1833ff5,2025-12-07,6f168c2c-529c-4ec8-9932-90d1b493cf87,Meal preparation,Nutrition,true,true,1,1,completed,16,false,COMPLIANT
0f5dbe30-bcbc-4434-aa70-7f11799e4561,2025-12-08,6f168c2c-529c-4ec8-9932-90d1b493cf87,Exercise,Health,true,true,30,43,minutes,8,false,COMPLIANT
75bd2023-eeef-4b71-a057-85d261bb66eb,2025-12-08,6f168c2c-529c-4ec8-9932-90d1b493cf87,Reading,Learning,true,true,25,45,minutes,4,false,COMPLIANT
158554b2-f1be-40a7-acdf-1785b27b63c4,2025-12-08,6f168c2c-529c-4ec8-9932-90d1b493cf87,Meditation,Wellbeing,true,false,10,0,minutes,0,false,NON_COMPLIANT
57dcc530-f168-4db6-a038-8f131a369bfb,2025-12-08,6f168c2c-529c-4ec8-9932-90d1b493cf87,Sleep before 11 pm,Recovery,true,false,1,0,completed,0,true,NON_COMPLIANT
24a10075-b0b1-455f-af1b-473b2e08fa92,2025-12-08,6f168c2c-529c-4ec8-9932-90d1b493cf87,Budget review,Finance,false,false,1,0,completed,14,false,NOT_SCHEDULED
8ff18477-16b9-4841-a2e0-9c66a8b0c431,2025-12-08,6f168c2c-529c-4ec8-9932-90d1b493cf87,Meal preparation,Nutrition,false,false,1,0,completed,16,false,NOT_SCHEDULED
16978e2a-3f5b-400f-a4f8-1f2cae93b0e9,2025-12-09,6f168c2c-529c-4ec8-9932-90d1b493cf87,Exercise,Health,true,true,30,32,minutes,9,false,COMPLIANT
a1e6411a-b5ba-4392-a5a1-b0c5379d7e9e,2025-12-09,6f168c2c-529c-4ec8-9932-90d1b493cf87,Reading,Learning,true,true,25,28,minutes,5,false,COMPLIANT
e8cef663-ba5a-47db-a55f-a3e2a327d53a,2025-12-09,6f168c2c-529c-4ec8-9932-90d1b493cf87,Meditation,Wellbeing,true,true,10,16,minutes,1,false,COMPLIANT
c1fa225c-c6c2-4f6d-aba9-6435ec32781f,2025-12-09,6f168c2c-529c-4ec8-9932-90d1b493cf87,Sleep before 11 pm,Recovery,true,true,1,1,completed,1,false,COMPLIANT
47ffdb40-b366-49a8-ab3a-b94716aae19f,2025-12-09,6f168c2c-529c-4ec8-9932-90d1b493cf87,Budget review,Finance,false,false,1,0,completed,14,false,NOT_SCHEDULED
2dd972c5-8a2f-48e1-af75-fee279cf335e,2025-12-09,6f168c2c-529c-4ec8-9932-90d1b493cf87,Meal preparation,Nutrition,false,false,1,0,completed,16,false,NOT_SCHEDULED
78aa4272-487d-4bb2-abec-a7667d6609a7,2025-12-10,6f168c2c-529c-4ec8-9932-90d1b493cf87,Exercise,Health,false,false,30,0,minutes,9,false,NOT_SCHEDULED
0e797996-846f-4d8a-a3a3-3cfb941ea12d,2025-12-10,6f168c2c-529c-4ec8-9932-90d1b493cf87,Reading,Learning,true,false,25,0,minutes,0,false,NON_COMPLIANT
e77e6049-0960-4eb4-a0a6-7dbfa4788bba,2025-12-10,6f168c2c-529c-4ec8-9932-90d1b493cf87,Meditation,Wellbeing,true,false,10,0,minutes,0,false,NON_COMPLIANT
8be57b87-4713-4e2b-a5b7-4416d073855a,2025-12-10,6f168c2c-529c-4ec8-9932-90d1b493cf87,Sleep before 11 pm,Recovery,true,true,1,1,completed,2,false,COMPLIANT
732fc2d8-91ee-4c66-a6ad-551762313e53,2025-12-10,6f168c2c-529c-4ec8-9932-90d1b493cf87,Budget review,Finance,false,false,1,0,completed,14,false,NOT_SCHEDULED
fb1c7c64-037e-4a51-a724-d8bdf14a584e,2025-12-10,6f168c2c-529c-4ec8-9932-90d1b493cf87,Meal preparation,Nutrition,true,false,1,0,completed,0,false,NON_COMPLIANT
12196dec-0c5d-4a57-a8e1-d0db0dae773f,2025-12-11,6f168c2c-529c-4ec8-9932-90d1b493cf87,Exercise,Health,true,true,30,31,minutes,10,false,COMPLIANT
36312973-5149-4c80-a86a-ae988722745b,2025-12-11,6f168c2c-529c-4ec8-9932-90d1b493cf87,Reading,Learning,true,true,25,42,minutes,1,false,COMPLIANT
2124a2f3-7400-49a0-aa36-67417f61c2f2,2025-12-11,6f168c2c-529c-4ec8-9932-90d1b493cf87,Meditation,Wellbeing,true,false,10,0,minutes,0,false,NON_COMPLIANT
7da85ee3-3b77-41f4-a85a-86a6c4e4bc22,2025-12-11,6f168c2c-529c-4ec8-9932-90d1b493cf87,Sleep before 11 pm,Recovery,true,true,1,1,completed,3,false,COMPLIANT
79878fb6-5250-448a-ac1b-0938c646f0a5,2025-12-11,6f168c2c-529c-4ec8-9932-90d1b493cf87,Budget review,Finance,false,false,1,0,completed,14,false,NOT_SCHEDULED
32661e0e-ef5a-4e04-a2c5-853305755a6d,2025-12-11,6f168c2c-529c-4ec8-9932-90d1b493cf87,Meal preparation,Nutrition,false,false,1,0,completed,0,false,NOT_SCHEDULED
56b26f04-185a-44f8-a794-3b8c35661f44,2025-12-12,6f168c2c-529c-4ec8-9932-90d1b493cf87,Exercise,Health,true,true,30,49,minutes,11,false,COMPLIANT
f79e9999-6a0c-4e89-aeb5-9dfb6c085480,2025-12-12,6f168c2c-529c-4ec8-9932-90d1b493cf87,Reading,Learning,true,true,25,32,minutes,2,false,COMPLIANT
16bd1e7a-94f8-4473-af30-0a8cf1f62254,2025-12-12,6f168c2c-529c-4ec8-9932-90d1b493cf87,Meditation,Wellbeing,true,true,10,10,minutes,1,false,COMPLIANT
ab482ea4-2815-484e-a7f3-0d8c1556f5f5,2025-12-12,6f168c2c-529c-4ec8-9932-90d1b493cf87,Sleep before 11 pm,Recovery,true,true,1,1,completed,4,false,COMPLIANT
e7308336-e56b-4c5e-aceb-9b2e14e85afd,2025-12-12,6f168c2c-529c-4ec8-9932-90d1b493cf87,Budget review,Finance,false,false,1,0,completed,14,false,NOT_SCHEDULED
80abb8c6-04a4-4d7f-aadc-ae9ae4fcc774,2025-12-12,6f168c2c-529c-4ec8-9932-90d1b493cf87,Meal preparation,Nutrition,false,false,1,0,completed,0,false,NOT_SCHEDULED
e310958f-fdd8-4644-a2c9-6c80d99a7c93,2025-12-13,6f168c2c-529c-4ec8-9932-90d1b493cf87,Exercise,Health,true,true,30,28,minutes,12,false,COMPLIANT
0efe654e-5fbf-4e75-ab9c-0cad24e8928d,2025-12-13,6f168c2c-529c-4ec8-9932-90d1b493cf87,Reading,Learning,true,false,25,0,minutes,0,false,NON_COMPLIANT
8f63bc78-9ad7-43e3-a3df-77dca474f132,2025-12-13,6f168c2c-529c-4ec8-9932-90d1b493cf87,Meditation,Wellbeing,true,false,10,0,minutes,0,false,NON_COMPLIANT
71be8cff-ea24-4dd2-a632-ecc6c76fd99c,2025-12-13,6f168c2c-529c-4ec8-9932-90d1b493cf87,Sleep before 11 pm,Recovery,true,true,1,1,completed,5,false,COMPLIANT
aa9817bf-8c50-4cc3-a1ea-0ebc2c17a6e2,2025-12-13,6f168c2c-529c-4ec8-9932-90d1b493cf87,Budget review,Finance,false,false,1,0,completed,14,false,NOT_SCHEDULED
4fc0c1e5-0a79-4aa4-a393-2e7feeb71af7,2025-12-13,6f168c2c-529c-4ec8-9932-90d1b493cf87,Meal preparation,Nutrition,false,false,1,0,completed,0,false,NOT_SCHEDULED
052d4f35-0879-41dc-ae77-6f690cb4af84,2025-12-14,6f168c2c-529c-4ec8-9932-90d1b493cf87,Exercise,Health,false,false,30,0,minutes,12,false,NOT_SCHEDULED
c6b1557c-c0ca-4132-accc-5c5a78d661ce,2025-12-14,6f168c2c-529c-4ec8-9932-90d1b493cf87,Reading,Learning,true,true,25,27,minutes,1,false,COMPLIANT
bf6951c0-ece7-410a-a10a-4737406e8675,2025-12-14,6f168c2c-529c-4ec8-9932-90d1b493cf87,Meditation,Wellbeing,true,false,10,0,minutes,0,false,NON_COMPLIANT
cfccd376-fee6-42ed-a645-856ae58faf29,2025-12-14,6f168c2c-529c-4ec8-9932-90d1b493cf87,Sleep before 11 pm,Recovery,true,true,1,1,completed,6,false,COMPLIANT
22da7820-1fdf-4fb5-a958-19c26afeadab,2025-12-14,6f168c2c-529c-4ec8-9932-90d1b493cf87,Budget review,Finance,true,true,1,1,completed,15,false,COMPLIANT
b396a008-934f-4728-a039-6f27bc72351b,2025-12-14,6f168c2c-529c-4ec8-9932-90d1b493cf87,Meal preparation,Nutrition,true,true,1,1,completed,1,false,COMPLIANT
3a7e6136-c79f-49dd-ac92-3ac4846bb75b,2025-12-15,6f168c2c-529c-4ec8-9932-90d1b493cf87,Exercise,Health,true,true,30,53,minutes,13,false,COMPLIANT
f5e4f44f-b2a4-49e4-a7bf-f8f11e329363,2025-12-15,6f168c2c-529c-4ec8-9932-90d1b493cf87,Reading,Learning,true,true,25,36,minutes,2,false,COMPLIANT
784a4f2a-3a57-465c-a00b-295b5d0e6cb7,2025-12-15,6f168c2c-529c-4ec8-9932-90d1b493cf87,Meditation,Wellbeing,true,false,10,0,minutes,0,false,NON_COMPLIANT
dfccdb64-58a8-4921-a4f7-d4e07cc1a328,2025-12-15,6f168c2c-529c-4ec8-9932-90d1b493cf87,Sleep before 11 pm,Recovery,true,false,1,0,completed,0,true,NON_COMPLIANT
b7a23042-e58b-4976-a3fd-25c709e5b7cc,2025-12-15,6f168c2c-529c-4ec8-9932-90d1b493cf87,Budget review,Finance,false,false,1,0,completed,15,false,NOT_SCHEDULED
36801fb0-706a-43da-a244-dbe6d89a1dbe,2025-12-15,6f168c2c-529c-4ec8-9932-90d1b493cf87,Meal preparation,Nutrition,false,false,1,0,completed,1,false,NOT_SCHEDULED
26100a36-cb0b-48e5-a3b4-f2e0c47603a1,2025-12-16,6f168c2c-529c-4ec8-9932-90d1b493cf87,Exercise,Health,true,true,30,53,minutes,14,false,COMPLIANT
2eb0b3e2-5938-49df-a0c0-964acbb82908,2025-12-16,6f168c2c-529c-4ec8-9932-90d1b493cf87,Reading,Learning,true,true,25,38,minutes,3,false,COMPLIANT
17b0b98b-bdb7-46a2-af1f-b2d385b5b6d7,2025-12-16,6f168c2c-529c-4ec8-9932-90d1b493cf87,Meditation,Wellbeing,true,true,10,11,minutes,1,false,COMPLIANT
43d85656-f426-495c-adf9-7c442218ffbd,2025-12-16,6f168c2c-529c-4ec8-9932-90d1b493cf87,Sleep before 11 pm,Recovery,true,true,1,1,completed,1,false,COMPLIANT
8b3bbb37-8f24-4708-a9a4-c42120efb2c1,2025-12-16,6f168c2c-529c-4ec8-9932-90d1b493cf87,Budget review,Finance,false,false,1,0,completed,15,false,NOT_SCHEDULED
bca3a566-edc7-474b-a1b8-ba2f96e9734b,2025-12-16,6f168c2c-529c-4ec8-9932-90d1b493cf87,Meal preparation,Nutrition,false,false,1,0,completed,1,false,NOT_SCHEDULED
8aa2c404-aba4-4359-ac2a-65ca6686d608,2025-12-17,6f168c2c-529c-4ec8-9932-90d1b493cf87,Exercise,Health,false,false,30,0,minutes,14,false,NOT_SCHEDULED
a6ca0f61-871c-462b-adc9-d1e8cf5e1859,2025-12-17,6f168c2c-529c-4ec8-9932-90d1b493cf87,Reading,Learning,true,true,25,27,minutes,4,false,COMPLIANT
e910ddc7-9b9f-48e4-a9b5-f2088c6e639d,2025-12-17,6f168c2c-529c-4ec8-9932-90d1b493cf87,Meditation,Wellbeing,true,true,10,9,minutes,2,false,COMPLIANT
07d97979-dcd2-40e9-a47a-4370a2187b0b,2025-12-17,6f168c2c-529c-4ec8-9932-90d1b493cf87,Sleep before 11 pm,Recovery,true,true,1,1,completed,2,false,COMPLIANT
6d4c54f8-7da5-48b2-aab6-9af4d029ce72,2025-12-17,6f168c2c-529c-4ec8-9932-90d1b493cf87,Budget review,Finance,false,false,1,0,completed,15,false,NOT_SCHEDULED
d43d065e-86ab-4436-a4c2-845acabc647b,2025-12-17,6f168c2c-529c-4ec8-9932-90d1b493cf87,Meal preparation,Nutrition,true,true,1,1,completed,2,false,COMPLIANT
e03e31a1-2cc3-45fa-a8f8-8c618548ca47,2025-12-18,6f168c2c-529c-4ec8-9932-90d1b493cf87,Exercise,Health,true,false,30,0,minutes,0,false,NON_COMPLIANT
373f273a-2403-44e0-a967-1b2e81b86c0c,2025-12-18,6f168c2c-529c-4ec8-9932-90d1b493cf87,Reading,Learning,true,false,25,0,minutes,0,false,NON_COMPLIANT
a6cf2a73-fa4a-4675-a59a-392a09503371,2025-12-18,6f168c2c-529c-4ec8-9932-90d1b493cf87,Meditation,Wellbeing,true,false,10,0,minutes,0,false,NON_COMPLIANT
67e63b6c-a9d8-411a-ae79-aeb4ee0dae3e,2025-12-18,6f168c2c-529c-4ec8-9932-90d1b493cf87,Sleep before 11 pm,Recovery,true,true,1,1,completed,3,false,COMPLIANT
9d8a8f68-c7bd-4457-ae69-3ac337fb1e2f,2025-12-18,6f168c2c-529c-4ec8-9932-90d1b493cf87,Budget review,Finance,false,false,1,0,completed,15,false,NOT_SCHEDULED
ab3a8512-b758-4cb0-ae7a-b12b9ce7fc54,2025-12-18,6f168c2c-529c-4ec8-9932-90d1b493cf87,Meal preparation,Nutrition,false,false,1,0,completed,2,false,NOT_SCHEDULED
b9328518-4641-4478-a86c-8b756ce28bcc,2025-12-19,6f168c2c-529c-4ec8-9932-90d1b493cf87,Exercise,Health,true,true,30,32,minutes,1,false,COMPLIANT
6e0586b7-2010-4cb5-a1d2-972d549c31b5,2025-12-19,6f168c2c-529c-4ec8-9932-90d1b493cf87,Reading,Learning,true,true,25,27,minutes,1,false,COMPLIANT
132f1cb3-ab31-4c7c-ad34-ffb664d67c00,2025-12-19,6f168c2c-529c-4ec8-9932-90d1b493cf87,Meditation,Wellbeing,true,true,10,16,minutes,1,false,COMPLIANT
7c0b7eae-1fd0-4a4d-ad8f-a0ced78f2537,2025-12-19,6f168c2c-529c-4ec8-9932-90d1b493cf87,Sleep before 11 pm,Recovery,true,true,1,1,completed,4,false,COMPLIANT
97c1c4d2-2f05-4f92-a8be-56e391c62162,2025-12-19,6f168c2c-529c-4ec8-9932-90d1b493cf87,Budget review,Finance,false,false,1,0,completed,15,false,NOT_SCHEDULED
97902102-da6a-4ca1-ad54-145c21912a76,2025-12-19,6f168c2c-529c-4ec8-9932-90d1b493cf87,Meal preparation,Nutrition,false,false,1,0,completed,2,false,NOT_SCHEDULED
d4e38fdb-51a7-4bd6-a7cb-48dcf75466ff,2025-12-20,6f168c2c-529c-4ec8-9932-90d1b493cf87,Exercise,Health,true,true,30,54,minutes,2,false,COMPLIANT
f5dff123-44fe-49bc-a81f-cd1b777eba86,2025-12-20,6f168c2c-529c-4ec8-9932-90d1b493cf87,Reading,Learning,true,true,25,27,minutes,2,false,COMPLIANT
2157e336-95a5-4ebb-aac9-b180a5e59a0d,2025-12-20,6f168c2c-529c-4ec8-9932-90d1b493cf87,Meditation,Wellbeing,true,true,10,13,minutes,2,false,COMPLIANT
f66a40b0-3ac2-4dbb-ad25-bce1447ad043,2025-12-20,6f168c2c-529c-4ec8-9932-90d1b493cf87,Sleep before 11 pm,Recovery,true,true,1,1,completed,5,false,COMPLIANT
ab1a5b54-e1cf-4392-a637-b24711c8e40a,2025-12-20,6f168c2c-529c-4ec8-9932-90d1b493cf87,Budget review,Finance,false,false,1,0,completed,15,false,NOT_SCHEDULED
6918ec63-77a5-480e-adf3-742021e75e12,2025-12-20,6f168c2c-529c-4ec8-9932-90d1b493cf87,Meal preparation,Nutrition,false,false,1,0,completed,2,false,NOT_SCHEDULED
01bbda25-2f99-43f1-ac50-408ee50399a3,2025-12-21,6f168c2c-529c-4ec8-9932-90d1b493cf87,Exercise,Health,false,false,30,0,minutes,2,false,NOT_SCHEDULED
7e0d9b71-29b0-4172-a128-b67a926c216f,2025-12-21,6f168c2c-529c-4ec8-9932-90d1b493cf87,Reading,Learning,true,true,25,36,minutes,3,false,COMPLIANT
728cc0d0-5782-490b-acde-1fb8860ec7a0,2025-12-21,6f168c2c-529c-4ec8-9932-90d1b493cf87,Meditation,Wellbeing,true,true,10,9,minutes,3,false,COMPLIANT
c4d645b0-a4d8-4343-af2f-27ef1af530e4,2025-12-21,6f168c2c-529c-4ec8-9932-90d1b493cf87,Sleep before 11 pm,Recovery,true,false,1,0,completed,0,true,NON_COMPLIANT
9f543bf9-a163-4945-a7a8-831fbb0f0386,2025-12-21,6f168c2c-529c-4ec8-9932-90d1b493cf87,Budget review,Finance,true,true,1,1,completed,16,false,COMPLIANT
be94e123-f5c5-474c-a35d-1ea2f67f9116,2025-12-21,6f168c2c-529c-4ec8-9932-90d1b493cf87,Meal preparation,Nutrition,true,true,1,1,completed,3,false,COMPLIANT
dca39b2f-ff03-4ecc-adaf-c6e2cd212e93,2025-12-22,6f168c2c-529c-4ec8-9932-90d1b493cf87,Exercise,Health,true,false,30,0,minutes,0,false,NON_COMPLIANT
bc0dd6df-409c-4c38-abe3-948d902c65d5,2025-12-22,6f168c2c-529c-4ec8-9932-90d1b493cf87,Reading,Learning,true,false,25,0,minutes,0,false,NON_COMPLIANT
daf24feb-cdda-444e-af68-6ae06d57b30f,2025-12-22,6f168c2c-529c-4ec8-9932-90d1b493cf87,Meditation,Wellbeing,true,true,10,12,minutes,4,false,COMPLIANT
4ed039e5-493b-481d-a847-4df0b361ad78,2025-12-22,6f168c2c-529c-4ec8-9932-90d1b493cf87,Sleep before 11 pm,Recovery,true,true,1,1,completed,1,false,COMPLIANT
f3b277de-9d9e-44b6-a671-b1955558c17f,2025-12-22,6f168c2c-529c-4ec8-9932-90d1b493cf87,Budget review,Finance,false,false,1,0,completed,16,false,NOT_SCHEDULED
5584f510-13cf-43cc-ad18-fef1b650b44c,2025-12-22,6f168c2c-529c-4ec8-9932-90d1b493cf87,Meal preparation,Nutrition,false,false,1,0,completed,3,false,NOT_SCHEDULED
bf5ba24a-c760-46f8-ab7f-f1ab675b3ae6,2025-12-23,6f168c2c-529c-4ec8-9932-90d1b493cf87,Exercise,Health,true,true,30,37,minutes,1,false,COMPLIANT
cc3e4fc6-0ee1-4131-a4f8-1fd569eb74f4,2025-12-23,6f168c2c-529c-4ec8-9932-90d1b493cf87,Reading,Learning,true,false,25,0,minutes,0,false,NON_COMPLIANT
c60cff32-b76e-42b1-a824-76eb845adec7,2025-12-23,6f168c2c-529c-4ec8-9932-90d1b493cf87,Meditation,Wellbeing,true,true,10,12,minutes,5,false,COMPLIANT
e1533fc8-7ada-49cd-abb1-0211f929d61f,2025-12-23,6f168c2c-529c-4ec8-9932-90d1b493cf87,Sleep before 11 pm,Recovery,true,false,1,0,completed,0,true,NON_COMPLIANT
8c8437f3-c827-41ee-a5f3-5a377d14e86c,2025-12-23,6f168c2c-529c-4ec8-9932-90d1b493cf87,Budget review,Finance,false,false,1,0,completed,16,false,NOT_SCHEDULED
3d636b5c-b337-4b32-aba6-965dfb048b30,2025-12-23,6f168c2c-529c-4ec8-9932-90d1b493cf87,Meal preparation,Nutrition,false,false,1,0,completed,3,false,NOT_SCHEDULED
a091ba81-00dd-4c6b-adf0-3ec135c35513,2025-12-24,6f168c2c-529c-4ec8-9932-90d1b493cf87,Exercise,Health,false,false,30,0,minutes,1,false,NOT_SCHEDULED
5d627d9c-530a-4d3e-a51a-af73b27fe18f,2025-12-24,6f168c2c-529c-4ec8-9932-90d1b493cf87,Reading,Learning,true,false,25,0,minutes,0,false,NON_COMPLIANT
5d41f834-7a69-4f50-a1ca-cc07cd343147,2025-12-24,6f168c2c-529c-4ec8-9932-90d1b493cf87,Meditation,Wellbeing,true,false,10,0,minutes,0,false,NON_COMPLIANT
9eb81433-31ad-46e7-a8ff-9d540d6d193f,2025-12-24,6f168c2c-529c-4ec8-9932-90d1b493cf87,Sleep before 11 pm,Recovery,true,false,1,0,completed,0,true,NON_COMPLIANT
bd4c57bb-14c6-4fbd-a56f-9fc709f6aaa4,2025-12-24,6f168c2c-529c-4ec8-9932-90d1b493cf87,Budget review,Finance,false,false,1,0,completed,16,false,NOT_SCHEDULED
1fc1b575-e9cb-4660-ab88-28d9d035e543,2025-12-24,6f168c2c-529c-4ec8-9932-90d1b493cf87,Meal preparation,Nutrition,true,true,1,1,completed,4,false,COMPLIANT
d601a7ee-1d85-4096-a0bf-cba57efd7e8f,2025-12-25,6f168c2c-529c-4ec8-9932-90d1b493cf87,Exercise,Health,true,true,30,44,minutes,2,false,COMPLIANT
f46dbc8f-de50-46cd-a77c-cf5a1c9206b5,2025-12-25,6f168c2c-529c-4ec8-9932-90d1b493cf87,Reading,Learning,true,true,25,29,minutes,1,false,COMPLIANT
ca0be42e-5d36-4564-a426-4bed38c7768f,2025-12-25,6f168c2c-529c-4ec8-9932-90d1b493cf87,Meditation,Wellbeing,true,true,10,10,minutes,1,false,COMPLIANT
97c45bfa-d1ee-470a-a22d-94d387efab90,2025-12-25,6f168c2c-529c-4ec8-9932-90d1b493cf87,Sleep before 11 pm,Recovery,true,true,1,1,completed,1,false,COMPLIANT
10040899-f8ed-411f-a1cf-a63a00fe98dd,2025-12-25,6f168c2c-529c-4ec8-9932-90d1b493cf87,Budget review,Finance,false,false,1,0,completed,16,false,NOT_SCHEDULED
356ed862-060a-491b-a55c-6c43e66c551e,2025-12-25,6f168c2c-529c-4ec8-9932-90d1b493cf87,Meal preparation,Nutrition,false,false,1,0,completed,4,false,NOT_SCHEDULED
5d249ac9-9ad4-422f-ab6e-5b928890e33d,2025-12-26,6f168c2c-529c-4ec8-9932-90d1b493cf87,Exercise,Health,true,true,30,52,minutes,3,false,COMPLIANT
cd7514ea-15fc-4c72-ae0e-78cd663c1aed,2025-12-26,6f168c2c-529c-4ec8-9932-90d1b493cf87,Reading,Learning,true,true,25,42,minutes,2,false,COMPLIANT
b7b429af-04f7-4c2e-a656-44c709d5cdff,2025-12-26,6f168c2c-529c-4ec8-9932-90d1b493cf87,Meditation,Wellbeing,true,false,10,0,minutes,0,false,NON_COMPLIANT
35a89f60-ae1f-4e8f-a95d-b1a98b08d766,2025-12-26,6f168c2c-529c-4ec8-9932-90d1b493cf87,Sleep before 11 pm,Recovery,true,false,1,0,completed,0,true,NON_COMPLIANT
2a043839-435f-4bf9-a5a3-92e7d40216ee,2025-12-26,6f168c2c-529c-4ec8-9932-90d1b493cf87,Budget review,Finance,false,false,1,0,completed,16,false,NOT_SCHEDULED
c3f88fcf-b535-47e2-a46e-3ea78527df7a,2025-12-26,6f168c2c-529c-4ec8-9932-90d1b493cf87,Meal preparation,Nutrition,false,false,1,0,completed,4,false,NOT_SCHEDULED
7ab40316-7fc0-4bad-ad86-518deff39ad6,2025-12-27,6f168c2c-529c-4ec8-9932-90d1b493cf87,Exercise,Health,true,true,30,54,minutes,4,false,COMPLIANT
1add6266-21ce-436e-afd2-59650c8dec32,2025-12-27,6f168c2c-529c-4ec8-9932-90d1b493cf87,Reading,Learning,true,true,25,30,minutes,3,false,COMPLIANT
fe08a5a9-cc0c-4a07-a8b8-3d5896ad22bb,2025-12-27,6f168c2c-529c-4ec8-9932-90d1b493cf87,Meditation,Wellbeing,true,false,10,0,minutes,0,false,NON_COMPLIANT
3a15f680-65db-41bf-aeca-1d7593c653db,2025-12-27,6f168c2c-529c-4ec8-9932-90d1b493cf87,Sleep before 11 pm,Recovery,true,true,1,1,completed,1,false,COMPLIANT
eefa9c89-c4ad-4038-a6a3-dc0631294d21,2025-12-27,6f168c2c-529c-4ec8-9932-90d1b493cf87,Budget review,Finance,false,false,1,0,completed,16,false,NOT_SCHEDULED
ea686ff3-f327-4f41-a912-be4b6989ed82,2025-12-27,6f168c2c-529c-4ec8-9932-90d1b493cf87,Meal preparation,Nutrition,false,false,1,0,completed,4,false,NOT_SCHEDULED
92a27629-163b-4012-a23d-416c09417f2c,2025-12-28,6f168c2c-529c-4ec8-9932-90d1b493cf87,Exercise,Health,false,false,30,0,minutes,4,false,NOT_SCHEDULED
b28f9275-1cda-48b5-a3f2-eb0340330cca,2025-12-28,6f168c2c-529c-4ec8-9932-90d1b493cf87,Reading,Learning,true,false,25,0,minutes,0,false,NON_COMPLIANT
e962eb13-3367-4929-ad32-6d9d1c529aad,2025-12-28,6f168c2c-529c-4ec8-9932-90d1b493cf87,Meditation,Wellbeing,true,true,10,9,minutes,1,false,COMPLIANT
a67a5099-9350-4108-aa82-a68c715e7031,2025-12-28,6f168c2c-529c-4ec8-9932-90d1b493cf87,Sleep before 11 pm,Recovery,true,true,1,1,completed,2,false,COMPLIANT
a4f0884e-b3d6-456f-a206-9f9edc98ea78,2025-12-28,6f168c2c-529c-4ec8-9932-90d1b493cf87,Budget review,Finance,true,true,1,1,completed,17,false,COMPLIANT
ecd0037a-8fd0-4885-ae86-e5b77e47ea0f,2025-12-28,6f168c2c-529c-4ec8-9932-90d1b493cf87,Meal preparation,Nutrition,true,true,1,1,completed,5,false,COMPLIANT
82f62529-d1a8-43a5-aa40-74ca3e82214d,2025-12-29,6f168c2c-529c-4ec8-9932-90d1b493cf87,Exercise,Health,true,true,30,31,minutes,5,false,COMPLIANT
48f5e0bb-4b09-48dc-a44c-0b6066add692,2025-12-29,6f168c2c-529c-4ec8-9932-90d1b493cf87,Reading,Learning,true,true,25,24,minutes,1,false,COMPLIANT
74935aa3-16b0-437d-a082-2635ec82c635,2025-12-29,6f168c2c-529c-4ec8-9932-90d1b493cf87,Meditation,Wellbeing,true,false,10,0,minutes,0,false,NON_COMPLIANT
03271bfc-863a-4788-a0cd-aef8b5965267,2025-12-29,6f168c2c-529c-4ec8-9932-90d1b493cf87,Sleep before 11 pm,Recovery,true,true,1,1,completed,3,false,COMPLIANT
480a80d9-30f4-41a5-ad86-e2f191cdcd3c,2025-12-29,6f168c2c-529c-4ec8-9932-90d1b493cf87,Budget review,Finance,false,false,1,0,completed,17,false,NOT_SCHEDULED
332ecad0-7e7d-469a-a2fd-9e8a6dae54e2,2025-12-29,6f168c2c-529c-4ec8-9932-90d1b493cf87,Meal preparation,Nutrition,false,false,1,0,completed,5,false,NOT_SCHEDULED
55700696-d46c-4f36-a36f-3c89433b15a0,2025-12-30,6f168c2c-529c-4ec8-9932-90d1b493cf87,Exercise,Health,true,true,30,34,minutes,6,false,COMPLIANT
3cbd4a9b-9d0d-4e37-a6f2-fc2472bc6fb8,2025-12-30,6f168c2c-529c-4ec8-9932-90d1b493cf87,Reading,Learning,true,true,25,43,minutes,2,false,COMPLIANT
da9f3305-ac83-4aca-a83b-2a5f7eda1d59,2025-12-30,6f168c2c-529c-4ec8-9932-90d1b493cf87,Meditation,Wellbeing,true,false,10,0,minutes,0,false,NON_COMPLIANT
04158797-3b34-465d-a27e-66795cb5164f,2025-12-30,6f168c2c-529c-4ec8-9932-90d1b493cf87,Sleep before 11 pm,Recovery,true,false,1,0,completed,0,true,NON_COMPLIANT
f79725d7-993b-4c7e-ad60-4f1c0a4b90f3,2025-12-30,6f168c2c-529c-4ec8-9932-90d1b493cf87,Budget review,Finance,false,false,1,0,completed,17,false,NOT_SCHEDULED
a650f0d9-ea74-4259-a7f2-ef3ba4eda593,2025-12-30,6f168c2c-529c-4ec8-9932-90d1b493cf87,Meal preparation,Nutrition,false,false,1,0,completed,5,false,NOT_SCHEDULED
9a8e7b9a-149c-446b-a920-59411dda46ab,2025-12-31,6f168c2c-529c-4ec8-9932-90d1b493cf87,Exercise,Health,false,false,30,0,minutes,6,false,NOT_SCHEDULED
fbcccd6a-3661-4752-a82b-f56330663b7e,2025-12-31,6f168c2c-529c-4ec8-9932-90d1b493cf87,Reading,Learning,true,true,25,38,minutes,3,false,COMPLIANT
1baf9275-3d67-4a13-a73f-6b1e948a37f6,2025-12-31,6f168c2c-529c-4ec8-9932-90d1b493cf87,Meditation,Wellbeing,true,false,10,0,minutes,0,false,NON_COMPLIANT
cfcc4ae8-4c7b-44db-ad13-a87a3eeff094,2025-12-31,6f168c2c-529c-4ec8-9932-90d1b493cf87,Sleep before 11 pm,Recovery,true,true,1,1,completed,1,false,COMPLIANT
9497c54f-8fdc-4ee5-ae9f-dbdcd4ab3512,2025-12-31,6f168c2c-529c-4ec8-9932-90d1b493cf87,Budget review,Finance,false,false,1,0,completed,17,false,NOT_SCHEDULED
8c33e5bf-0622-4f55-adf3-12570435b026,2025-12-31,6f168c2c-529c-4ec8-9932-90d1b493cf87,Meal preparation,Nutrition,true,true,1,1,completed,6,false,COMPLIANT
37145a7e-f6ca-4e42-a511-c52e0e8012e2,2026-01-01,6f168c2c-529c-4ec8-9932-90d1b493cf87,Exercise,Health,true,true,30,31,minutes,7,false,COMPLIANT
3630efdc-6cc6-42df-ad24-3761d5fd868d,2026-01-01,6f168c2c-529c-4ec8-9932-90d1b493cf87,Reading,Learning,true,false,25,0,minutes,0,false,NON_COMPLIANT
08dc8f8d-173e-4e44-a85b-0d3877a28546,2026-01-01,6f168c2c-529c-4ec8-9932-90d1b493cf87,Meditation,Wellbeing,true,false,10,0,minutes,0,false,NON_COMPLIANT
ca91271c-57ee-4f44-a359-5fab4d856e67,2026-01-01,6f168c2c-529c-4ec8-9932-90d1b493cf87,Sleep before 11 pm,Recovery,true,true,1,1,completed,2,false,COMPLIANT
0f71cd6f-0473-4959-a97f-aeee89ca3d83,2026-01-01,6f168c2c-529c-4ec8-9932-90d1b493cf87,Budget review,Finance,false,false,1,0,completed,17,false,NOT_SCHEDULED
051a7c87-40f4-4c4a-a880-eb7bb8d20db7,2026-01-01,6f168c2c-529c-4ec8-9932-90d1b493cf87,Meal preparation,Nutrition,false,false,1,0,completed,6,false,NOT_SCHEDULED
8aa8927a-dc41-4e22-ab9a-2e5c426c0f37,2026-01-02,6f168c2c-529c-4ec8-9932-90d1b493cf87,Exercise,Health,true,true,30,32,minutes,8,false,COMPLIANT
160eb5bf-9c41-4f1b-ad22-1fb28e3c4b15,2026-01-02,6f168c2c-529c-4ec8-9932-90d1b493cf87,Reading,Learning,true,true,25,26,minutes,1,false,COMPLIANT
4dc91044-8db2-4ca7-aa11-f551f33c6f59,2026-01-02,6f168c2c-529c-4ec8-9932-90d1b493cf87,Meditation,Wellbeing,true,false,10,0,minutes,0,false,NON_COMPLIANT
7621afdf-6ad4-426c-ad82-0b13bfa2a288,2026-01-02,6f168c2c-529c-4ec8-9932-90d1b493cf87,Sleep before 11 pm,Recovery,true,true,1,1,completed,3,false,COMPLIANT
6ac85b89-edc7-4f85-aa9e-c31c41263a73,2026-01-02,6f168c2c-529c-4ec8-9932-90d1b493cf87,Budget review,Finance,false,false,1,0,completed,17,false,NOT_SCHEDULED
28f402df-8d30-48b2-a5f3-15171b5d4acf,2026-01-02,6f168c2c-529c-4ec8-9932-90d1b493cf87,Meal preparation,Nutrition,false,false,1,0,completed,6,false,NOT_SCHEDULED
edc52a80-c27f-4e49-a641-27c673307109,2026-01-03,6f168c2c-529c-4ec8-9932-90d1b493cf87,Exercise,Health,true,true,30,40,minutes,9,false,COMPLIANT
b34c5549-8c55-4b52-a80c-611088b53908,2026-01-03,6f168c2c-529c-4ec8-9932-90d1b493cf87,Reading,Learning,true,true,25,32,minutes,2,false,COMPLIANT
3728ea77-0494-4c1c-ab37-6b422d186ca4,2026-01-03,6f168c2c-529c-4ec8-9932-90d1b493cf87,Meditation,Wellbeing,true,false,10,0,minutes,0,false,NON_COMPLIANT
68d9c106-1eac-4674-a88d-b571034a06ab,2026-01-03,6f168c2c-529c-4ec8-9932-90d1b493cf87,Sleep before 11 pm,Recovery,true,false,1,0,completed,0,true,NON_COMPLIANT
08c1a33d-c052-4b9c-a4d0-92da9d4c887a,2026-01-03,6f168c2c-529c-4ec8-9932-90d1b493cf87,Budget review,Finance,false,false,1,0,completed,17,false,NOT_SCHEDULED
eb6be42b-b2d7-4bd5-a99e-2b48387e401b,2026-01-03,6f168c2c-529c-4ec8-9932-90d1b493cf87,Meal preparation,Nutrition,false,false,1,0,completed,6,false,NOT_SCHEDULED
20f98d24-40fe-4a53-a9b0-1a53faa569d5,2026-01-04,6f168c2c-529c-4ec8-9932-90d1b493cf87,Exercise,Health,false,false,30,0,minutes,9,false,NOT_SCHEDULED
798bbb53-9e85-4810-ac0c-aa2141b43358,2026-01-04,6f168c2c-529c-4ec8-9932-90d1b493cf87,Reading,Learning,true,true,25,36,minutes,3,false,COMPLIANT
43f49817-5d53-42ca-abcd-1a58491020b5,2026-01-04,6f168c2c-529c-4ec8-9932-90d1b493cf87,Meditation,Wellbeing,true,false,10,0,minutes,0,false,NON_COMPLIANT
5b3b9b75-1f50-4ae1-a54c-6beeefd7c2eb,2026-01-04,6f168c2c-529c-4ec8-9932-90d1b493cf87,Sleep before 11 pm,Recovery,true,true,1,1,completed,1,false,COMPLIANT
6aa3f3d4-7ef7-4f1e-a4a0-7c9fe326aa25,2026-01-04,6f168c2c-529c-4ec8-9932-90d1b493cf87,Budget review,Finance,true,true,1,1,completed,18,false,COMPLIANT
9f0be065-73e4-4180-a5c0-e6ebb98c2dcd,2026-01-04,6f168c2c-529c-4ec8-9932-90d1b493cf87,Meal preparation,Nutrition,true,false,1,0,completed,0,false,NON_COMPLIANT
63f7ed35-8941-4042-a13a-36ef71684b66,2026-01-05,6f168c2c-529c-4ec8-9932-90d1b493cf87,Exercise,Health,true,true,30,48,minutes,10,false,COMPLIANT
9c53d73a-dbce-415a-ab34-55a6a942b412,2026-01-05,6f168c2c-529c-4ec8-9932-90d1b493cf87,Reading,Learning,true,true,25,30,minutes,4,false,COMPLIANT
8e354181-27e1-475d-aa2c-58f0eea82a77,2026-01-05,6f168c2c-529c-4ec8-9932-90d1b493cf87,Meditation,Wellbeing,true,true,10,13,minutes,1,false,COMPLIANT
4f4f037c-cd61-4348-a3ad-845ed39fdd79,2026-01-05,6f168c2c-529c-4ec8-9932-90d1b493cf87,Sleep before 11 pm,Recovery,true,false,1,0,completed,0,true,NON_COMPLIANT
1e2aba5c-8c6d-40d8-a99e-b64260e224d3,2026-01-05,6f168c2c-529c-4ec8-9932-90d1b493cf87,Budget review,Finance,false,false,1,0,completed,18,false,NOT_SCHEDULED
0bbb75db-c96c-45bc-ab92-d5afe8b4fda2,2026-01-05,6f168c2c-529c-4ec8-9932-90d1b493cf87,Meal preparation,Nutrition,false,false,1,0,completed,0,false,NOT_SCHEDULED
f923c2ad-051d-4cc3-a096-9fb110377bee,2026-01-06,6f168c2c-529c-4ec8-9932-90d1b493cf87,Exercise,Health,true,true,30,28,minutes,11,false,COMPLIANT
243ea691-08c5-43b9-aa3a-01770c2eb360,2026-01-06,6f168c2c-529c-4ec8-9932-90d1b493cf87,Reading,Learning,true,true,25,37,minutes,5,false,COMPLIANT
7fcf8827-224d-4e4f-a69c-66ed5f3adf76,2026-01-06,6f168c2c-529c-4ec8-9932-90d1b493cf87,Meditation,Wellbeing,true,true,10,11,minutes,2,false,COMPLIANT
59797bd5-61c2-4ada-a231-1e3eb0722fc3,2026-01-06,6f168c2c-529c-4ec8-9932-90d1b493cf87,Sleep before 11 pm,Recovery,true,true,1,1,completed,1,false,COMPLIANT
b7ebbb68-47aa-43c6-a6a1-35ce3c098b57,2026-01-06,6f168c2c-529c-4ec8-9932-90d1b493cf87,Budget review,Finance,false,false,1,0,completed,18,false,NOT_SCHEDULED
3ec3a44d-b07c-4ff4-adce-0aa7a7c97d3c,2026-01-06,6f168c2c-529c-4ec8-9932-90d1b493cf87,Meal preparation,Nutrition,false,false,1,0,completed,0,false,NOT_SCHEDULED
8ebcc010-c9c6-43a8-a7e4-3ef514b99af6,2026-01-07,6f168c2c-529c-4ec8-9932-90d1b493cf87,Exercise,Health,false,false,30,0,minutes,11,false,NOT_SCHEDULED
d4bdf443-87b1-4261-a6dc-d60f706add2a,2026-01-07,6f168c2c-529c-4ec8-9932-90d1b493cf87,Reading,Learning,true,true,25,38,minutes,6,false,COMPLIANT
9fd94c07-6808-45ee-acd2-3920689c7c2f,2026-01-07,6f168c2c-529c-4ec8-9932-90d1b493cf87,Meditation,Wellbeing,true,true,10,11,minutes,3,false,COMPLIANT
5f40e638-5c36-4acf-a089-b4d0d10ae170,2026-01-07,6f168c2c-529c-4ec8-9932-90d1b493cf87,Sleep before 11 pm,Recovery,true,false,1,0,completed,0,true,NON_COMPLIANT
66194320-d828-4557-a60a-6f324063a885,2026-01-07,6f168c2c-529c-4ec8-9932-90d1b493cf87,Budget review,Finance,false,false,1,0,completed,18,false,NOT_SCHEDULED
6dceaea3-6881-4ae6-a98c-5c55fcf7c1e8,2026-01-07,6f168c2c-529c-4ec8-9932-90d1b493cf87,Meal preparation,Nutrition,true,true,1,1,completed,1,false,COMPLIANT
1b487503-26b6-4ab7-a34b-2004e0fdd68e,2026-01-08,6f168c2c-529c-4ec8-9932-90d1b493cf87,Exercise,Health,true,false,30,0,minutes,0,false,NON_COMPLIANT
62c1b99d-fb70-4621-a76a-da03552d65f2,2026-01-08,6f168c2c-529c-4ec8-9932-90d1b493cf87,Reading,Learning,true,true,25,25,minutes,7,false,COMPLIANT
2a045d1a-6be6-4c2c-a9bf-2d4d526d90f4,2026-01-08,6f168c2c-529c-4ec8-9932-90d1b493cf87,Meditation,Wellbeing,true,true,10,15,minutes,4,false,COMPLIANT
28f7c1ae-bc63-41a2-ab0b-3cab53dd744d,2026-01-08,6f168c2c-529c-4ec8-9932-90d1b493cf87,Sleep before 11 pm,Recovery,true,false,1,0,completed,0,true,NON_COMPLIANT
3e5b36a0-e5c6-46f4-a335-79e6f78f51f2,2026-01-08,6f168c2c-529c-4ec8-9932-90d1b493cf87,Budget review,Finance,false,false,1,0,completed,18,false,NOT_SCHEDULED
2aac5dc0-f047-470a-a90f-7a260a92f485,2026-01-08,6f168c2c-529c-4ec8-9932-90d1b493cf87,Meal preparation,Nutrition,false,false,1,0,completed,1,false,NOT_SCHEDULED
a2b3b4f9-075e-4b37-a2f7-6cd2135b8069,2026-01-09,6f168c2c-529c-4ec8-9932-90d1b493cf87,Exercise,Health,true,false,30,0,minutes,0,false,NON_COMPLIANT
b0724bf4-5da9-43ca-affd-a111c6d5ef4e,2026-01-09,6f168c2c-529c-4ec8-9932-90d1b493cf87,Reading,Learning,true,true,25,32,minutes,8,false,COMPLIANT
1ee9d52e-7e8f-4138-a345-6731f28003bf,2026-01-09,6f168c2c-529c-4ec8-9932-90d1b493cf87,Meditation,Wellbeing,true,false,10,0,minutes,0,false,NON_COMPLIANT
0c35b6b4-3786-48b1-a553-ef868f061b74,2026-01-09,6f168c2c-529c-4ec8-9932-90d1b493cf87,Sleep before 11 pm,Recovery,true,true,1,1,completed,1,false,COMPLIANT
43b560d1-423b-467c-a5a0-1ca57f0241ee,2026-01-09,6f168c2c-529c-4ec8-9932-90d1b493cf87,Budget review,Finance,false,false,1,0,completed,18,false,NOT_SCHEDULED
3b111ac2-5744-46f4-a045-20d078154136,2026-01-09,6f168c2c-529c-4ec8-9932-90d1b493cf87,Meal preparation,Nutrition,false,false,1,0,completed,1,false,NOT_SCHEDULED
8d569d2b-ba56-42a3-aca9-8b68cf0850b9,2026-01-10,6f168c2c-529c-4ec8-9932-90d1b493cf87,Exercise,Health,true,true,30,51,minutes,1,false,COMPLIANT
2f416f5c-de9b-4b94-a1c8-fa0caa781eea,2026-01-10,6f168c2c-529c-4ec8-9932-90d1b493cf87,Reading,Learning,true,true,25,45,minutes,9,false,COMPLIANT
f7702278-c61b-4215-a375-ae0c81234251,2026-01-10,6f168c2c-529c-4ec8-9932-90d1b493cf87,Meditation,Wellbeing,true,false,10,0,minutes,0,false,NON_COMPLIANT
332e614b-ee9c-48ac-a125-9d634de3ef27,2026-01-10,6f168c2c-529c-4ec8-9932-90d1b493cf87,Sleep before 11 pm,Recovery,true,true,1,1,completed,2,false,COMPLIANT
6fa0ae9e-3ed0-42a8-af1e-ffeb8ec65af6,2026-01-10,6f168c2c-529c-4ec8-9932-90d1b493cf87,Budget review,Finance,false,false,1,0,completed,18,false,NOT_SCHEDULED
a282f5ce-47ac-4ddd-ace7-6d4dfbd2f9a9,2026-01-10,6f168c2c-529c-4ec8-9932-90d1b493cf87,Meal preparation,Nutrition,false,false,1,0,completed,1,false,NOT_SCHEDULED
62f0eea6-216e-4fdb-a3f6-5a77d8719faf,2026-01-11,6f168c2c-529c-4ec8-9932-90d1b493cf87,Exercise,Health,false,false,30,0,minutes,1,false,NOT_SCHEDULED
7d9a33ed-67c6-499f-aa9b-1041b38969dc,2026-01-11,6f168c2c-529c-4ec8-9932-90d1b493cf87,Reading,Learning,true,true,25,44,minutes,10,false,COMPLIANT
66c252c5-7a3f-4fae-a4d3-23830a010cac,2026-01-11,6f168c2c-529c-4ec8-9932-90d1b493cf87,Meditation,Wellbeing,true,true,10,15,minutes,1,false,COMPLIANT
0b7d99f1-4cd0-41e9-a00a-aabb84be893d,2026-01-11,6f168c2c-529c-4ec8-9932-90d1b493cf87,Sleep before 11 pm,Recovery,true,true,1,1,completed,3,false,COMPLIANT
611e8279-faac-495f-a130-02e9c85c82a1,2026-01-11,6f168c2c-529c-4ec8-9932-90d1b493cf87,Budget review,Finance,true,true,1,1,completed,19,false,COMPLIANT
8d2d8950-c9d6-4e70-a75d-ddd19edbb50a,2026-01-11,6f168c2c-529c-4ec8-9932-90d1b493cf87,Meal preparation,Nutrition,true,true,1,1,completed,2,false,COMPLIANT
94f32d51-a9ec-44b0-afdf-38d16a59c274,2026-01-12,6f168c2c-529c-4ec8-9932-90d1b493cf87,Exercise,Health,true,false,30,0,minutes,0,false,NON_COMPLIANT
828beea5-a774-4026-a8cc-299181261894,2026-01-12,6f168c2c-529c-4ec8-9932-90d1b493cf87,Reading,Learning,true,false,25,0,minutes,0,false,NON_COMPLIANT
b93147e9-63d6-49fe-a8c7-493587f395ea,2026-01-12,6f168c2c-529c-4ec8-9932-90d1b493cf87,Meditation,Wellbeing,true,false,10,0,minutes,0,false,NON_COMPLIANT
82dc196b-6158-4f9c-a95c-853db110844a,2026-01-12,6f168c2c-529c-4ec8-9932-90d1b493cf87,Sleep before 11 pm,Recovery,true,true,1,1,completed,4,false,COMPLIANT
c6ea6117-e806-4694-abe1-63cc5ba0c91d,2026-01-12,6f168c2c-529c-4ec8-9932-90d1b493cf87,Budget review,Finance,false,false,1,0,completed,19,false,NOT_SCHEDULED
53afc279-7fb1-4428-aac5-3384bab01863,2026-01-12,6f168c2c-529c-4ec8-9932-90d1b493cf87,Meal preparation,Nutrition,false,false,1,0,completed,2,false,NOT_SCHEDULED
1096c611-f97c-4f3a-ab03-6f84333e3fd5,2026-01-13,6f168c2c-529c-4ec8-9932-90d1b493cf87,Exercise,Health,true,true,30,41,minutes,1,false,COMPLIANT
be7e66a6-30bf-484d-af55-70148a1d85d2,2026-01-13,6f168c2c-529c-4ec8-9932-90d1b493cf87,Reading,Learning,true,true,25,39,minutes,1,false,COMPLIANT
9253f77a-9676-49fb-adcc-3f8fccccbfbc,2026-01-13,6f168c2c-529c-4ec8-9932-90d1b493cf87,Meditation,Wellbeing,true,true,10,9,minutes,1,false,COMPLIANT
5da338d1-c3db-4c2d-a05c-983b596ed4f7,2026-01-13,6f168c2c-529c-4ec8-9932-90d1b493cf87,Sleep before 11 pm,Recovery,true,true,1,1,completed,5,false,COMPLIANT
3c22ad96-f633-4b20-a8c8-dd6ffccffd30,2026-01-13,6f168c2c-529c-4ec8-9932-90d1b493cf87,Budget review,Finance,false,false,1,0,completed,19,false,NOT_SCHEDULED
ec5e5190-4d78-4861-a027-f09f5db02cb0,2026-01-13,6f168c2c-529c-4ec8-9932-90d1b493cf87,Meal preparation,Nutrition,false,false,1,0,completed,2,false,NOT_SCHEDULED
7cfe9fe8-11ab-4deb-af0e-11d5fc99bfa6,2026-01-14,6f168c2c-529c-4ec8-9932-90d1b493cf87,Exercise,Health,false,false,30,0,minutes,1,false,NOT_SCHEDULED
10b66e48-2bb0-44d6-af86-0f0e09454e1c,2026-01-14,6f168c2c-529c-4ec8-9932-90d1b493cf87,Reading,Learning,true,false,25,0,minutes,0,false,NON_COMPLIANT
f8d57a89-3e31-45b6-ae6a-bdc781389e01,2026-01-14,6f168c2c-529c-4ec8-9932-90d1b493cf87,Meditation,Wellbeing,true,true,10,9,minutes,2,false,COMPLIANT
18e32f36-820d-40f6-a807-d12925819786,2026-01-14,6f168c2c-529c-4ec8-9932-90d1b493cf87,Sleep before 11 pm,Recovery,true,true,1,1,completed,6,false,COMPLIANT
d3962242-3bac-4f6a-a37c-1f8dcfa7d41a,2026-01-14,6f168c2c-529c-4ec8-9932-90d1b493cf87,Budget review,Finance,false,false,1,0,completed,19,false,NOT_SCHEDULED
79679ae3-0bfd-42ff-a9af-718ed7ae08c5,2026-01-14,6f168c2c-529c-4ec8-9932-90d1b493cf87,Meal preparation,Nutrition,true,true,1,1,completed,3,false,COMPLIANT
31f13e04-fdfd-4e6b-a4cb-f0048b06ec31,2026-01-15,6f168c2c-529c-4ec8-9932-90d1b493cf87,Exercise,Health,true,true,30,39,minutes,2,false,COMPLIANT
99fa7b82-3ee3-4c9a-ac99-3840326f0e79,2026-01-15,6f168c2c-529c-4ec8-9932-90d1b493cf87,Reading,Learning,true,true,25,41,minutes,1,false,COMPLIANT
1248ef2b-f6a6-472d-aea4-6e1d2d9a14c7,2026-01-15,6f168c2c-529c-4ec8-9932-90d1b493cf87,Meditation,Wellbeing,true,false,10,0,minutes,0,false,NON_COMPLIANT
3b1fb907-da2a-468a-a244-f94ea4e2cbb4,2026-01-15,6f168c2c-529c-4ec8-9932-90d1b493cf87,Sleep before 11 pm,Recovery,true,false,1,0,completed,0,true,NON_COMPLIANT
8d99ac31-8a78-478e-ab3c-bf8d66bbbddf,2026-01-15,6f168c2c-529c-4ec8-9932-90d1b493cf87,Budget review,Finance,false,false,1,0,completed,19,false,NOT_SCHEDULED
06cddfd6-b35e-4db1-a527-e60f4391614f,2026-01-15,6f168c2c-529c-4ec8-9932-90d1b493cf87,Meal preparation,Nutrition,false,false,1,0,completed,3,false,NOT_SCHEDULED
c8a437d7-5452-4b1c-a86b-bf31c46e16c5,2026-01-16,6f168c2c-529c-4ec8-9932-90d1b493cf87,Exercise,Health,true,true,30,35,minutes,3,false,COMPLIANT
0a8044fd-30e8-4159-acf6-ca9de5cd9f54,2026-01-16,6f168c2c-529c-4ec8-9932-90d1b493cf87,Reading,Learning,true,false,25,0,minutes,0,false,NON_COMPLIANT
9dbecc32-9645-4645-a82b-c6846f7c5d13,2026-01-16,6f168c2c-529c-4ec8-9932-90d1b493cf87,Meditation,Wellbeing,true,true,10,10,minutes,1,false,COMPLIANT
fa6e2210-8238-4569-a96b-a86d714b5073,2026-01-16,6f168c2c-529c-4ec8-9932-90d1b493cf87,Sleep before 11 pm,Recovery,true,true,1,1,completed,1,false,COMPLIANT
ec1b4e0a-2da3-4c45-a0a8-742be5c4f5d6,2026-01-16,6f168c2c-529c-4ec8-9932-90d1b493cf87,Budget review,Finance,false,false,1,0,completed,19,false,NOT_SCHEDULED
b263cece-5233-4a15-a554-eeda2350db6c,2026-01-16,6f168c2c-529c-4ec8-9932-90d1b493cf87,Meal preparation,Nutrition,false,false,1,0,completed,3,false,NOT_SCHEDULED
985026b9-c4ce-4d60-a656-40c63e3ae79a,2026-01-17,6f168c2c-529c-4ec8-9932-90d1b493cf87,Exercise,Health,true,false,30,0,minutes,0,false,NON_COMPLIANT
68245d42-f759-47ed-af65-3bbd6b92e54e,2026-01-17,6f168c2c-529c-4ec8-9932-90d1b493cf87,Reading,Learning,true,true,25,45,minutes,1,false,COMPLIANT
3f0a9611-01bb-4560-a493-019415675b75,2026-01-17,6f168c2c-529c-4ec8-9932-90d1b493cf87,Meditation,Wellbeing,true,false,10,0,minutes,0,false,NON_COMPLIANT
906e9ab5-e7a3-4391-ad07-8c85166b74e8,2026-01-17,6f168c2c-529c-4ec8-9932-90d1b493cf87,Sleep before 11 pm,Recovery,true,true,1,1,completed,2,false,COMPLIANT
96c6bfa7-72aa-414a-a590-705e72d5d872,2026-01-17,6f168c2c-529c-4ec8-9932-90d1b493cf87,Budget review,Finance,false,false,1,0,completed,19,false,NOT_SCHEDULED
c3e0ce3d-2358-4f54-af1d-94d9e4232996,2026-01-17,6f168c2c-529c-4ec8-9932-90d1b493cf87,Meal preparation,Nutrition,false,false,1,0,completed,3,false,NOT_SCHEDULED
0bdf0100-2e1e-406a-ac27-907e93628820,2026-01-18,6f168c2c-529c-4ec8-9932-90d1b493cf87,Exercise,Health,false,false,30,0,minutes,0,false,NOT_SCHEDULED
ffa42eb3-d67e-4ca8-a2ae-69966ec1320c,2026-01-18,6f168c2c-529c-4ec8-9932-90d1b493cf87,Reading,Learning,true,true,25,42,minutes,2,false,COMPLIANT
3df7d9e9-5e16-4ba0-ad6e-90fb5cd2f7f5,2026-01-18,6f168c2c-529c-4ec8-9932-90d1b493cf87,Meditation,Wellbeing,true,true,10,18,minutes,1,false,COMPLIANT
539a70cd-a63d-4cac-a40f-cb25f34901a4,2026-01-18,6f168c2c-529c-4ec8-9932-90d1b493cf87,Sleep before 11 pm,Recovery,true,true,1,1,completed,3,false,COMPLIANT
cf99c28c-38ae-4f8f-a677-45c31a323329,2026-01-18,6f168c2c-529c-4ec8-9932-90d1b493cf87,Budget review,Finance,true,true,1,1,completed,20,false,COMPLIANT
cb1eb5ff-2401-40d5-ae02-5aba8676f337,2026-01-18,6f168c2c-529c-4ec8-9932-90d1b493cf87,Meal preparation,Nutrition,true,false,1,0,completed,0,false,NON_COMPLIANT
ea1fe513-6488-45ea-a8d0-db7c8b72e7c1,2026-01-19,6f168c2c-529c-4ec8-9932-90d1b493cf87,Exercise,Health,true,true,30,47,minutes,1,false,COMPLIANT
e8bcd77e-8839-40fe-aa9d-f79c8a699e6a,2026-01-19,6f168c2c-529c-4ec8-9932-90d1b493cf87,Reading,Learning,true,true,25,27,minutes,3,false,COMPLIANT
a9306418-b156-49e8-aa13-aa584f6fe70a,2026-01-19,6f168c2c-529c-4ec8-9932-90d1b493cf87,Meditation,Wellbeing,true,false,10,0,minutes,0,false,NON_COMPLIANT
3632b822-f798-49c6-a2f0-1d33f43a4999,2026-01-19,6f168c2c-529c-4ec8-9932-90d1b493cf87,Sleep before 11 pm,Recovery,true,true,1,1,completed,4,false,COMPLIANT
34d6c11e-0f05-42d3-a498-367967eddf82,2026-01-19,6f168c2c-529c-4ec8-9932-90d1b493cf87,Budget review,Finance,false,false,1,0,completed,20,false,NOT_SCHEDULED
73f3e122-1bf1-46d1-ae35-b7c5bed8fc60,2026-01-19,6f168c2c-529c-4ec8-9932-90d1b493cf87,Meal preparation,Nutrition,false,false,1,0,completed,0,false,NOT_SCHEDULED
30d5da74-9b93-487d-a449-1bcaeb833196,2026-01-20,6f168c2c-529c-4ec8-9932-90d1b493cf87,Exercise,Health,true,true,30,47,minutes,2,false,COMPLIANT
e2380903-a5b5-43a1-a61f-c9f336cbac5c,2026-01-20,6f168c2c-529c-4ec8-9932-90d1b493cf87,Reading,Learning,true,true,25,28,minutes,4,false,COMPLIANT
b87cc24f-1849-4c7e-a90d-ef65f49edd8c,2026-01-20,6f168c2c-529c-4ec8-9932-90d1b493cf87,Meditation,Wellbeing,true,false,10,0,minutes,0,false,NON_COMPLIANT
f90c19eb-daec-4c22-ada0-e52987dc8ff4,2026-01-20,6f168c2c-529c-4ec8-9932-90d1b493cf87,Sleep before 11 pm,Recovery,true,false,1,0,completed,0,true,NON_COMPLIANT
0bc7290d-edfe-48d6-a6eb-4311e2c20561,2026-01-20,6f168c2c-529c-4ec8-9932-90d1b493cf87,Budget review,Finance,false,false,1,0,completed,20,false,NOT_SCHEDULED
412d1635-80ee-4e34-a291-cc786648de62,2026-01-20,6f168c2c-529c-4ec8-9932-90d1b493cf87,Meal preparation,Nutrition,false,false,1,0,completed,0,false,NOT_SCHEDULED
5ae308bd-ebbb-4635-a390-ddcc471fbf6d,2026-01-21,6f168c2c-529c-4ec8-9932-90d1b493cf87,Exercise,Health,false,false,30,0,minutes,2,false,NOT_SCHEDULED
49cd5301-6915-4eb7-add5-faca3c6fd9d9,2026-01-21,6f168c2c-529c-4ec8-9932-90d1b493cf87,Reading,Learning,true,true,25,26,minutes,5,false,COMPLIANT
20da73c1-b3c3-4abb-a720-1f11e5757bb6,2026-01-21,6f168c2c-529c-4ec8-9932-90d1b493cf87,Meditation,Wellbeing,true,true,10,13,minutes,1,false,COMPLIANT
7d078f33-686f-440e-a0b4-950cf8dd9c3c,2026-01-21,6f168c2c-529c-4ec8-9932-90d1b493cf87,Sleep before 11 pm,Recovery,true,false,1,0,completed,0,true,NON_COMPLIANT
44834164-8027-43fd-affc-63f521eab59c,2026-01-21,6f168c2c-529c-4ec8-9932-90d1b493cf87,Budget review,Finance,false,false,1,0,completed,20,false,NOT_SCHEDULED
d1c33069-a3a8-4efe-a486-9d79fa7cea99,2026-01-21,6f168c2c-529c-4ec8-9932-90d1b493cf87,Meal preparation,Nutrition,true,false,1,0,completed,0,false,NON_COMPLIANT
350e5ad6-f751-4bd2-af25-7426b8f8172b,2026-01-22,6f168c2c-529c-4ec8-9932-90d1b493cf87,Exercise,Health,true,false,30,0,minutes,0,false,NON_COMPLIANT
2e51667d-5e56-4be5-ae12-8e0e6425ad06,2026-01-22,6f168c2c-529c-4ec8-9932-90d1b493cf87,Reading,Learning,true,true,25,26,minutes,6,false,COMPLIANT
9a2e4798-d470-4541-a8f3-5a164fdc3700,2026-01-22,6f168c2c-529c-4ec8-9932-90d1b493cf87,Meditation,Wellbeing,true,true,10,15,minutes,2,false,COMPLIANT
76346e26-e3b4-4d47-a28e-a47b8d4f351b,2026-01-22,6f168c2c-529c-4ec8-9932-90d1b493cf87,Sleep before 11 pm,Recovery,true,true,1,1,completed,1,false,COMPLIANT
ea472813-eb20-4156-ac7e-de59ab11d044,2026-01-22,6f168c2c-529c-4ec8-9932-90d1b493cf87,Budget review,Finance,false,false,1,0,completed,20,false,NOT_SCHEDULED
ac14ecad-2232-4230-a9a7-660baf89c78b,2026-01-22,6f168c2c-529c-4ec8-9932-90d1b493cf87,Meal preparation,Nutrition,false,false,1,0,completed,0,false,NOT_SCHEDULED
7b4c1823-77c6-4244-a75b-9be8db6dfd0a,2026-01-23,6f168c2c-529c-4ec8-9932-90d1b493cf87,Exercise,Health,true,true,30,49,minutes,1,false,COMPLIANT
ace2dd8b-e3eb-4822-a658-378f9a3c4fdf,2026-01-23,6f168c2c-529c-4ec8-9932-90d1b493cf87,Reading,Learning,true,true,25,28,minutes,7,false,COMPLIANT
ed3cc759-e3a7-4d3f-a82d-df98e0b8969e,2026-01-23,6f168c2c-529c-4ec8-9932-90d1b493cf87,Meditation,Wellbeing,true,false,10,0,minutes,0,false,NON_COMPLIANT
0d2213f4-3cf5-41c4-a56c-d227dabbeb5b,2026-01-23,6f168c2c-529c-4ec8-9932-90d1b493cf87,Sleep before 11 pm,Recovery,true,true,1,1,completed,2,false,COMPLIANT
8e1b5395-8488-4e88-ad10-50e48d53a8af,2026-01-23,6f168c2c-529c-4ec8-9932-90d1b493cf87,Budget review,Finance,false,false,1,0,completed,20,false,NOT_SCHEDULED
91d6c120-e141-4660-ac2e-86c114e3722d,2026-01-23,6f168c2c-529c-4ec8-9932-90d1b493cf87,Meal preparation,Nutrition,false,false,1,0,completed,0,false,NOT_SCHEDULED
a1eced70-a214-468d-a320-319409b3411a,2026-01-24,6f168c2c-529c-4ec8-9932-90d1b493cf87,Exercise,Health,true,true,30,52,minutes,2,false,COMPLIANT
8bd0b66e-1ccd-49c8-aa4b-2f8a49e7bc63,2026-01-24,6f168c2c-529c-4ec8-9932-90d1b493cf87,Reading,Learning,true,true,25,39,minutes,8,false,COMPLIANT
940271bc-26d2-43d7-ae5d-5348847e849c,2026-01-24,6f168c2c-529c-4ec8-9932-90d1b493cf87,Meditation,Wellbeing,true,true,10,14,minutes,1,false,COMPLIANT
f9bf01d8-e13a-493a-a92d-0fdcfd6a6121,2026-01-24,6f168c2c-529c-4ec8-9932-90d1b493cf87,Sleep before 11 pm,Recovery,true,false,1,0,completed,0,true,NON_COMPLIANT
8a8e4601-5570-461f-ae6c-11762ad2480e,2026-01-24,6f168c2c-529c-4ec8-9932-90d1b493cf87,Budget review,Finance,false,false,1,0,completed,20,false,NOT_SCHEDULED
648d4c93-82e5-4388-aca8-252802c2067d,2026-01-24,6f168c2c-529c-4ec8-9932-90d1b493cf87,Meal preparation,Nutrition,false,false,1,0,completed,0,false,NOT_SCHEDULED
f6d6986c-98b3-447b-ab40-577a562c724a,2026-01-25,6f168c2c-529c-4ec8-9932-90d1b493cf87,Exercise,Health,false,false,30,0,minutes,2,false,NOT_SCHEDULED
6f0c9d46-f798-406b-ae1b-7c6cc58e3dc6,2026-01-25,6f168c2c-529c-4ec8-9932-90d1b493cf87,Reading,Learning,true,true,25,27,minutes,9,false,COMPLIANT
dd87b0d1-a714-49bd-a400-d2f5ed6e54fd,2026-01-25,6f168c2c-529c-4ec8-9932-90d1b493cf87,Meditation,Wellbeing,true,true,10,12,minutes,2,false,COMPLIANT
024f1581-1aaf-4587-a131-110b28a7d580,2026-01-25,6f168c2c-529c-4ec8-9932-90d1b493cf87,Sleep before 11 pm,Recovery,true,false,1,0,completed,0,true,NON_COMPLIANT
841a8716-00a4-4560-a5e3-999df0281dd7,2026-01-25,6f168c2c-529c-4ec8-9932-90d1b493cf87,Budget review,Finance,true,true,1,1,completed,21,false,COMPLIANT
e866e77a-b5ef-4d0d-ad23-ec4075f1f72c,2026-01-25,6f168c2c-529c-4ec8-9932-90d1b493cf87,Meal preparation,Nutrition,true,true,1,1,completed,1,false,COMPLIANT
e63ba6cb-e9ac-4fe2-a49d-ead3d9e00cc9,2026-01-26,6f168c2c-529c-4ec8-9932-90d1b493cf87,Exercise,Health,true,true,30,36,minutes,3,false,COMPLIANT
3dd5f18d-3c28-4b7c-a015-f54ad3f4a9ed,2026-01-26,6f168c2c-529c-4ec8-9932-90d1b493cf87,Reading,Learning,true,true,25,39,minutes,10,false,COMPLIANT
a5662156-3120-4ef3-a67c-f6b22c437d32,2026-01-26,6f168c2c-529c-4ec8-9932-90d1b493cf87,Meditation,Wellbeing,true,true,10,9,minutes,3,false,COMPLIANT
44a6b5a4-2b0d-405e-aa6b-b6f7fb2da92d,2026-01-26,6f168c2c-529c-4ec8-9932-90d1b493cf87,Sleep before 11 pm,Recovery,true,true,1,1,completed,1,false,COMPLIANT
2ab57782-2c02-4d94-aa1c-f62bea30bd18,2026-01-26,6f168c2c-529c-4ec8-9932-90d1b493cf87,Budget review,Finance,false,false,1,0,completed,21,false,NOT_SCHEDULED
3d2c31e8-0cf4-4442-a943-6e42e391bac9,2026-01-26,6f168c2c-529c-4ec8-9932-90d1b493cf87,Meal preparation,Nutrition,false,false,1,0,completed,1,false,NOT_SCHEDULED
3b357b17-007b-4a61-adf4-962ab8ef247a,2026-01-27,6f168c2c-529c-4ec8-9932-90d1b493cf87,Exercise,Health,true,false,30,0,minutes,0,false,NON_COMPLIANT
d1deda58-6221-4893-a8c3-b81c41a79160,2026-01-27,6f168c2c-529c-4ec8-9932-90d1b493cf87,Reading,Learning,true,false,25,0,minutes,0,false,NON_COMPLIANT
459317cc-59b5-4bd9-a166-bc55254815e6,2026-01-27,6f168c2c-529c-4ec8-9932-90d1b493cf87,Meditation,Wellbeing,true,true,10,16,minutes,4,false,COMPLIANT
826ffd45-71ec-4d76-aad9-11931d6dd2a8,2026-01-27,6f168c2c-529c-4ec8-9932-90d1b493cf87,Sleep before 11 pm,Recovery,true,true,1,1,completed,2,false,COMPLIANT
86d38c16-e44d-4211-ac90-4c9bd599c112,2026-01-27,6f168c2c-529c-4ec8-9932-90d1b493cf87,Budget review,Finance,false,false,1,0,completed,21,false,NOT_SCHEDULED
f83fbc79-b58d-47bb-afa7-0605273138bd,2026-01-27,6f168c2c-529c-4ec8-9932-90d1b493cf87,Meal preparation,Nutrition,false,false,1,0,completed,1,false,NOT_SCHEDULED
ef464122-cacb-4b8e-a1ff-3c03f95cae2f,2026-01-28,6f168c2c-529c-4ec8-9932-90d1b493cf87,Exercise,Health,false,false,30,0,minutes,0,false,NOT_SCHEDULED
7c5f4730-99e9-49ac-aea0-5653adf1efe6,2026-01-28,6f168c2c-529c-4ec8-9932-90d1b493cf87,Reading,Learning,true,true,25,32,minutes,1,false,COMPLIANT
7cc01c23-85ad-4a1f-ae2d-f56d0c3c2727,2026-01-28,6f168c2c-529c-4ec8-9932-90d1b493cf87,Meditation,Wellbeing,true,false,10,0,minutes,0,false,NON_COMPLIANT
9c3129c8-5ddd-4a91-a390-9a0e91f3941f,2026-01-28,6f168c2c-529c-4ec8-9932-90d1b493cf87,Sleep before 11 pm,Recovery,true,true,1,1,completed,3,false,COMPLIANT
ed3e9762-7db5-4902-af61-e2f13284cfb7,2026-01-28,6f168c2c-529c-4ec8-9932-90d1b493cf87,Budget review,Finance,false,false,1,0,completed,21,false,NOT_SCHEDULED
4b24f90e-c1ba-4394-a401-39b90c2542b0,2026-01-28,6f168c2c-529c-4ec8-9932-90d1b493cf87,Meal preparation,Nutrition,true,false,1,0,completed,0,false,NON_COMPLIANT
815f108b-65c4-4d33-a46b-394ff028c0e1,2026-01-29,6f168c2c-529c-4ec8-9932-90d1b493cf87,Exercise,Health,true,true,30,27,minutes,1,false,COMPLIANT
4660658d-dc50-4bf3-a0e5-0a93a0a198de,2026-01-29,6f168c2c-529c-4ec8-9932-90d1b493cf87,Reading,Learning,true,true,25,23,minutes,2,false,COMPLIANT
4694c97b-5574-4490-a095-9bb49e32b24b,2026-01-29,6f168c2c-529c-4ec8-9932-90d1b493cf87,Meditation,Wellbeing,true,true,10,13,minutes,1,false,COMPLIANT
24744619-5bf0-4576-a699-ea04f20d71bc,2026-01-29,6f168c2c-529c-4ec8-9932-90d1b493cf87,Sleep before 11 pm,Recovery,true,false,1,0,completed,0,true,NON_COMPLIANT
47175019-645f-4b97-af42-c73df105b290,2026-01-29,6f168c2c-529c-4ec8-9932-90d1b493cf87,Budget review,Finance,false,false,1,0,completed,21,false,NOT_SCHEDULED
39a0d1d9-3f62-4aa2-a86c-a3c8967d0fec,2026-01-29,6f168c2c-529c-4ec8-9932-90d1b493cf87,Meal preparation,Nutrition,false,false,1,0,completed,0,false,NOT_SCHEDULED
8d213878-b23c-42b4-ac99-644b55bb9070,2026-01-30,6f168c2c-529c-4ec8-9932-90d1b493cf87,Exercise,Health,true,true,30,36,minutes,2,false,COMPLIANT
b5274b03-34b6-4769-a700-89281dc7d6c3,2026-01-30,6f168c2c-529c-4ec8-9932-90d1b493cf87,Reading,Learning,true,true,25,34,minutes,3,false,COMPLIANT
5a881f1a-d0f5-47c1-a7fd-e057aba151a1,2026-01-30,6f168c2c-529c-4ec8-9932-90d1b493cf87,Meditation,Wellbeing,true,true,10,12,minutes,2,false,COMPLIANT
a7daa85a-ecad-4b30-a50c-5eb3e62361c0,2026-01-30,6f168c2c-529c-4ec8-9932-90d1b493cf87,Sleep before 11 pm,Recovery,true,true,1,1,completed,1,false,COMPLIANT
2eb435d3-608e-4427-ac6d-dccd576dadb5,2026-01-30,6f168c2c-529c-4ec8-9932-90d1b493cf87,Budget review,Finance,false,false,1,0,completed,21,false,NOT_SCHEDULED
f3cab334-e027-48e2-a0ce-61c142096849,2026-01-30,6f168c2c-529c-4ec8-9932-90d1b493cf87,Meal preparation,Nutrition,false,false,1,0,completed,0,false,NOT_SCHEDULED
8efa1925-bce5-4bb0-a76b-8fbfe553e086,2026-01-31,6f168c2c-529c-4ec8-9932-90d1b493cf87,Exercise,Health,true,false,30,0,minutes,0,false,NON_COMPLIANT
b44ea4a6-fa0e-4cf1-ab32-cadfa6914a26,2026-01-31,6f168c2c-529c-4ec8-9932-90d1b493cf87,Reading,Learning,true,true,25,23,minutes,4,false,COMPLIANT
ded9c5aa-4cea-4b7b-aa8e-258e0de01271,2026-01-31,6f168c2c-529c-4ec8-9932-90d1b493cf87,Meditation,Wellbeing,true,true,10,10,minutes,3,false,COMPLIANT
55ee2d02-1a19-49c5-a3bd-760a59f9b4da,2026-01-31,6f168c2c-529c-4ec8-9932-90d1b493cf87,Sleep before 11 pm,Recovery,true,false,1,0,completed,0,true,NON_COMPLIANT
2cb69b28-45ab-408b-abaa-317038b92c5e,2026-01-31,6f168c2c-529c-4ec8-9932-90d1b493cf87,Budget review,Finance,false,false,1,0,completed,21,false,NOT_SCHEDULED
2e262123-a7d1-4dfd-a692-bbf1bf670556,2026-01-31,6f168c2c-529c-4ec8-9932-90d1b493cf87,Meal preparation,Nutrition,false,false,1,0,completed,0,false,NOT_SCHEDULED
11eaf0c3-04f7-429b-a0a4-d3f5431d9630,2026-02-01,6f168c2c-529c-4ec8-9932-90d1b493cf87,Exercise,Health,false,false,30,0,minutes,0,false,NOT_SCHEDULED
85e8b099-1859-416c-a8da-6df19327503a,2026-02-01,6f168c2c-529c-4ec8-9932-90d1b493cf87,Reading,Learning,true,false,25,0,minutes,0,false,NON_COMPLIANT
52c637e5-a6cd-407c-aaf0-c9acf113f81c,2026-02-01,6f168c2c-529c-4ec8-9932-90d1b493cf87,Meditation,Wellbeing,true,false,10,0,minutes,0,false,NON_COMPLIANT
e2ca08ee-95e8-402f-a5e2-358588ead3d2,2026-02-01,6f168c2c-529c-4ec8-9932-90d1b493cf87,Sleep before 11 pm,Recovery,true,true,1,1,completed,1,false,COMPLIANT
8d2ed08d-3c46-42c5-a38a-4b0513fbe3eb,2026-02-01,6f168c2c-529c-4ec8-9932-90d1b493cf87,Budget review,Finance,true,true,1,1,completed,22,false,COMPLIANT
0a774f19-be44-446b-aadc-5cd789c18acf,2026-02-01,6f168c2c-529c-4ec8-9932-90d1b493cf87,Meal preparation,Nutrition,true,true,1,1,completed,1,false,COMPLIANT
5ebe58f4-8a29-4ca0-ac89-70e7be9cd8e0,2026-02-02,6f168c2c-529c-4ec8-9932-90d1b493cf87,Exercise,Health,true,true,30,40,minutes,1,false,COMPLIANT
8754648c-6aec-4814-ab98-69a2fefd9453,2026-02-02,6f168c2c-529c-4ec8-9932-90d1b493cf87,Reading,Learning,true,true,25,33,minutes,1,false,COMPLIANT
af9b67e6-ff5b-4d14-af76-83ba37dae606,2026-02-02,6f168c2c-529c-4ec8-9932-90d1b493cf87,Meditation,Wellbeing,true,false,10,0,minutes,0,false,NON_COMPLIANT
056ccff8-3b6b-411e-a77a-b2cdc84a5464,2026-02-02,6f168c2c-529c-4ec8-9932-90d1b493cf87,Sleep before 11 pm,Recovery,true,true,1,1,completed,2,false,COMPLIANT
bd652d28-31c0-4b52-a01a-81bf74eb4031,2026-02-02,6f168c2c-529c-4ec8-9932-90d1b493cf87,Budget review,Finance,false,false,1,0,completed,22,false,NOT_SCHEDULED
1e4737c5-c76f-4c74-a26d-43aad6994070,2026-02-02,6f168c2c-529c-4ec8-9932-90d1b493cf87,Meal preparation,Nutrition,false,false,1,0,completed,1,false,NOT_SCHEDULED
584bd208-74e9-4b0c-ac95-47be2efba7ee,2026-02-03,6f168c2c-529c-4ec8-9932-90d1b493cf87,Exercise,Health,true,true,30,36,minutes,2,false,COMPLIANT
765f0c98-2228-4c46-a655-61f8c924a6a2,2026-02-03,6f168c2c-529c-4ec8-9932-90d1b493cf87,Reading,Learning,true,true,25,41,minutes,2,false,COMPLIANT
0391d2bd-3ebc-4886-a5be-1751017f2a35,2026-02-03,6f168c2c-529c-4ec8-9932-90d1b493cf87,Meditation,Wellbeing,true,false,10,0,minutes,0,false,NON_COMPLIANT
b5daef4d-b3a1-416d-ad56-2de54fec1787,2026-02-03,6f168c2c-529c-4ec8-9932-90d1b493cf87,Sleep before 11 pm,Recovery,true,true,1,1,completed,3,false,COMPLIANT
6f311c0c-6d4c-405d-ad93-d7ec9df1160c,2026-02-03,6f168c2c-529c-4ec8-9932-90d1b493cf87,Budget review,Finance,false,false,1,0,completed,22,false,NOT_SCHEDULED
c49f0203-f291-4638-a262-6d90994cfaa9,2026-02-03,6f168c2c-529c-4ec8-9932-90d1b493cf87,Meal preparation,Nutrition,false,false,1,0,completed,1,false,NOT_SCHEDULED
8a6e2823-29dd-4b31-ab16-ceec0cb34725,2026-02-04,6f168c2c-529c-4ec8-9932-90d1b493cf87,Exercise,Health,false,false,30,0,minutes,2,false,NOT_SCHEDULED
011990d7-e47f-4939-ab42-e280ada670b8,2026-02-04,6f168c2c-529c-4ec8-9932-90d1b493cf87,Reading,Learning,true,true,25,31,minutes,3,false,COMPLIANT
6711a143-6144-46fb-aea0-5020b4cc99b2,2026-02-04,6f168c2c-529c-4ec8-9932-90d1b493cf87,Meditation,Wellbeing,true,false,10,0,minutes,0,false,NON_COMPLIANT
781ba712-c197-4091-a252-c3db4c46c31b,2026-02-04,6f168c2c-529c-4ec8-9932-90d1b493cf87,Sleep before 11 pm,Recovery,true,true,1,1,completed,4,false,COMPLIANT
e88cea2e-acc5-4489-a85a-a6cc71e51292,2026-02-04,6f168c2c-529c-4ec8-9932-90d1b493cf87,Budget review,Finance,false,false,1,0,completed,22,false,NOT_SCHEDULED
bdc5e2c7-b868-4fac-a9f3-6fe4749dfd4c,2026-02-04,6f168c2c-529c-4ec8-9932-90d1b493cf87,Meal preparation,Nutrition,true,true,1,1,completed,2,false,COMPLIANT
4b068edb-46f3-48b5-a3f1-f27324ab733f,2026-02-05,6f168c2c-529c-4ec8-9932-90d1b493cf87,Exercise,Health,true,true,30,46,minutes,3,false,COMPLIANT
cd4ebd64-2f85-484b-aa4e-c6ef775055c0,2026-02-05,6f168c2c-529c-4ec8-9932-90d1b493cf87,Reading,Learning,true,true,25,41,minutes,4,false,COMPLIANT
c48d9035-f3c6-4dd8-aea4-34f07d722e5e,2026-02-05,6f168c2c-529c-4ec8-9932-90d1b493cf87,Meditation,Wellbeing,true,true,10,16,minutes,1,false,COMPLIANT
4e07e74e-ca68-4b8d-abda-7f351dd2559a,2026-02-05,6f168c2c-529c-4ec8-9932-90d1b493cf87,Sleep before 11 pm,Recovery,true,false,1,0,completed,0,true,NON_COMPLIANT
5b4eec15-96c3-419d-a981-bb829969fcb0,2026-02-05,6f168c2c-529c-4ec8-9932-90d1b493cf87,Budget review,Finance,false,false,1,0,completed,22,false,NOT_SCHEDULED
dd645b3e-c2e1-44f9-a86b-40026ac99779,2026-02-05,6f168c2c-529c-4ec8-9932-90d1b493cf87,Meal preparation,Nutrition,false,false,1,0,completed,2,false,NOT_SCHEDULED
e1e516d9-e4f4-49b4-a141-1fbea0d326a7,2026-02-06,6f168c2c-529c-4ec8-9932-90d1b493cf87,Exercise,Health,true,true,30,44,minutes,4,false,COMPLIANT
8ad20165-f18b-4e25-a104-5cf3834cf6a7,2026-02-06,6f168c2c-529c-4ec8-9932-90d1b493cf87,Reading,Learning,true,true,25,40,minutes,5,false,COMPLIANT
d1c8b56e-b914-4e47-a33a-9bd68a97b828,2026-02-06,6f168c2c-529c-4ec8-9932-90d1b493cf87,Meditation,Wellbeing,true,true,10,13,minutes,2,false,COMPLIANT
e4260df4-dd5c-4f57-a76d-247f808cda97,2026-02-06,6f168c2c-529c-4ec8-9932-90d1b493cf87,Sleep before 11 pm,Recovery,true,false,1,0,completed,0,true,NON_COMPLIANT
b10441d9-9e2d-4b0e-ad86-0f47dc0c6b10,2026-02-06,6f168c2c-529c-4ec8-9932-90d1b493cf87,Budget review,Finance,false,false,1,0,completed,22,false,NOT_SCHEDULED
35c480ba-2c72-4166-a388-6f5fa19cda97,2026-02-06,6f168c2c-529c-4ec8-9932-90d1b493cf87,Meal preparation,Nutrition,false,false,1,0,completed,2,false,NOT_SCHEDULED
55607a0e-203e-4449-a298-0cecbd9e8976,2026-02-07,6f168c2c-529c-4ec8-9932-90d1b493cf87,Exercise,Health,true,false,30,0,minutes,0,false,NON_COMPLIANT
1b5492cd-3618-41df-afbf-619f0ffbf0c8,2026-02-07,6f168c2c-529c-4ec8-9932-90d1b493cf87,Reading,Learning,true,true,25,24,minutes,6,false,COMPLIANT
f36426da-d9a6-49f7-a055-cf60257590c0,2026-02-07,6f168c2c-529c-4ec8-9932-90d1b493cf87,Meditation,Wellbeing,true,true,10,9,minutes,3,false,COMPLIANT
69c9b899-144a-4b0c-aabd-97c58501331d,2026-02-07,6f168c2c-529c-4ec8-9932-90d1b493cf87,Sleep before 11 pm,Recovery,true,false,1,0,completed,0,true,NON_COMPLIANT
79314fe1-3a1f-4ae3-a042-bb0e5ad20bbe,2026-02-07,6f168c2c-529c-4ec8-9932-90d1b493cf87,Budget review,Finance,false,false,1,0,completed,22,false,NOT_SCHEDULED
8cb9208d-02b7-481a-a0d3-bad46f5cc319,2026-02-07,6f168c2c-529c-4ec8-9932-90d1b493cf87,Meal preparation,Nutrition,false,false,1,0,completed,2,false,NOT_SCHEDULED
4189bcfb-9ec7-4e36-a232-5d28db269473,2026-02-08,6f168c2c-529c-4ec8-9932-90d1b493cf87,Exercise,Health,false,false,30,0,minutes,0,false,NOT_SCHEDULED
8e06f352-e5fd-4ea4-aced-9feecf5bbe65,2026-02-08,6f168c2c-529c-4ec8-9932-90d1b493cf87,Reading,Learning,true,true,25,45,minutes,7,false,COMPLIANT
354673f7-6e0a-4e18-ac51-43063922317a,2026-02-08,6f168c2c-529c-4ec8-9932-90d1b493cf87,Meditation,Wellbeing,true,false,10,0,minutes,0,false,NON_COMPLIANT
202013a5-fa6d-4593-a68b-8f73e64f2e43,2026-02-08,6f168c2c-529c-4ec8-9932-90d1b493cf87,Sleep before 11 pm,Recovery,true,false,1,0,completed,0,true,NON_COMPLIANT
380300b1-06da-4f6f-ae0a-498452119663,2026-02-08,6f168c2c-529c-4ec8-9932-90d1b493cf87,Budget review,Finance,true,true,1,1,completed,23,false,COMPLIANT
e277c6fe-f660-4a51-a7b8-ec13b17dfc81,2026-02-08,6f168c2c-529c-4ec8-9932-90d1b493cf87,Meal preparation,Nutrition,true,true,1,1,completed,3,false,COMPLIANT
059445df-dbb8-4b0a-a52e-51ea6cb144bb,2026-02-09,6f168c2c-529c-4ec8-9932-90d1b493cf87,Exercise,Health,true,false,30,0,minutes,0,false,NON_COMPLIANT
9fa9419a-3b67-428b-a2f2-ed45939461a7,2026-02-09,6f168c2c-529c-4ec8-9932-90d1b493cf87,Reading,Learning,true,false,25,0,minutes,0,false,NON_COMPLIANT
fc4e6112-24b4-4f1c-a3fa-c9c7d77feed0,2026-02-09,6f168c2c-529c-4ec8-9932-90d1b493cf87,Meditation,Wellbeing,true,true,10,18,minutes,1,false,COMPLIANT
d331242e-80ca-41c6-a3f3-4418ba4d3adb,2026-02-09,6f168c2c-529c-4ec8-9932-90d1b493cf87,Sleep before 11 pm,Recovery,true,false,1,0,completed,0,true,NON_COMPLIANT
a726b80a-c1bd-405d-a501-c3089732942f,2026-02-09,6f168c2c-529c-4ec8-9932-90d1b493cf87,Budget review,Finance,false,false,1,0,completed,23,false,NOT_SCHEDULED
8cd8cbc5-71c6-4208-a116-5e9a9832a5dd,2026-02-09,6f168c2c-529c-4ec8-9932-90d1b493cf87,Meal preparation,Nutrition,false,false,1,0,completed,3,false,NOT_SCHEDULED
c9bff86b-c9ac-481e-a025-f8f1b21f9be6,2026-02-10,6f168c2c-529c-4ec8-9932-90d1b493cf87,Exercise,Health,true,true,30,48,minutes,1,false,COMPLIANT
e024b673-47f6-4828-aec7-4a282f531079,2026-02-10,6f168c2c-529c-4ec8-9932-90d1b493cf87,Reading,Learning,true,true,25,24,minutes,1,false,COMPLIANT
45198d26-036b-41fd-a8c8-7e344f65cc8d,2026-02-10,6f168c2c-529c-4ec8-9932-90d1b493cf87,Meditation,Wellbeing,true,false,10,0,minutes,0,false,NON_COMPLIANT
37b36261-d8e5-4db7-a727-44fe9b12b50c,2026-02-10,6f168c2c-529c-4ec8-9932-90d1b493cf87,Sleep before 11 pm,Recovery,true,true,1,1,completed,1,false,COMPLIANT
1c883ce1-3132-4cef-a0bf-a001d26cad15,2026-02-10,6f168c2c-529c-4ec8-9932-90d1b493cf87,Budget review,Finance,false,false,1,0,completed,23,false,NOT_SCHEDULED
8f451887-bc10-4175-ac9a-b0bd72db6046,2026-02-10,6f168c2c-529c-4ec8-9932-90d1b493cf87,Meal preparation,Nutrition,false,false,1,0,completed,3,false,NOT_SCHEDULED
a03457a6-c7ed-4080-a1c3-b8749aea8fb4,2026-02-11,6f168c2c-529c-4ec8-9932-90d1b493cf87,Exercise,Health,false,false,30,0,minutes,1,false,NOT_SCHEDULED
58638aaf-b0ef-4150-a231-c32144c62d76,2026-02-11,6f168c2c-529c-4ec8-9932-90d1b493cf87,Reading,Learning,true,true,25,44,minutes,2,false,COMPLIANT
cda4a91e-4053-4a65-a419-11e6be4cc424,2026-02-11,6f168c2c-529c-4ec8-9932-90d1b493cf87,Meditation,Wellbeing,true,true,10,13,minutes,1,false,COMPLIANT
4c6a1639-9c25-4e32-ae9c-b80d5da92bcd,2026-02-11,6f168c2c-529c-4ec8-9932-90d1b493cf87,Sleep before 11 pm,Recovery,true,false,1,0,completed,0,true,NON_COMPLIANT
026bcfcc-2c72-44b1-ab91-1df99e70ffdf,2026-02-11,6f168c2c-529c-4ec8-9932-90d1b493cf87,Budget review,Finance,false,false,1,0,completed,23,false,NOT_SCHEDULED
41bf0da5-eb05-4380-a8ba-b7bfc3c7db4e,2026-02-11,6f168c2c-529c-4ec8-9932-90d1b493cf87,Meal preparation,Nutrition,true,true,1,1,completed,4,false,COMPLIANT
6daa052f-34c3-45ed-a1c6-c5c0715f72e1,2026-02-12,6f168c2c-529c-4ec8-9932-90d1b493cf87,Exercise,Health,true,false,30,0,minutes,0,false,NON_COMPLIANT
372b284a-9bc0-4ce8-a6ed-86aaf92df5ba,2026-02-12,6f168c2c-529c-4ec8-9932-90d1b493cf87,Reading,Learning,true,true,25,36,minutes,3,false,COMPLIANT
56057368-8b5a-43ab-a290-af4a94848a11,2026-02-12,6f168c2c-529c-4ec8-9932-90d1b493cf87,Meditation,Wellbeing,true,true,10,11,minutes,2,false,COMPLIANT
b8f2e75a-7b1b-46b0-a9ec-a42deba8767b,2026-02-12,6f168c2c-529c-4ec8-9932-90d1b493cf87,Sleep before 11 pm,Recovery,true,true,1,1,completed,1,false,COMPLIANT
93a1506e-161e-4871-af05-c061ddd8758f,2026-02-12,6f168c2c-529c-4ec8-9932-90d1b493cf87,Budget review,Finance,false,false,1,0,completed,23,false,NOT_SCHEDULED
92119bc3-7eca-432a-abf0-babfb8803f11,2026-02-12,6f168c2c-529c-4ec8-9932-90d1b493cf87,Meal preparation,Nutrition,false,false,1,0,completed,4,false,NOT_SCHEDULED
646e9bb0-fbcd-402b-af65-6553f784b471,2026-02-13,6f168c2c-529c-4ec8-9932-90d1b493cf87,Exercise,Health,true,true,30,40,minutes,1,false,COMPLIANT
fdb69f9d-c54a-432d-a2ef-58205e2e18d3,2026-02-13,6f168c2c-529c-4ec8-9932-90d1b493cf87,Reading,Learning,true,true,25,25,minutes,4,false,COMPLIANT
8e768d1b-2c62-4757-afcd-ff8d28b350b3,2026-02-13,6f168c2c-529c-4ec8-9932-90d1b493cf87,Meditation,Wellbeing,true,true,10,11,minutes,3,false,COMPLIANT
0149ed20-debc-4ae3-a2b7-3ec7832c481f,2026-02-13,6f168c2c-529c-4ec8-9932-90d1b493cf87,Sleep before 11 pm,Recovery,true,true,1,1,completed,2,false,COMPLIANT
881be0f3-507c-48d4-a8e9-f5eb46e5483a,2026-02-13,6f168c2c-529c-4ec8-9932-90d1b493cf87,Budget review,Finance,false,false,1,0,completed,23,false,NOT_SCHEDULED
cc2e1744-fe36-477f-a648-744e7015ee5b,2026-02-13,6f168c2c-529c-4ec8-9932-90d1b493cf87,Meal preparation,Nutrition,false,false,1,0,completed,4,false,NOT_SCHEDULED
bb1aa81f-29c9-4035-a0e0-cb3bafe91b3b,2026-02-14,6f168c2c-529c-4ec8-9932-90d1b493cf87,Exercise,Health,true,true,30,35,minutes,2,false,COMPLIANT
4fdd9baf-658f-4586-a436-eec0a68269b2,2026-02-14,6f168c2c-529c-4ec8-9932-90d1b493cf87,Reading,Learning,true,false,25,0,minutes,0,false,NON_COMPLIANT
026dc146-8415-4306-ac11-2a0bd93a52e5,2026-02-14,6f168c2c-529c-4ec8-9932-90d1b493cf87,Meditation,Wellbeing,true,true,10,18,minutes,4,false,COMPLIANT
722ddc58-fbcd-4f28-a509-99f6993b59d8,2026-02-14,6f168c2c-529c-4ec8-9932-90d1b493cf87,Sleep before 11 pm,Recovery,true,true,1,1,completed,3,false,COMPLIANT
39c9899e-7425-4720-a5dd-08beab59008e,2026-02-14,6f168c2c-529c-4ec8-9932-90d1b493cf87,Budget review,Finance,false,false,1,0,completed,23,false,NOT_SCHEDULED
a3b5dfe4-7e5a-441f-accc-f0b533811d9e,2026-02-14,6f168c2c-529c-4ec8-9932-90d1b493cf87,Meal preparation,Nutrition,false,false,1,0,completed,4,false,NOT_SCHEDULED
86b4f814-b583-45e5-aa28-4134cdec8219,2026-02-15,6f168c2c-529c-4ec8-9932-90d1b493cf87,Exercise,Health,false,false,30,0,minutes,2,false,NOT_SCHEDULED
a801686f-13a7-4fc5-a3ba-30310e4909f6,2026-02-15,6f168c2c-529c-4ec8-9932-90d1b493cf87,Reading,Learning,true,false,25,0,minutes,0,false,NON_COMPLIANT
5df88bee-f040-4ad1-a0f8-85b1aa2632a7,2026-02-15,6f168c2c-529c-4ec8-9932-90d1b493cf87,Meditation,Wellbeing,true,true,10,11,minutes,5,false,COMPLIANT
7dd9b037-9762-4b58-a8d0-aafe933f964e,2026-02-15,6f168c2c-529c-4ec8-9932-90d1b493cf87,Sleep before 11 pm,Recovery,true,true,1,1,completed,4,false,COMPLIANT
33e56cbb-33e2-4108-a201-7caebd2a90bc,2026-02-15,6f168c2c-529c-4ec8-9932-90d1b493cf87,Budget review,Finance,true,true,1,1,completed,24,false,COMPLIANT
205682f3-b497-4baf-ab12-16203afb86ec,2026-02-15,6f168c2c-529c-4ec8-9932-90d1b493cf87,Meal preparation,Nutrition,true,false,1,0,completed,0,false,NON_COMPLIANT
a0f2b13e-c8b8-4a2e-aa26-619458dee20a,2026-02-16,6f168c2c-529c-4ec8-9932-90d1b493cf87,Exercise,Health,true,true,30,53,minutes,3,false,COMPLIANT
cae89695-61d0-4ec9-a186-af9d63f36890,2026-02-16,6f168c2c-529c-4ec8-9932-90d1b493cf87,Reading,Learning,true,true,25,34,minutes,1,false,COMPLIANT
54626cc6-6bfb-43b8-aac1-3f26a08d70f5,2026-02-16,6f168c2c-529c-4ec8-9932-90d1b493cf87,Meditation,Wellbeing,true,true,10,9,minutes,6,false,COMPLIANT
404f72a0-088e-4aa5-adff-efaa6bd2c4fc,2026-02-16,6f168c2c-529c-4ec8-9932-90d1b493cf87,Sleep before 11 pm,Recovery,true,true,1,1,completed,5,false,COMPLIANT
6c1c77eb-3d81-432c-aad6-2731a9373d5c,2026-02-16,6f168c2c-529c-4ec8-9932-90d1b493cf87,Budget review,Finance,false,false,1,0,completed,24,false,NOT_SCHEDULED
81818f94-fd89-4ecf-a404-a94b24ff4d5d,2026-02-16,6f168c2c-529c-4ec8-9932-90d1b493cf87,Meal preparation,Nutrition,false,false,1,0,completed,0,false,NOT_SCHEDULED
181a53b2-ac07-4422-a323-ecd885ebf37f,2026-02-17,6f168c2c-529c-4ec8-9932-90d1b493cf87,Exercise,Health,true,true,30,45,minutes,4,false,COMPLIANT
83867e7a-8864-4613-a045-1a0116318438,2026-02-17,6f168c2c-529c-4ec8-9932-90d1b493cf87,Reading,Learning,true,true,25,29,minutes,2,false,COMPLIANT
5ce5015d-a0c7-4eb6-a3d3-a12a072ef82a,2026-02-17,6f168c2c-529c-4ec8-9932-90d1b493cf87,Meditation,Wellbeing,true,true,10,9,minutes,7,false,COMPLIANT
1078f63b-2d33-4ea8-a566-597cca884340,2026-02-17,6f168c2c-529c-4ec8-9932-90d1b493cf87,Sleep before 11 pm,Recovery,true,true,1,1,completed,6,false,COMPLIANT
ca49f3c2-af06-4a70-ab1b-51b6fd16c792,2026-02-17,6f168c2c-529c-4ec8-9932-90d1b493cf87,Budget review,Finance,false,false,1,0,completed,24,false,NOT_SCHEDULED
db94b34d-344c-4e71-a22b-3f4ff2405365,2026-02-17,6f168c2c-529c-4ec8-9932-90d1b493cf87,Meal preparation,Nutrition,false,false,1,0,completed,0,false,NOT_SCHEDULED
8da7ab63-1148-44a5-ac8c-1c909c4b40f8,2026-02-18,6f168c2c-529c-4ec8-9932-90d1b493cf87,Exercise,Health,false,false,30,0,minutes,4,false,NOT_SCHEDULED
298ee3c2-dc67-49e3-a1da-b449789b978e,2026-02-18,6f168c2c-529c-4ec8-9932-90d1b493cf87,Reading,Learning,true,true,25,38,minutes,3,false,COMPLIANT
825e4a17-d84f-4c67-a1cc-13a1472c2ea1,2026-02-18,6f168c2c-529c-4ec8-9932-90d1b493cf87,Meditation,Wellbeing,true,false,10,0,minutes,0,false,NON_COMPLIANT
812ce21f-1a9b-4b79-a47f-4daba765aeb8,2026-02-18,6f168c2c-529c-4ec8-9932-90d1b493cf87,Sleep before 11 pm,Recovery,true,true,1,1,completed,7,false,COMPLIANT
b198844c-01ff-4756-a247-ea2c1a8fed11,2026-02-18,6f168c2c-529c-4ec8-9932-90d1b493cf87,Budget review,Finance,false,false,1,0,completed,24,false,NOT_SCHEDULED
56d4c8de-fb3f-484d-af03-f49daac89dc4,2026-02-18,6f168c2c-529c-4ec8-9932-90d1b493cf87,Meal preparation,Nutrition,true,true,1,1,completed,1,false,COMPLIANT
010b4140-8bef-47b2-a28c-48748dc16d2d,2026-02-19,6f168c2c-529c-4ec8-9932-90d1b493cf87,Exercise,Health,true,true,30,32,minutes,5,false,COMPLIANT
74e29b46-6a23-484f-a01f-e9fbe2ebbc19,2026-02-19,6f168c2c-529c-4ec8-9932-90d1b493cf87,Reading,Learning,true,true,25,35,minutes,4,false,COMPLIANT
cbab5937-4d4b-4cf8-a962-93d0faeb7528,2026-02-19,6f168c2c-529c-4ec8-9932-90d1b493cf87,Meditation,Wellbeing,true,true,10,13,minutes,1,false,COMPLIANT
a88c1580-1c81-49da-a22a-0453afda058b,2026-02-19,6f168c2c-529c-4ec8-9932-90d1b493cf87,Sleep before 11 pm,Recovery,true,true,1,1,completed,8,false,COMPLIANT
384058d9-3be2-4a3c-a0c0-e04d01896723,2026-02-19,6f168c2c-529c-4ec8-9932-90d1b493cf87,Budget review,Finance,false,false,1,0,completed,24,false,NOT_SCHEDULED
02f3d4c2-5670-474e-a826-4e7ce98e16f1,2026-02-19,6f168c2c-529c-4ec8-9932-90d1b493cf87,Meal preparation,Nutrition,false,false,1,0,completed,1,false,NOT_SCHEDULED
4845b39e-283a-4b39-a743-e403c0e0af7a,2026-02-20,6f168c2c-529c-4ec8-9932-90d1b493cf87,Exercise,Health,true,true,30,53,minutes,6,false,COMPLIANT
566ddb7c-39f3-457d-a00c-87012e985d9c,2026-02-20,6f168c2c-529c-4ec8-9932-90d1b493cf87,Reading,Learning,true,false,25,0,minutes,0,false,NON_COMPLIANT
9b46bb1b-bebf-4295-a708-95c05c73687e,2026-02-20,6f168c2c-529c-4ec8-9932-90d1b493cf87,Meditation,Wellbeing,true,true,10,11,minutes,2,false,COMPLIANT
557b72d3-6993-401a-ad0f-be750cf6142a,2026-02-20,6f168c2c-529c-4ec8-9932-90d1b493cf87,Sleep before 11 pm,Recovery,true,true,1,1,completed,9,false,COMPLIANT
1c35d1e9-35dd-449f-a390-c185fd6ed967,2026-02-20,6f168c2c-529c-4ec8-9932-90d1b493cf87,Budget review,Finance,false,false,1,0,completed,24,false,NOT_SCHEDULED
d1035814-810a-442b-a19e-fe79c1b42b9e,2026-02-20,6f168c2c-529c-4ec8-9932-90d1b493cf87,Meal preparation,Nutrition,false,false,1,0,completed,1,false,NOT_SCHEDULED
56c85d02-f97a-4cb0-ae5b-640e4db39a2a,2026-02-21,6f168c2c-529c-4ec8-9932-90d1b493cf87,Exercise,Health,true,true,30,45,minutes,7,false,COMPLIANT
923abf74-3833-459b-af4a-3743cee410d5,2026-02-21,6f168c2c-529c-4ec8-9932-90d1b493cf87,Reading,Learning,true,true,25,43,minutes,1,false,COMPLIANT
cad905fe-bb27-4af8-a1ee-e1cf4eb96e55,2026-02-21,6f168c2c-529c-4ec8-9932-90d1b493cf87,Meditation,Wellbeing,true,false,10,0,minutes,0,false,NON_COMPLIANT
57ee87b6-7701-452b-a5d9-de0d6de8fb1c,2026-02-21,6f168c2c-529c-4ec8-9932-90d1b493cf87,Sleep before 11 pm,Recovery,true,true,1,1,completed,10,false,COMPLIANT
60cf1231-e388-429d-ab05-9a9f6100f806,2026-02-21,6f168c2c-529c-4ec8-9932-90d1b493cf87,Budget review,Finance,false,false,1,0,completed,24,false,NOT_SCHEDULED
61a540d8-c291-4a63-a8c0-5b6608a9c18c,2026-02-21,6f168c2c-529c-4ec8-9932-90d1b493cf87,Meal preparation,Nutrition,false,false,1,0,completed,1,false,NOT_SCHEDULED
6f1eb9e9-db88-4194-a6f5-4702a5714b60,2026-02-22,6f168c2c-529c-4ec8-9932-90d1b493cf87,Exercise,Health,false,false,30,0,minutes,7,false,NOT_SCHEDULED
d26d42d8-d2b5-48bb-a456-63743d18a4c9,2026-02-22,6f168c2c-529c-4ec8-9932-90d1b493cf87,Reading,Learning,true,true,25,41,minutes,2,false,COMPLIANT
a7afc7e7-a79e-492a-a86f-aea25db00ac6,2026-02-22,6f168c2c-529c-4ec8-9932-90d1b493cf87,Meditation,Wellbeing,true,true,10,15,minutes,1,false,COMPLIANT
8508b287-e169-4ebd-ab89-796e0c7e3762,2026-02-22,6f168c2c-529c-4ec8-9932-90d1b493cf87,Sleep before 11 pm,Recovery,true,true,1,1,completed,11,false,COMPLIANT
ee1642fd-8caa-4a26-a9e3-1c7378391b17,2026-02-22,6f168c2c-529c-4ec8-9932-90d1b493cf87,Budget review,Finance,true,true,1,1,completed,25,false,COMPLIANT
3c1fa0f4-2627-443e-a060-643ef9e5bdf7,2026-02-22,6f168c2c-529c-4ec8-9932-90d1b493cf87,Meal preparation,Nutrition,true,true,1,1,completed,2,false,COMPLIANT
6db34632-1037-4400-ae16-2ebaabfa66da,2026-02-23,6f168c2c-529c-4ec8-9932-90d1b493cf87,Exercise,Health,true,false,30,0,minutes,0,false,NON_COMPLIANT
e8af0317-1822-4377-a9d4-9de414285e8a,2026-02-23,6f168c2c-529c-4ec8-9932-90d1b493cf87,Reading,Learning,true,true,25,30,minutes,3,false,COMPLIANT
c7cc185e-0d94-4a55-aaf9-0506b9fb20e2,2026-02-23,6f168c2c-529c-4ec8-9932-90d1b493cf87,Meditation,Wellbeing,true,true,10,16,minutes,2,false,COMPLIANT
ca786e61-e464-4c3b-ac16-8927934bf738,2026-02-23,6f168c2c-529c-4ec8-9932-90d1b493cf87,Sleep before 11 pm,Recovery,true,true,1,1,completed,12,false,COMPLIANT
e7208265-6346-4431-ac03-a7e930d3de49,2026-02-23,6f168c2c-529c-4ec8-9932-90d1b493cf87,Budget review,Finance,false,false,1,0,completed,25,false,NOT_SCHEDULED
e41dfef7-e3ae-479f-acea-89338da7b25a,2026-02-23,6f168c2c-529c-4ec8-9932-90d1b493cf87,Meal preparation,Nutrition,false,false,1,0,completed,2,false,NOT_SCHEDULED
d56ca4bc-e607-4c26-a8e4-939c8d68a8f7,2026-02-24,6f168c2c-529c-4ec8-9932-90d1b493cf87,Exercise,Health,true,true,30,34,minutes,1,false,COMPLIANT
ee6a05c6-5b29-4aba-a51a-0f9f24fe2eaf,2026-02-24,6f168c2c-529c-4ec8-9932-90d1b493cf87,Reading,Learning,true,true,25,39,minutes,4,false,COMPLIANT
b043f74c-7f43-4877-a3f9-5085a0d8d9e0,2026-02-24,6f168c2c-529c-4ec8-9932-90d1b493cf87,Meditation,Wellbeing,true,true,10,15,minutes,3,false,COMPLIANT
1dc41794-bd99-455a-afb8-28b279546ef5,2026-02-24,6f168c2c-529c-4ec8-9932-90d1b493cf87,Sleep before 11 pm,Recovery,true,true,1,1,completed,13,false,COMPLIANT
fe5e4e26-4bde-45c1-a975-c4119ce4e924,2026-02-24,6f168c2c-529c-4ec8-9932-90d1b493cf87,Budget review,Finance,false,false,1,0,completed,25,false,NOT_SCHEDULED
85b8ce6b-c8c5-4296-a443-8816de9cceac,2026-02-24,6f168c2c-529c-4ec8-9932-90d1b493cf87,Meal preparation,Nutrition,false,false,1,0,completed,2,false,NOT_SCHEDULED
f38e8e0a-c899-42d9-a6cc-c15656f705bd,2026-02-25,6f168c2c-529c-4ec8-9932-90d1b493cf87,Exercise,Health,false,false,30,0,minutes,1,false,NOT_SCHEDULED
0a145ed6-0c02-4659-a72d-6d6a6f5200f3,2026-02-25,6f168c2c-529c-4ec8-9932-90d1b493cf87,Reading,Learning,true,true,25,42,minutes,5,false,COMPLIANT
3db1752c-1281-4d5e-a4b3-b10c0fa0191d,2026-02-25,6f168c2c-529c-4ec8-9932-90d1b493cf87,Meditation,Wellbeing,true,true,10,16,minutes,4,false,COMPLIANT
79e26b85-1d02-4390-a78b-c1f71d0a7915,2026-02-25,6f168c2c-529c-4ec8-9932-90d1b493cf87,Sleep before 11 pm,Recovery,true,true,1,1,completed,14,false,COMPLIANT
60a610ad-3d8d-4000-a9fc-770929baefe1,2026-02-25,6f168c2c-529c-4ec8-9932-90d1b493cf87,Budget review,Finance,false,false,1,0,completed,25,false,NOT_SCHEDULED
fb68e9a9-7003-488c-a30c-b9f71dd32b67,2026-02-25,6f168c2c-529c-4ec8-9932-90d1b493cf87,Meal preparation,Nutrition,true,true,1,1,completed,3,false,COMPLIANT
d3b591cb-076b-4300-aa65-80f946d505f9,2026-02-26,6f168c2c-529c-4ec8-9932-90d1b493cf87,Exercise,Health,true,true,30,45,minutes,2,false,COMPLIANT
becc79ac-16f0-46ce-a76f-55235d1533f6,2026-02-26,6f168c2c-529c-4ec8-9932-90d1b493cf87,Reading,Learning,true,true,25,29,minutes,6,false,COMPLIANT
30a24ef7-2fee-47a6-a3ce-6e9a6c0318de,2026-02-26,6f168c2c-529c-4ec8-9932-90d1b493cf87,Meditation,Wellbeing,true,true,10,9,minutes,5,false,COMPLIANT
f08265b4-0b56-4f4b-ad01-b54ee93fca9a,2026-02-26,6f168c2c-529c-4ec8-9932-90d1b493cf87,Sleep before 11 pm,Recovery,true,true,1,1,completed,15,false,COMPLIANT
19621135-b7f5-4e44-a53b-612928a26240,2026-02-26,6f168c2c-529c-4ec8-9932-90d1b493cf87,Budget review,Finance,false,false,1,0,completed,25,false,NOT_SCHEDULED
09c03f7b-952e-44ee-a777-cf678ca793b6,2026-02-26,6f168c2c-529c-4ec8-9932-90d1b493cf87,Meal preparation,Nutrition,false,false,1,0,completed,3,false,NOT_SCHEDULED
af5327b8-e83b-4c33-a7f5-bceefe371ce3,2026-02-27,6f168c2c-529c-4ec8-9932-90d1b493cf87,Exercise,Health,true,true,30,50,minutes,3,false,COMPLIANT
ba885b3c-13c1-49a1-ad20-5b1ce5e72a60,2026-02-27,6f168c2c-529c-4ec8-9932-90d1b493cf87,Reading,Learning,true,true,25,37,minutes,7,false,COMPLIANT
95d0e265-c2d9-48c5-af6c-71e570513789,2026-02-27,6f168c2c-529c-4ec8-9932-90d1b493cf87,Meditation,Wellbeing,true,true,10,10,minutes,6,false,COMPLIANT
26da994b-95b6-4613-ab2a-21e4deb19a20,2026-02-27,6f168c2c-529c-4ec8-9932-90d1b493cf87,Sleep before 11 pm,Recovery,true,false,1,0,completed,0,true,NON_COMPLIANT
21b59c43-0729-45d7-af79-08e3e3f2b94d,2026-02-27,6f168c2c-529c-4ec8-9932-90d1b493cf87,Budget review,Finance,false,false,1,0,completed,25,false,NOT_SCHEDULED
e8c98fb3-caa5-4c16-a44e-421c5972442d,2026-02-27,6f168c2c-529c-4ec8-9932-90d1b493cf87,Meal preparation,Nutrition,false,false,1,0,completed,3,false,NOT_SCHEDULED
e574f5e8-7277-4a30-a7d5-3aa8a836d32a,2026-02-28,6f168c2c-529c-4ec8-9932-90d1b493cf87,Exercise,Health,true,false,30,0,minutes,0,false,NON_COMPLIANT
34cb32f3-b03a-4ba4-a470-66c731ae3ff4,2026-02-28,6f168c2c-529c-4ec8-9932-90d1b493cf87,Reading,Learning,true,false,25,0,minutes,0,false,NON_COMPLIANT
6f2a156f-f371-44e4-a1ae-dbcd5f7a7543,2026-02-28,6f168c2c-529c-4ec8-9932-90d1b493cf87,Meditation,Wellbeing,true,true,10,12,minutes,7,false,COMPLIANT
284ea012-44e9-47c4-a0fb-22960b873d44,2026-02-28,6f168c2c-529c-4ec8-9932-90d1b493cf87,Sleep before 11 pm,Recovery,true,true,1,1,completed,1,false,COMPLIANT
81754f17-22bd-488a-a191-afa36dc991b9,2026-02-28,6f168c2c-529c-4ec8-9932-90d1b493cf87,Budget review,Finance,false,false,1,0,completed,25,false,NOT_SCHEDULED
2bb83039-b6ea-42fc-af26-15ea27aa8d00,2026-02-28,6f168c2c-529c-4ec8-9932-90d1b493cf87,Meal preparation,Nutrition,false,false,1,0,completed,3,false,NOT_SCHEDULED
0e0f44e1-ebd9-4bc7-a227-e91cc925c73e,2026-03-01,6f168c2c-529c-4ec8-9932-90d1b493cf87,Exercise,Health,false,false,30,0,minutes,0,false,NOT_SCHEDULED
47293912-8bd2-4410-aeb2-62dbbaa71dbc,2026-03-01,6f168c2c-529c-4ec8-9932-90d1b493cf87,Reading,Learning,true,false,25,0,minutes,0,false,NON_COMPLIANT
611ca8ff-905c-4965-ac03-47798a1f61bc,2026-03-01,6f168c2c-529c-4ec8-9932-90d1b493cf87,Meditation,Wellbeing,true,false,10,0,minutes,0,false,NON_COMPLIANT
a5e24a51-cf21-42dc-a18e-084221434dc4,2026-03-01,6f168c2c-529c-4ec8-9932-90d1b493cf87,Sleep before 11 pm,Recovery,true,false,1,0,completed,0,true,NON_COMPLIANT
26cf234f-7e26-4bd3-acb3-b37edf83ff0e,2026-03-01,6f168c2c-529c-4ec8-9932-90d1b493cf87,Budget review,Finance,true,true,1,1,completed,26,false,COMPLIANT
db4062a5-ef5b-424b-a202-50b7794e6983,2026-03-01,6f168c2c-529c-4ec8-9932-90d1b493cf87,Meal preparation,Nutrition,true,true,1,1,completed,4,false,COMPLIANT
01663523-6d3a-4cb2-aa85-00bff3889fbb,2026-03-02,6f168c2c-529c-4ec8-9932-90d1b493cf87,Exercise,Health,true,true,30,43,minutes,1,false,COMPLIANT
d384a524-9b1a-43ef-af34-e18ab30c7e31,2026-03-02,6f168c2c-529c-4ec8-9932-90d1b493cf87,Reading,Learning,true,true,25,26,minutes,1,false,COMPLIANT
251a7a54-52a3-4586-a39f-bd6e6c85f45a,2026-03-02,6f168c2c-529c-4ec8-9932-90d1b493cf87,Meditation,Wellbeing,true,true,10,17,minutes,1,false,COMPLIANT
ca33f63c-2757-497e-a215-fa1aa20c97da,2026-03-02,6f168c2c-529c-4ec8-9932-90d1b493cf87,Sleep before 11 pm,Recovery,true,true,1,1,completed,1,false,COMPLIANT
a672195d-3fb2-497c-a9d0-4c25c4dfcd0d,2026-03-02,6f168c2c-529c-4ec8-9932-90d1b493cf87,Budget review,Finance,false,false,1,0,completed,26,false,NOT_SCHEDULED
78afe81c-c843-4372-ac68-ac6a7534f4fb,2026-03-02,6f168c2c-529c-4ec8-9932-90d1b493cf87,Meal preparation,Nutrition,false,false,1,0,completed,4,false,NOT_SCHEDULED
5de14c51-8f9b-43a1-ab8d-b853f10e07e5,2026-03-03,6f168c2c-529c-4ec8-9932-90d1b493cf87,Exercise,Health,true,true,30,44,minutes,2,false,COMPLIANT
422b868f-7583-42be-a548-f6045d517453,2026-03-03,6f168c2c-529c-4ec8-9932-90d1b493cf87,Reading,Learning,true,true,25,33,minutes,2,false,COMPLIANT
3e3bd636-3819-49bb-a80b-9a16b9c64397,2026-03-03,6f168c2c-529c-4ec8-9932-90d1b493cf87,Meditation,Wellbeing,true,true,10,12,minutes,2,false,COMPLIANT
e145934c-73d0-4b92-ad21-a417b37f6969,2026-03-03,6f168c2c-529c-4ec8-9932-90d1b493cf87,Sleep before 11 pm,Recovery,true,false,1,0,completed,0,true,NON_COMPLIANT
a951f305-2b10-4a92-ac1c-11d603f6e515,2026-03-03,6f168c2c-529c-4ec8-9932-90d1b493cf87,Budget review,Finance,false,false,1,0,completed,26,false,NOT_SCHEDULED
215f33b2-ac6e-406b-ad86-fa0e5a0efdca,2026-03-03,6f168c2c-529c-4ec8-9932-90d1b493cf87,Meal preparation,Nutrition,false,false,1,0,completed,4,false,NOT_SCHEDULED
83d19efc-f202-4895-a2a4-3068c7750e19,2026-03-04,6f168c2c-529c-4ec8-9932-90d1b493cf87,Exercise,Health,false,false,30,0,minutes,2,false,NOT_SCHEDULED
bab9b091-7e65-4e4f-ab5c-753d835f0bc6,2026-03-04,6f168c2c-529c-4ec8-9932-90d1b493cf87,Reading,Learning,true,true,25,37,minutes,3,false,COMPLIANT
83548607-07ca-430b-a796-bd56bf72c7bd,2026-03-04,6f168c2c-529c-4ec8-9932-90d1b493cf87,Meditation,Wellbeing,true,true,10,13,minutes,3,false,COMPLIANT
e744784e-ba2a-4027-a753-f04a2f3d811f,2026-03-04,6f168c2c-529c-4ec8-9932-90d1b493cf87,Sleep before 11 pm,Recovery,true,true,1,1,completed,1,false,COMPLIANT
3a0126ee-9ee7-4409-a4ec-cd98d7671975,2026-03-04,6f168c2c-529c-4ec8-9932-90d1b493cf87,Budget review,Finance,false,false,1,0,completed,26,false,NOT_SCHEDULED
1954f268-d73f-4fa0-ac02-d37337b40990,2026-03-04,6f168c2c-529c-4ec8-9932-90d1b493cf87,Meal preparation,Nutrition,true,true,1,1,completed,5,false,COMPLIANT
ca2f1609-ed17-4223-abd6-4c29b4f51366,2026-03-05,6f168c2c-529c-4ec8-9932-90d1b493cf87,Exercise,Health,true,true,30,30,minutes,3,false,COMPLIANT
b33102d9-4dfc-4776-a6b2-4a695d59218c,2026-03-05,6f168c2c-529c-4ec8-9932-90d1b493cf87,Reading,Learning,true,false,25,0,minutes,0,false,NON_COMPLIANT
619f89e5-454d-48b4-af9d-a73d7f3ac1da,2026-03-05,6f168c2c-529c-4ec8-9932-90d1b493cf87,Meditation,Wellbeing,true,true,10,11,minutes,4,false,COMPLIANT
2446bf5e-283d-4a66-ae22-5a13a8c1d8c1,2026-03-05,6f168c2c-529c-4ec8-9932-90d1b493cf87,Sleep before 11 pm,Recovery,true,true,1,1,completed,2,false,COMPLIANT
7c574e0c-3b35-4a5f-aa30-43e996132929,2026-03-05,6f168c2c-529c-4ec8-9932-90d1b493cf87,Budget review,Finance,false,false,1,0,completed,26,false,NOT_SCHEDULED
1acce8a1-3d9d-433b-a479-e4efe1ceb5b5,2026-03-05,6f168c2c-529c-4ec8-9932-90d1b493cf87,Meal preparation,Nutrition,false,false,1,0,completed,5,false,NOT_SCHEDULED
c1fe98b6-8434-4714-a84a-9794606c22a3,2026-03-06,6f168c2c-529c-4ec8-9932-90d1b493cf87,Exercise,Health,true,false,30,0,minutes,0,false,NON_COMPLIANT
f8031f9b-6aca-433a-aa36-ef8f894c5b49,2026-03-06,6f168c2c-529c-4ec8-9932-90d1b493cf87,Reading,Learning,true,true,25,24,minutes,1,false,COMPLIANT
c09b3a9e-7ab3-486e-a611-ef0ff8c07c63,2026-03-06,6f168c2c-529c-4ec8-9932-90d1b493cf87,Meditation,Wellbeing,true,true,10,9,minutes,5,false,COMPLIANT
36e0baef-afa8-444c-a862-0c8fdacd8ab6,2026-03-06,6f168c2c-529c-4ec8-9932-90d1b493cf87,Sleep before 11 pm,Recovery,true,true,1,1,completed,3,false,COMPLIANT
a054eddb-cd74-4a18-a0dd-7c62b6759f90,2026-03-06,6f168c2c-529c-4ec8-9932-90d1b493cf87,Budget review,Finance,false,false,1,0,completed,26,false,NOT_SCHEDULED
bbfb47e2-84c4-4840-ade1-57f60e17a783,2026-03-06,6f168c2c-529c-4ec8-9932-90d1b493cf87,Meal preparation,Nutrition,false,false,1,0,completed,5,false,NOT_SCHEDULED
d17c4d76-ab70-439d-a63f-f441fd2ba907,2026-03-07,6f168c2c-529c-4ec8-9932-90d1b493cf87,Exercise,Health,true,true,30,42,minutes,1,false,COMPLIANT
172a2706-3086-4a99-a0ff-fac02f58e533,2026-03-07,6f168c2c-529c-4ec8-9932-90d1b493cf87,Reading,Learning,true,true,25,40,minutes,2,false,COMPLIANT
d5c9e87a-3e46-4bad-a336-1671f43fe66f,2026-03-07,6f168c2c-529c-4ec8-9932-90d1b493cf87,Meditation,Wellbeing,true,true,10,9,minutes,6,false,COMPLIANT
8b796122-6cd1-4d9e-ac09-ac430a1a9357,2026-03-07,6f168c2c-529c-4ec8-9932-90d1b493cf87,Sleep before 11 pm,Recovery,true,false,1,0,completed,0,true,NON_COMPLIANT
ef82a848-f021-4468-a271-7dfc33e7b95c,2026-03-07,6f168c2c-529c-4ec8-9932-90d1b493cf87,Budget review,Finance,false,false,1,0,completed,26,false,NOT_SCHEDULED
4cdda934-4805-4c7f-aefa-51f16a522196,2026-03-07,6f168c2c-529c-4ec8-9932-90d1b493cf87,Meal preparation,Nutrition,false,false,1,0,completed,5,false,NOT_SCHEDULED
d7790d63-b428-45b3-aff5-a7e5be5b0468,2026-03-08,6f168c2c-529c-4ec8-9932-90d1b493cf87,Exercise,Health,false,false,30,0,minutes,1,false,NOT_SCHEDULED
170f16a8-8a78-423e-ab81-b7e973a72fee,2026-03-08,6f168c2c-529c-4ec8-9932-90d1b493cf87,Reading,Learning,true,true,25,24,minutes,3,false,COMPLIANT
8f0af6f0-2542-4b22-aa8c-2855844e96ac,2026-03-08,6f168c2c-529c-4ec8-9932-90d1b493cf87,Meditation,Wellbeing,true,true,10,14,minutes,7,false,COMPLIANT
d2095325-2673-43e9-ad73-24c924e71231,2026-03-08,6f168c2c-529c-4ec8-9932-90d1b493cf87,Sleep before 11 pm,Recovery,true,true,1,1,completed,1,false,COMPLIANT
81c6d46c-10ca-48b9-a2d4-2d56845dbf5f,2026-03-08,6f168c2c-529c-4ec8-9932-90d1b493cf87,Budget review,Finance,true,true,1,1,completed,27,false,COMPLIANT
003d58c0-c8bc-43e1-a695-702f65ab0c6e,2026-03-08,6f168c2c-529c-4ec8-9932-90d1b493cf87,Meal preparation,Nutrition,true,false,1,0,completed,0,false,NON_COMPLIANT
8948c2cb-301c-460a-ae18-c17e8c32b33a,2026-03-09,6f168c2c-529c-4ec8-9932-90d1b493cf87,Exercise,Health,true,true,30,41,minutes,2,false,COMPLIANT
b92e1a27-6e62-46c9-adb4-86148c2d96b7,2026-03-09,6f168c2c-529c-4ec8-9932-90d1b493cf87,Reading,Learning,true,true,25,26,minutes,4,false,COMPLIANT
c254a74d-7cb4-4ea3-acef-2a28fd4cd47e,2026-03-09,6f168c2c-529c-4ec8-9932-90d1b493cf87,Meditation,Wellbeing,true,false,10,0,minutes,0,false,NON_COMPLIANT
20202f8c-832e-4307-a4ed-832606f87359,2026-03-09,6f168c2c-529c-4ec8-9932-90d1b493cf87,Sleep before 11 pm,Recovery,true,false,1,0,completed,0,true,NON_COMPLIANT
94b7137b-db71-4c4f-aeb3-a95255e14b12,2026-03-09,6f168c2c-529c-4ec8-9932-90d1b493cf87,Budget review,Finance,false,false,1,0,completed,27,false,NOT_SCHEDULED
b7d8ae96-f580-415b-abc0-350c5034b95c,2026-03-09,6f168c2c-529c-4ec8-9932-90d1b493cf87,Meal preparation,Nutrition,false,false,1,0,completed,0,false,NOT_SCHEDULED
2434219a-9a7f-4365-a890-863dfbd3637c,2026-03-10,6f168c2c-529c-4ec8-9932-90d1b493cf87,Exercise,Health,true,false,30,0,minutes,0,false,NON_COMPLIANT
b999209a-95f3-4174-ad50-4fc9cbf414d0,2026-03-10,6f168c2c-529c-4ec8-9932-90d1b493cf87,Reading,Learning,true,true,25,36,minutes,5,false,COMPLIANT
da75b6f9-e843-4610-a1ff-697907c90c0d,2026-03-10,6f168c2c-529c-4ec8-9932-90d1b493cf87,Meditation,Wellbeing,true,true,10,10,minutes,1,false,COMPLIANT
a147f3df-78f8-49ba-a915-1b42bccfdbcd,2026-03-10,6f168c2c-529c-4ec8-9932-90d1b493cf87,Sleep before 11 pm,Recovery,true,true,1,1,completed,1,false,COMPLIANT
77969f5b-a6bc-4bac-a646-c00194be1d89,2026-03-10,6f168c2c-529c-4ec8-9932-90d1b493cf87,Budget review,Finance,false,false,1,0,completed,27,false,NOT_SCHEDULED
78ddb24a-6837-4e30-ace6-32c6dcc8cec2,2026-03-10,6f168c2c-529c-4ec8-9932-90d1b493cf87,Meal preparation,Nutrition,false,false,1,0,completed,0,false,NOT_SCHEDULED
60390502-6255-4c55-af52-aeb6fb9ae3b4,2026-03-11,6f168c2c-529c-4ec8-9932-90d1b493cf87,Exercise,Health,false,false,30,0,minutes,0,false,NOT_SCHEDULED
2e06cf20-c652-4a67-ae7b-5f0d2365cf7f,2026-03-11,6f168c2c-529c-4ec8-9932-90d1b493cf87,Reading,Learning,true,true,25,43,minutes,6,false,COMPLIANT
c6e4914e-ab65-4649-a9aa-677ad59b5388,2026-03-11,6f168c2c-529c-4ec8-9932-90d1b493cf87,Meditation,Wellbeing,true,false,10,0,minutes,0,false,NON_COMPLIANT
7ba1171d-3e28-43cf-a924-44a938464b54,2026-03-11,6f168c2c-529c-4ec8-9932-90d1b493cf87,Sleep before 11 pm,Recovery,true,true,1,1,completed,2,false,COMPLIANT
5bb48a46-df4c-4c40-a10f-2b29da3763a9,2026-03-11,6f168c2c-529c-4ec8-9932-90d1b493cf87,Budget review,Finance,false,false,1,0,completed,27,false,NOT_SCHEDULED
94ed191d-0807-421a-a782-67ee6f167fbb,2026-03-11,6f168c2c-529c-4ec8-9932-90d1b493cf87,Meal preparation,Nutrition,true,true,1,1,completed,1,false,COMPLIANT
12edd324-7605-445c-aca7-5dd17f6e9629,2026-03-12,6f168c2c-529c-4ec8-9932-90d1b493cf87,Exercise,Health,true,true,30,29,minutes,1,false,COMPLIANT
f49dae9c-fa3a-4ba8-aa0b-d55260baa613,2026-03-12,6f168c2c-529c-4ec8-9932-90d1b493cf87,Reading,Learning,true,true,25,33,minutes,7,false,COMPLIANT
22806c72-b4ac-4ef6-a529-bce4581bfb4d,2026-03-12,6f168c2c-529c-4ec8-9932-90d1b493cf87,Meditation,Wellbeing,true,true,10,18,minutes,1,false,COMPLIANT
eab8f6cd-997f-4491-aba4-bd8bb4f589be,2026-03-12,6f168c2c-529c-4ec8-9932-90d1b493cf87,Sleep before 11 pm,Recovery,true,true,1,1,completed,3,false,COMPLIANT
61f9a17f-bd1e-4b5a-abd5-dfdda72dc196,2026-03-12,6f168c2c-529c-4ec8-9932-90d1b493cf87,Budget review,Finance,false,false,1,0,completed,27,false,NOT_SCHEDULED
7985fe94-6b0b-4856-a5e4-6b24b693fb25,2026-03-12,6f168c2c-529c-4ec8-9932-90d1b493cf87,Meal preparation,Nutrition,false,false,1,0,completed,1,false,NOT_SCHEDULED
2354013e-9f70-49c2-a4e0-f6bf5889f186,2026-03-13,6f168c2c-529c-4ec8-9932-90d1b493cf87,Exercise,Health,true,true,30,53,minutes,2,false,COMPLIANT
73473e58-a347-43b4-acf4-f3d099354df8,2026-03-13,6f168c2c-529c-4ec8-9932-90d1b493cf87,Reading,Learning,true,true,25,40,minutes,8,false,COMPLIANT
0364b85e-097f-4623-ac46-a37fb3a8aa22,2026-03-13,6f168c2c-529c-4ec8-9932-90d1b493cf87,Meditation,Wellbeing,true,true,10,10,minutes,2,false,COMPLIANT
733e69ac-875a-4f7f-aeb8-a3f05a2f5cc1,2026-03-13,6f168c2c-529c-4ec8-9932-90d1b493cf87,Sleep before 11 pm,Recovery,true,true,1,1,completed,4,false,COMPLIANT
b6a46a5f-94d1-4784-a186-0339953c372b,2026-03-13,6f168c2c-529c-4ec8-9932-90d1b493cf87,Budget review,Finance,false,false,1,0,completed,27,false,NOT_SCHEDULED
f8e21f97-430d-488c-a7b8-2366f0f93b84,2026-03-13,6f168c2c-529c-4ec8-9932-90d1b493cf87,Meal preparation,Nutrition,false,false,1,0,completed,1,false,NOT_SCHEDULED
747e8261-2307-4931-a013-fe172b6283e5,2026-03-14,6f168c2c-529c-4ec8-9932-90d1b493cf87,Exercise,Health,true,false,30,0,minutes,0,false,NON_COMPLIANT
83d238ab-fde3-44ec-a240-936fa1bf7fcc,2026-03-14,6f168c2c-529c-4ec8-9932-90d1b493cf87,Reading,Learning,true,true,25,34,minutes,9,false,COMPLIANT
3b49512d-1668-46e9-a14f-3c18cb2cc277,2026-03-14,6f168c2c-529c-4ec8-9932-90d1b493cf87,Meditation,Wellbeing,true,true,10,16,minutes,3,false,COMPLIANT
fed91fd6-d4bb-4dcb-adbe-ae61b7a5cbf9,2026-03-14,6f168c2c-529c-4ec8-9932-90d1b493cf87,Sleep before 11 pm,Recovery,true,true,1,1,completed,5,false,COMPLIANT
35c97af8-a0af-478c-a9ce-d2becdf83476,2026-03-14,6f168c2c-529c-4ec8-9932-90d1b493cf87,Budget review,Finance,false,false,1,0,completed,27,false,NOT_SCHEDULED
3e03d104-c752-40e2-a874-741379fddb6e,2026-03-14,6f168c2c-529c-4ec8-9932-90d1b493cf87,Meal preparation,Nutrition,false,false,1,0,completed,1,false,NOT_SCHEDULED
50ef3a57-8199-47ae-ae35-d273788e8a87,2026-03-15,6f168c2c-529c-4ec8-9932-90d1b493cf87,Exercise,Health,false,false,30,0,minutes,0,false,NOT_SCHEDULED
91049733-8428-446f-a736-e273ef606563,2026-03-15,6f168c2c-529c-4ec8-9932-90d1b493cf87,Reading,Learning,true,false,25,0,minutes,0,false,NON_COMPLIANT
a7dfb687-05d2-4c31-adf9-8391b77d6b54,2026-03-15,6f168c2c-529c-4ec8-9932-90d1b493cf87,Meditation,Wellbeing,true,true,10,9,minutes,4,false,COMPLIANT
c82ead51-cf2c-4ef6-af7a-dece7bf3c78a,2026-03-15,6f168c2c-529c-4ec8-9932-90d1b493cf87,Sleep before 11 pm,Recovery,true,false,1,0,completed,0,true,NON_COMPLIANT
51d17b99-1d73-4434-a46d-1835e73fa470,2026-03-15,6f168c2c-529c-4ec8-9932-90d1b493cf87,Budget review,Finance,true,false,1,0,completed,0,true,NON_COMPLIANT
df6945d1-d53b-4803-a937-12a6ae525cae,2026-03-15,6f168c2c-529c-4ec8-9932-90d1b493cf87,Meal preparation,Nutrition,true,true,1,1,completed,2,false,COMPLIANT
0f94ed9b-406c-41c3-ab88-d1fbc892a12b,2026-03-16,6f168c2c-529c-4ec8-9932-90d1b493cf87,Exercise,Health,true,false,30,0,minutes,0,false,NON_COMPLIANT
1df6f7a6-5324-4b00-aa22-55673aad573b,2026-03-16,6f168c2c-529c-4ec8-9932-90d1b493cf87,Reading,Learning,true,false,25,0,minutes,0,false,NON_COMPLIANT
77983270-8ffd-4f5a-a0f5-20e774c80610,2026-03-16,6f168c2c-529c-4ec8-9932-90d1b493cf87,Meditation,Wellbeing,true,true,10,9,minutes,5,false,COMPLIANT
0e2759b4-4242-4af0-a256-c8a01803d0f7,2026-03-16,6f168c2c-529c-4ec8-9932-90d1b493cf87,Sleep before 11 pm,Recovery,true,true,1,1,completed,1,false,COMPLIANT
a32ff572-87d3-44b8-a55d-102fee7fc1bd,2026-03-16,6f168c2c-529c-4ec8-9932-90d1b493cf87,Budget review,Finance,false,false,1,0,completed,0,false,NOT_SCHEDULED
9db390ab-f9e3-45f9-ae20-230d86e85206,2026-03-16,6f168c2c-529c-4ec8-9932-90d1b493cf87,Meal preparation,Nutrition,false,false,1,0,completed,2,false,NOT_SCHEDULED
fbfbdb4b-768b-40ab-a132-a594d881ecc0,2026-03-17,6f168c2c-529c-4ec8-9932-90d1b493cf87,Exercise,Health,true,true,30,39,minutes,1,false,COMPLIANT
6a3a5f75-4484-4d47-ac85-a73450f8e92d,2026-03-17,6f168c2c-529c-4ec8-9932-90d1b493cf87,Reading,Learning,true,true,25,40,minutes,1,false,COMPLIANT
c2338f68-c418-4b7f-a334-b63324d94122,2026-03-17,6f168c2c-529c-4ec8-9932-90d1b493cf87,Meditation,Wellbeing,true,true,10,9,minutes,6,false,COMPLIANT
7e511739-b3f5-4b1d-ab4f-e116ee759e2c,2026-03-17,6f168c2c-529c-4ec8-9932-90d1b493cf87,Sleep before 11 pm,Recovery,true,false,1,0,completed,0,true,NON_COMPLIANT
0749835f-5ef1-4450-aa1e-17cce13d3b95,2026-03-17,6f168c2c-529c-4ec8-9932-90d1b493cf87,Budget review,Finance,false,false,1,0,completed,0,false,NOT_SCHEDULED
d438208e-0fa7-4f48-a7ee-b7beebf9eba4,2026-03-17,6f168c2c-529c-4ec8-9932-90d1b493cf87,Meal preparation,Nutrition,false,false,1,0,completed,2,false,NOT_SCHEDULED
7ae6a706-7d15-44b8-a8bf-a3196c42b9a4,2026-03-18,6f168c2c-529c-4ec8-9932-90d1b493cf87,Exercise,Health,false,false,30,0,minutes,1,false,NOT_SCHEDULED
13e5f581-9426-4d53-aba5-f177cc972932,2026-03-18,6f168c2c-529c-4ec8-9932-90d1b493cf87,Reading,Learning,true,true,25,23,minutes,2,false,COMPLIANT
75f60408-d35b-45ec-acff-7c7814db4fae,2026-03-18,6f168c2c-529c-4ec8-9932-90d1b493cf87,Meditation,Wellbeing,true,false,10,0,minutes,0,false,NON_COMPLIANT
20588463-ebea-458b-a944-b5bbdb9c86ff,2026-03-18,6f168c2c-529c-4ec8-9932-90d1b493cf87,Sleep before 11 pm,Recovery,true,true,1,1,completed,1,false,COMPLIANT
47755f27-7812-41cd-a657-75f76be65e08,2026-03-18,6f168c2c-529c-4ec8-9932-90d1b493cf87,Budget review,Finance,false,false,1,0,completed,0,false,NOT_SCHEDULED
fdb40a60-c3c3-4226-ad08-42cf9ef9a4a8,2026-03-18,6f168c2c-529c-4ec8-9932-90d1b493cf87,Meal preparation,Nutrition,true,true,1,1,completed,3,false,COMPLIANT
e510f4ca-c460-4b53-a331-52345372821b,2026-03-19,6f168c2c-529c-4ec8-9932-90d1b493cf87,Exercise,Health,true,true,30,54,minutes,2,false,COMPLIANT
932b6169-722a-4b1c-a61b-d773dba4d060,2026-03-19,6f168c2c-529c-4ec8-9932-90d1b493cf87,Reading,Learning,true,false,25,0,minutes,0,false,NON_COMPLIANT
17c16b80-6b7a-4105-a77c-9f6716642f5d,2026-03-19,6f168c2c-529c-4ec8-9932-90d1b493cf87,Meditation,Wellbeing,true,true,10,18,minutes,1,false,COMPLIANT
bc4ca7e7-4d27-4777-a0bc-950e284e081f,2026-03-19,6f168c2c-529c-4ec8-9932-90d1b493cf87,Sleep before 11 pm,Recovery,true,true,1,1,completed,2,false,COMPLIANT
46de92b1-2877-46d2-a283-db53118ced6b,2026-03-19,6f168c2c-529c-4ec8-9932-90d1b493cf87,Budget review,Finance,false,false,1,0,completed,0,false,NOT_SCHEDULED
0916ef37-eeed-4506-a91e-8e69807d9b7b,2026-03-19,6f168c2c-529c-4ec8-9932-90d1b493cf87,Meal preparation,Nutrition,false,false,1,0,completed,3,false,NOT_SCHEDULED
8e9e4af0-77b3-4b1a-a458-b9ccbdd52e67,2026-03-20,6f168c2c-529c-4ec8-9932-90d1b493cf87,Exercise,Health,true,false,30,0,minutes,0,false,NON_COMPLIANT
28743cae-257d-41bf-a2a5-f13027cc4e1b,2026-03-20,6f168c2c-529c-4ec8-9932-90d1b493cf87,Reading,Learning,true,true,25,34,minutes,1,false,COMPLIANT
6f394e20-31c0-4429-aa28-5d1c5cf50fa4,2026-03-20,6f168c2c-529c-4ec8-9932-90d1b493cf87,Meditation,Wellbeing,true,false,10,0,minutes,0,false,NON_COMPLIANT
e2ffe888-d2cf-47ba-a0dd-587dec9cd6ee,2026-03-20,6f168c2c-529c-4ec8-9932-90d1b493cf87,Sleep before 11 pm,Recovery,true,true,1,1,completed,3,false,COMPLIANT
83685e4b-d267-430c-a1e6-578f167c2f3b,2026-03-20,6f168c2c-529c-4ec8-9932-90d1b493cf87,Budget review,Finance,false,false,1,0,completed,0,false,NOT_SCHEDULED
451c6097-2b61-4723-a086-acbe07f551d7,2026-03-20,6f168c2c-529c-4ec8-9932-90d1b493cf87,Meal preparation,Nutrition,false,false,1,0,completed,3,false,NOT_SCHEDULED
10c7b720-508b-421d-ab1e-005d8ccda070,2026-03-21,6f168c2c-529c-4ec8-9932-90d1b493cf87,Exercise,Health,true,true,30,48,minutes,1,false,COMPLIANT
364723cb-540a-4d3b-a54e-e6536e489fd1,2026-03-21,6f168c2c-529c-4ec8-9932-90d1b493cf87,Reading,Learning,true,true,25,32,minutes,2,false,COMPLIANT
2443d3bd-e45c-4176-a016-0cf006c4551c,2026-03-21,6f168c2c-529c-4ec8-9932-90d1b493cf87,Meditation,Wellbeing,true,false,10,0,minutes,0,false,NON_COMPLIANT
7261353b-be56-4ad3-aa29-fc8022eb294d,2026-03-21,6f168c2c-529c-4ec8-9932-90d1b493cf87,Sleep before 11 pm,Recovery,true,false,1,0,completed,0,true,NON_COMPLIANT
d88849d2-56ff-4c42-a5f2-f645c3030c0d,2026-03-21,6f168c2c-529c-4ec8-9932-90d1b493cf87,Budget review,Finance,false,false,1,0,completed,0,false,NOT_SCHEDULED
9a9ab114-7ee0-4ae9-ac13-a70f6cf269c4,2026-03-21,6f168c2c-529c-4ec8-9932-90d1b493cf87,Meal preparation,Nutrition,false,false,1,0,completed,3,false,NOT_SCHEDULED
c8debf06-d382-4c6f-aea2-a64999a9b9db,2026-03-22,6f168c2c-529c-4ec8-9932-90d1b493cf87,Exercise,Health,false,false,30,0,minutes,1,false,NOT_SCHEDULED
b8fe4179-90ed-40b9-a8b5-e7e42ebf6d2f,2026-03-22,6f168c2c-529c-4ec8-9932-90d1b493cf87,Reading,Learning,true,true,25,44,minutes,3,false,COMPLIANT
46275ec7-b13a-4483-a220-42fe691d744d,2026-03-22,6f168c2c-529c-4ec8-9932-90d1b493cf87,Meditation,Wellbeing,true,true,10,9,minutes,1,false,COMPLIANT
2c4a3762-da9d-4ff8-aa2c-452e55d319ba,2026-03-22,6f168c2c-529c-4ec8-9932-90d1b493cf87,Sleep before 11 pm,Recovery,true,true,1,1,completed,1,false,COMPLIANT
9d493d76-9059-4195-a9aa-e63532d69185,2026-03-22,6f168c2c-529c-4ec8-9932-90d1b493cf87,Budget review,Finance,true,true,1,1,completed,1,false,COMPLIANT
4112fd6f-0699-4334-ad1b-c2c77cb88ae5,2026-03-22,6f168c2c-529c-4ec8-9932-90d1b493cf87,Meal preparation,Nutrition,true,false,1,0,completed,0,false,NON_COMPLIANT
adba4bad-3370-498c-a103-3620b6554556,2026-03-23,6f168c2c-529c-4ec8-9932-90d1b493cf87,Exercise,Health,true,true,30,54,minutes,2,false,COMPLIANT
f65c8705-94e7-40a9-a800-53487a03228a,2026-03-23,6f168c2c-529c-4ec8-9932-90d1b493cf87,Reading,Learning,true,true,25,35,minutes,4,false,COMPLIANT
d5376c7b-83b0-429b-ac6e-1b8aae03ec33,2026-03-23,6f168c2c-529c-4ec8-9932-90d1b493cf87,Meditation,Wellbeing,true,true,10,17,minutes,2,false,COMPLIANT
426fe83c-fcae-420b-a71a-27f4584f863d,2026-03-23,6f168c2c-529c-4ec8-9932-90d1b493cf87,Sleep before 11 pm,Recovery,true,true,1,1,completed,2,false,COMPLIANT
35eff568-f26c-42f2-aa27-c6cc293b9ed5,2026-03-23,6f168c2c-529c-4ec8-9932-90d1b493cf87,Budget review,Finance,false,false,1,0,completed,1,false,NOT_SCHEDULED
41b0e2d4-9e9e-4059-a1e6-1a24a2e76540,2026-03-23,6f168c2c-529c-4ec8-9932-90d1b493cf87,Meal preparation,Nutrition,false,false,1,0,completed,0,false,NOT_SCHEDULED
6f6a4f92-24c7-4f60-a6c4-fa65230af35a,2026-03-24,6f168c2c-529c-4ec8-9932-90d1b493cf87,Exercise,Health,true,true,30,53,minutes,3,false,COMPLIANT
14868b49-10f0-4ceb-aa39-033f28692b7a,2026-03-24,6f168c2c-529c-4ec8-9932-90d1b493cf87,Reading,Learning,true,true,25,27,minutes,5,false,COMPLIANT
64a8cad1-22be-468b-ad74-f3bcc90c1858,2026-03-24,6f168c2c-529c-4ec8-9932-90d1b493cf87,Meditation,Wellbeing,true,false,10,0,minutes,0,false,NON_COMPLIANT
10107744-f2ce-4a91-a928-78646ce3cb91,2026-03-24,6f168c2c-529c-4ec8-9932-90d1b493cf87,Sleep before 11 pm,Recovery,true,true,1,1,completed,3,false,COMPLIANT
956bf459-a860-4fa2-a8d9-95c6be568e3b,2026-03-24,6f168c2c-529c-4ec8-9932-90d1b493cf87,Budget review,Finance,false,false,1,0,completed,1,false,NOT_SCHEDULED
b616261b-f76b-4d6d-a80a-213010c3cb17,2026-03-24,6f168c2c-529c-4ec8-9932-90d1b493cf87,Meal preparation,Nutrition,false,false,1,0,completed,0,false,NOT_SCHEDULED
c9a37fb9-3204-474e-a56f-9689709c11f0,2026-03-25,6f168c2c-529c-4ec8-9932-90d1b493cf87,Exercise,Health,false,false,30,0,minutes,3,false,NOT_SCHEDULED
862cc2d7-52cf-4330-ae63-b1db112b265f,2026-03-25,6f168c2c-529c-4ec8-9932-90d1b493cf87,Reading,Learning,true,true,25,28,minutes,6,false,COMPLIANT
b69eaf0e-ccfb-4384-abfe-c5c37ee1bea6,2026-03-25,6f168c2c-529c-4ec8-9932-90d1b493cf87,Meditation,Wellbeing,true,true,10,18,minutes,1,false,COMPLIANT
4ed1be9e-015a-4042-ac35-317a3a1a0730,2026-03-25,6f168c2c-529c-4ec8-9932-90d1b493cf87,Sleep before 11 pm,Recovery,true,true,1,1,completed,4,false,COMPLIANT
cd625889-899a-45ed-a08b-2fc50f2b0198,2026-03-25,6f168c2c-529c-4ec8-9932-90d1b493cf87,Budget review,Finance,false,false,1,0,completed,1,false,NOT_SCHEDULED
9a9b6078-dcce-461d-a7ab-eafb3faae13c,2026-03-25,6f168c2c-529c-4ec8-9932-90d1b493cf87,Meal preparation,Nutrition,true,false,1,0,completed,0,false,NON_COMPLIANT
4d1952fa-ebaf-4abf-a740-4e046e54a2b7,2026-03-26,6f168c2c-529c-4ec8-9932-90d1b493cf87,Exercise,Health,true,false,30,0,minutes,0,false,NON_COMPLIANT
39826b33-a1e5-4f7e-a346-f18f4f1e2944,2026-03-26,6f168c2c-529c-4ec8-9932-90d1b493cf87,Reading,Learning,true,true,25,44,minutes,7,false,COMPLIANT
a03bdd26-a2c2-4725-aa51-6d9661419fed,2026-03-26,6f168c2c-529c-4ec8-9932-90d1b493cf87,Meditation,Wellbeing,true,true,10,14,minutes,2,false,COMPLIANT
00e5ae02-a65a-44ab-a38c-2f125f337ce2,2026-03-26,6f168c2c-529c-4ec8-9932-90d1b493cf87,Sleep before 11 pm,Recovery,true,true,1,1,completed,5,false,COMPLIANT
ed0a16ac-73d1-470c-ab51-538f219d3e4c,2026-03-26,6f168c2c-529c-4ec8-9932-90d1b493cf87,Budget review,Finance,false,false,1,0,completed,1,false,NOT_SCHEDULED
9fe3db81-2447-4429-aad1-e705d090f800,2026-03-26,6f168c2c-529c-4ec8-9932-90d1b493cf87,Meal preparation,Nutrition,false,false,1,0,completed,0,false,NOT_SCHEDULED
be16f133-82c2-4604-a90a-49f5ff5c5f59,2026-03-27,6f168c2c-529c-4ec8-9932-90d1b493cf87,Exercise,Health,true,true,30,47,minutes,1,false,COMPLIANT
47c36ce0-380f-4364-a935-a0bfab81b64a,2026-03-27,6f168c2c-529c-4ec8-9932-90d1b493cf87,Reading,Learning,true,true,25,38,minutes,8,false,COMPLIANT
5c47eb2e-9a5c-4a1e-a7f1-df5002f13523,2026-03-27,6f168c2c-529c-4ec8-9932-90d1b493cf87,Meditation,Wellbeing,true,false,10,0,minutes,0,false,NON_COMPLIANT
15335808-4026-4cce-ab24-2983d89b4c1b,2026-03-27,6f168c2c-529c-4ec8-9932-90d1b493cf87,Sleep before 11 pm,Recovery,true,true,1,1,completed,6,false,COMPLIANT
0e697045-f9a6-42f4-a47b-e556e74cc04f,2026-03-27,6f168c2c-529c-4ec8-9932-90d1b493cf87,Budget review,Finance,false,false,1,0,completed,1,false,NOT_SCHEDULED
6c044da1-0bcd-4356-a332-38f5b6afe8ce,2026-03-27,6f168c2c-529c-4ec8-9932-90d1b493cf87,Meal preparation,Nutrition,false,false,1,0,completed,0,false,NOT_SCHEDULED
18057cfd-fbee-45a0-a8bd-b0533d4980ba,2026-03-28,6f168c2c-529c-4ec8-9932-90d1b493cf87,Exercise,Health,true,true,30,39,minutes,2,false,COMPLIANT
54f477fb-d799-491d-af72-db99d24b980c,2026-03-28,6f168c2c-529c-4ec8-9932-90d1b493cf87,Reading,Learning,true,true,25,41,minutes,9,false,COMPLIANT
574f0e38-c3fb-4ecb-ae95-ed455c996625,2026-03-28,6f168c2c-529c-4ec8-9932-90d1b493cf87,Meditation,Wellbeing,true,false,10,0,minutes,0,false,NON_COMPLIANT
2d85e9ca-eb52-4063-a12d-6e1b16c61cdd,2026-03-28,6f168c2c-529c-4ec8-9932-90d1b493cf87,Sleep before 11 pm,Recovery,true,false,1,0,completed,0,true,NON_COMPLIANT
a32c1d2f-1b1f-4d21-a10b-4a849badc8f1,2026-03-28,6f168c2c-529c-4ec8-9932-90d1b493cf87,Budget review,Finance,false,false,1,0,completed,1,false,NOT_SCHEDULED
5adbd2ad-3309-4820-a2ce-29a25426e8d2,2026-03-28,6f168c2c-529c-4ec8-9932-90d1b493cf87,Meal preparation,Nutrition,false,false,1,0,completed,0,false,NOT_SCHEDULED
2de0c446-36c1-41ec-af00-589c34020868,2026-03-29,6f168c2c-529c-4ec8-9932-90d1b493cf87,Exercise,Health,false,false,30,0,minutes,2,false,NOT_SCHEDULED
b515a116-de88-4fb5-a6e5-5a909157b856,2026-03-29,6f168c2c-529c-4ec8-9932-90d1b493cf87,Reading,Learning,true,true,25,25,minutes,10,false,COMPLIANT
0b51f552-b469-4e16-aa0b-5414ecbad8a4,2026-03-29,6f168c2c-529c-4ec8-9932-90d1b493cf87,Meditation,Wellbeing,true,true,10,18,minutes,1,false,COMPLIANT
385d0421-b00a-4ecf-ad5e-828b6b235028,2026-03-29,6f168c2c-529c-4ec8-9932-90d1b493cf87,Sleep before 11 pm,Recovery,true,true,1,1,completed,1,false,COMPLIANT
da82a729-aae5-42c9-a70c-a1188b113e4d,2026-03-29,6f168c2c-529c-4ec8-9932-90d1b493cf87,Budget review,Finance,true,true,1,1,completed,2,false,COMPLIANT
a39440d2-0914-4034-a62a-677b8d792cbe,2026-03-29,6f168c2c-529c-4ec8-9932-90d1b493cf87,Meal preparation,Nutrition,true,true,1,1,completed,1,false,COMPLIANT
0abc9f4a-c082-40e7-af81-1f73796cb80e,2026-03-30,6f168c2c-529c-4ec8-9932-90d1b493cf87,Exercise,Health,true,true,30,42,minutes,3,false,COMPLIANT
5818cca5-515a-4659-aa7d-e1cc25b8819e,2026-03-30,6f168c2c-529c-4ec8-9932-90d1b493cf87,Reading,Learning,true,false,25,0,minutes,0,false,NON_COMPLIANT
b508c51a-8e04-47d2-a695-40b1b76816be,2026-03-30,6f168c2c-529c-4ec8-9932-90d1b493cf87,Meditation,Wellbeing,true,false,10,0,minutes,0,false,NON_COMPLIANT
c3f63ba8-b6e8-4b5f-a344-dc96536705b9,2026-03-30,6f168c2c-529c-4ec8-9932-90d1b493cf87,Sleep before 11 pm,Recovery,true,true,1,1,completed,2,false,COMPLIANT
3619f538-a7f8-4770-a3e7-98291516bbfa,2026-03-30,6f168c2c-529c-4ec8-9932-90d1b493cf87,Budget review,Finance,false,false,1,0,completed,2,false,NOT_SCHEDULED
47e3dc97-b77f-4056-ad2b-ed5a3849eefd,2026-03-30,6f168c2c-529c-4ec8-9932-90d1b493cf87,Meal preparation,Nutrition,false,false,1,0,completed,1,false,NOT_SCHEDULED
a84ab7f7-7264-40b1-a186-4ba116af7531,2026-03-31,6f168c2c-529c-4ec8-9932-90d1b493cf87,Exercise,Health,true,true,30,40,minutes,4,false,COMPLIANT
68ec169c-8dbf-424f-ae1c-65d3b3720f9d,2026-03-31,6f168c2c-529c-4ec8-9932-90d1b493cf87,Reading,Learning,true,true,25,26,minutes,1,false,COMPLIANT
16af4b0b-630d-4254-a7cc-f505a8c7282c,2026-03-31,6f168c2c-529c-4ec8-9932-90d1b493cf87,Meditation,Wellbeing,true,true,10,17,minutes,1,false,COMPLIANT
4268d121-4faf-4cee-a55c-15b8788eef7b,2026-03-31,6f168c2c-529c-4ec8-9932-90d1b493cf87,Sleep before 11 pm,Recovery,true,false,1,0,completed,0,true,NON_COMPLIANT
efd893c8-74d3-4617-a0fd-5c165f6118bf,2026-03-31,6f168c2c-529c-4ec8-9932-90d1b493cf87,Budget review,Finance,false,false,1,0,completed,2,false,NOT_SCHEDULED
ccfe364a-da5e-49c5-a718-0ec3565be7da,2026-03-31,6f168c2c-529c-4ec8-9932-90d1b493cf87,Meal preparation,Nutrition,false,false,1,0,completed,1,false,NOT_SCHEDULED
c96921de-080b-4013-a2be-16f78c6d44e6,2026-04-01,6f168c2c-529c-4ec8-9932-90d1b493cf87,Exercise,Health,false,false,30,0,minutes,4,false,NOT_SCHEDULED
c10252ab-2d6c-4ea9-adbc-5b4587bfb3e3,2026-04-01,6f168c2c-529c-4ec8-9932-90d1b493cf87,Reading,Learning,true,false,25,0,minutes,0,false,NON_COMPLIANT
47dad655-5225-478e-a159-07d45c0fce96,2026-04-01,6f168c2c-529c-4ec8-9932-90d1b493cf87,Meditation,Wellbeing,true,true,10,12,minutes,2,false,COMPLIANT
a851910f-3623-4a52-a9aa-1a2b8e97279c,2026-04-01,6f168c2c-529c-4ec8-9932-90d1b493cf87,Sleep before 11 pm,Recovery,true,true,1,1,completed,1,false,COMPLIANT
7960363a-292e-4a68-a2fb-1b9a32c87ac9,2026-04-01,6f168c2c-529c-4ec8-9932-90d1b493cf87,Budget review,Finance,false,false,1,0,completed,2,false,NOT_SCHEDULED
8548634b-b9a0-435c-a6cb-87b8013217ae,2026-04-01,6f168c2c-529c-4ec8-9932-90d1b493cf87,Meal preparation,Nutrition,true,true,1,1,completed,2,false,COMPLIANT
1d3e19a9-bcc0-4ac9-abb3-9442bbaf48f9,2026-04-02,6f168c2c-529c-4ec8-9932-90d1b493cf87,Exercise,Health,true,true,30,41,minutes,5,false,COMPLIANT
5a6df114-fc97-4ac6-ac78-5671d9790243,2026-04-02,6f168c2c-529c-4ec8-9932-90d1b493cf87,Reading,Learning,true,true,25,33,minutes,1,false,COMPLIANT
50e10c46-4af1-49fb-ab75-898579fdb352,2026-04-02,6f168c2c-529c-4ec8-9932-90d1b493cf87,Meditation,Wellbeing,true,false,10,0,minutes,0,false,NON_COMPLIANT
68beeb01-687a-423b-a8f3-6be2d568afa5,2026-04-02,6f168c2c-529c-4ec8-9932-90d1b493cf87,Sleep before 11 pm,Recovery,true,true,1,1,completed,2,false,COMPLIANT
a31d05a2-b880-4a11-a7ba-2aa7234127dd,2026-04-02,6f168c2c-529c-4ec8-9932-90d1b493cf87,Budget review,Finance,false,false,1,0,completed,2,false,NOT_SCHEDULED
8e9304ef-8fa0-4bb4-a153-6c647492a7da,2026-04-02,6f168c2c-529c-4ec8-9932-90d1b493cf87,Meal preparation,Nutrition,false,false,1,0,completed,2,false,NOT_SCHEDULED
df0ca4bf-4cdf-426f-ae50-2b1780a044c6,2026-04-03,6f168c2c-529c-4ec8-9932-90d1b493cf87,Exercise,Health,true,false,30,0,minutes,0,false,NON_COMPLIANT
957593bc-29e4-4c96-a641-2f131ad6d639,2026-04-03,6f168c2c-529c-4ec8-9932-90d1b493cf87,Reading,Learning,true,true,25,34,minutes,2,false,COMPLIANT
d5c724d4-eaf0-4052-ae90-9232e75687e6,2026-04-03,6f168c2c-529c-4ec8-9932-90d1b493cf87,Meditation,Wellbeing,true,false,10,0,minutes,0,false,NON_COMPLIANT
6efb7a1b-9f1e-4114-a21a-cc1cae14f774,2026-04-03,6f168c2c-529c-4ec8-9932-90d1b493cf87,Sleep before 11 pm,Recovery,true,true,1,1,completed,3,false,COMPLIANT
b58f33cc-0e27-4bea-a217-4f39dbf89f39,2026-04-03,6f168c2c-529c-4ec8-9932-90d1b493cf87,Budget review,Finance,false,false,1,0,completed,2,false,NOT_SCHEDULED
a3c00db4-75df-4160-a2a7-c7ff6ad23d8e,2026-04-03,6f168c2c-529c-4ec8-9932-90d1b493cf87,Meal preparation,Nutrition,false,false,1,0,completed,2,false,NOT_SCHEDULED
c8d4b54b-f00b-45b4-a86a-5e65bd460d08,2026-04-04,6f168c2c-529c-4ec8-9932-90d1b493cf87,Exercise,Health,true,true,30,28,minutes,1,false,COMPLIANT
866be21c-7244-482b-a70c-3e837874b0c2,2026-04-04,6f168c2c-529c-4ec8-9932-90d1b493cf87,Reading,Learning,true,true,25,33,minutes,3,false,COMPLIANT
6973a8a7-1392-4ba3-aae0-b50acf288925,2026-04-04,6f168c2c-529c-4ec8-9932-90d1b493cf87,Meditation,Wellbeing,true,false,10,0,minutes,0,false,NON_COMPLIANT
87060551-eb76-4437-aaf4-fcda902bca93,2026-04-04,6f168c2c-529c-4ec8-9932-90d1b493cf87,Sleep before 11 pm,Recovery,true,false,1,0,completed,0,true,NON_COMPLIANT
82e36472-5f81-406b-a03c-9a730a1f06eb,2026-04-04,6f168c2c-529c-4ec8-9932-90d1b493cf87,Budget review,Finance,false,false,1,0,completed,2,false,NOT_SCHEDULED
1dd31c01-4877-4940-a372-ba3b2e7d5607,2026-04-04,6f168c2c-529c-4ec8-9932-90d1b493cf87,Meal preparation,Nutrition,false,false,1,0,completed,2,false,NOT_SCHEDULED
c5d08efa-68a8-4a55-ae64-f1bdad061536,2026-04-05,6f168c2c-529c-4ec8-9932-90d1b493cf87,Exercise,Health,false,false,30,0,minutes,1,false,NOT_SCHEDULED
233c9a16-4f3a-4e62-aef8-de32c06040c6,2026-04-05,6f168c2c-529c-4ec8-9932-90d1b493cf87,Reading,Learning,true,true,25,26,minutes,4,false,COMPLIANT
1d1cca0d-135e-47c6-a0ee-045e69595a1a,2026-04-05,6f168c2c-529c-4ec8-9932-90d1b493cf87,Meditation,Wellbeing,true,true,10,13,minutes,1,false,COMPLIANT
19af9569-e44f-4aca-af8e-22fab94b0329,2026-04-05,6f168c2c-529c-4ec8-9932-90d1b493cf87,Sleep before 11 pm,Recovery,true,true,1,1,completed,1,false,COMPLIANT
c00c74bc-e06c-4856-af76-f46a89752423,2026-04-05,6f168c2c-529c-4ec8-9932-90d1b493cf87,Budget review,Finance,true,true,1,1,completed,3,false,COMPLIANT
22a02aaa-b7e1-4eb1-a0f0-3378525131b4,2026-04-05,6f168c2c-529c-4ec8-9932-90d1b493cf87,Meal preparation,Nutrition,true,true,1,1,completed,3,false,COMPLIANT
b919a5ee-4e29-4d7f-ac19-8f568695d039,2026-04-06,6f168c2c-529c-4ec8-9932-90d1b493cf87,Exercise,Health,true,false,30,0,minutes,0,false,NON_COMPLIANT
913a70ea-d16a-43a5-a467-74625c01af6d,2026-04-06,6f168c2c-529c-4ec8-9932-90d1b493cf87,Reading,Learning,true,true,25,42,minutes,5,false,COMPLIANT
049ff387-6ffb-4805-adcf-6807e9258acd,2026-04-06,6f168c2c-529c-4ec8-9932-90d1b493cf87,Meditation,Wellbeing,true,true,10,10,minutes,2,false,COMPLIANT
eb72d281-f18a-4528-a9ca-5ce0e2a90087,2026-04-06,6f168c2c-529c-4ec8-9932-90d1b493cf87,Sleep before 11 pm,Recovery,true,true,1,1,completed,2,false,COMPLIANT
2b4af4ed-99c4-4388-ae97-42182944beba,2026-04-06,6f168c2c-529c-4ec8-9932-90d1b493cf87,Budget review,Finance,false,false,1,0,completed,3,false,NOT_SCHEDULED
27406e0b-674f-4347-a3b1-2a95157c6a85,2026-04-06,6f168c2c-529c-4ec8-9932-90d1b493cf87,Meal preparation,Nutrition,false,false,1,0,completed,3,false,NOT_SCHEDULED
94741607-e0c7-42d2-a970-3afe80413737,2026-04-07,6f168c2c-529c-4ec8-9932-90d1b493cf87,Exercise,Health,true,true,30,34,minutes,1,false,COMPLIANT
8f1012a5-aab5-4f2e-ac8e-79e227524b24,2026-04-07,6f168c2c-529c-4ec8-9932-90d1b493cf87,Reading,Learning,true,true,25,33,minutes,6,false,COMPLIANT
d6f778a6-0bb8-4027-adfc-9da1c793fefc,2026-04-07,6f168c2c-529c-4ec8-9932-90d1b493cf87,Meditation,Wellbeing,true,true,10,15,minutes,3,false,COMPLIANT
580a1ecf-b1f0-498e-a336-56f6ce54944a,2026-04-07,6f168c2c-529c-4ec8-9932-90d1b493cf87,Sleep before 11 pm,Recovery,true,true,1,1,completed,3,false,COMPLIANT
db2d1010-e795-448d-a4e2-64b08569944a,2026-04-07,6f168c2c-529c-4ec8-9932-90d1b493cf87,Budget review,Finance,false,false,1,0,completed,3,false,NOT_SCHEDULED
17a06018-edb3-4fb4-aa82-d0d8b77a0218,2026-04-07,6f168c2c-529c-4ec8-9932-90d1b493cf87,Meal preparation,Nutrition,false,false,1,0,completed,3,false,NOT_SCHEDULED
c98069df-98f3-40fc-ad91-4ff7252c5836,2026-04-08,6f168c2c-529c-4ec8-9932-90d1b493cf87,Exercise,Health,false,false,30,0,minutes,1,false,NOT_SCHEDULED
950a498c-563c-4eee-a98b-af31270539bd,2026-04-08,6f168c2c-529c-4ec8-9932-90d1b493cf87,Reading,Learning,true,true,25,23,minutes,7,false,COMPLIANT
94583b73-b02d-41ae-a24f-f70bbb386c97,2026-04-08,6f168c2c-529c-4ec8-9932-90d1b493cf87,Meditation,Wellbeing,true,false,10,0,minutes,0,false,NON_COMPLIANT
6fbca274-87c4-40d3-a038-a1dd48124151,2026-04-08,6f168c2c-529c-4ec8-9932-90d1b493cf87,Sleep before 11 pm,Recovery,true,true,1,1,completed,4,false,COMPLIANT
c06004f6-11ab-4050-a822-838e21d50bdb,2026-04-08,6f168c2c-529c-4ec8-9932-90d1b493cf87,Budget review,Finance,false,false,1,0,completed,3,false,NOT_SCHEDULED
543a7c54-ee8c-4587-a7e4-518aa5a4ca90,2026-04-08,6f168c2c-529c-4ec8-9932-90d1b493cf87,Meal preparation,Nutrition,true,true,1,1,completed,4,false,COMPLIANT
19c23048-1aca-40b2-a8c5-e6cca5e0494a,2026-04-09,6f168c2c-529c-4ec8-9932-90d1b493cf87,Exercise,Health,true,false,30,0,minutes,0,false,NON_COMPLIANT
d4536438-299e-477e-adf7-b80c2a0713f7,2026-04-09,6f168c2c-529c-4ec8-9932-90d1b493cf87,Reading,Learning,true,true,25,43,minutes,8,false,COMPLIANT
7a1cad61-4988-43c6-aba9-6e431dc5300b,2026-04-09,6f168c2c-529c-4ec8-9932-90d1b493cf87,Meditation,Wellbeing,true,false,10,0,minutes,0,false,NON_COMPLIANT
5957c9aa-b988-42b4-a98b-880145f4094d,2026-04-09,6f168c2c-529c-4ec8-9932-90d1b493cf87,Sleep before 11 pm,Recovery,true,true,1,1,completed,5,false,COMPLIANT
a0620d4f-7a39-4167-a41b-88143c55985f,2026-04-09,6f168c2c-529c-4ec8-9932-90d1b493cf87,Budget review,Finance,false,false,1,0,completed,3,false,NOT_SCHEDULED
2e55bb4a-4a8e-4a4e-a51b-d85b2504e34d,2026-04-09,6f168c2c-529c-4ec8-9932-90d1b493cf87,Meal preparation,Nutrition,false,false,1,0,completed,4,false,NOT_SCHEDULED
e6f251ab-1bb1-4603-a244-a74ce6330864,2026-04-10,6f168c2c-529c-4ec8-9932-90d1b493cf87,Exercise,Health,true,true,30,48,minutes,1,false,COMPLIANT
e4afff00-65e6-4493-aef8-167472634017,2026-04-10,6f168c2c-529c-4ec8-9932-90d1b493cf87,Reading,Learning,true,true,25,34,minutes,9,false,COMPLIANT
49202dbf-5c7d-4968-ad0d-ac18432c4620,2026-04-10,6f168c2c-529c-4ec8-9932-90d1b493cf87,Meditation,Wellbeing,true,true,10,18,minutes,1,false,COMPLIANT
aba7abc0-8079-46ac-a9d9-0ebede6a0700,2026-04-10,6f168c2c-529c-4ec8-9932-90d1b493cf87,Sleep before 11 pm,Recovery,true,true,1,1,completed,6,false,COMPLIANT
77cf4319-8288-475b-a765-5296896a6f00,2026-04-10,6f168c2c-529c-4ec8-9932-90d1b493cf87,Budget review,Finance,false,false,1,0,completed,3,false,NOT_SCHEDULED
50fde74a-84fc-4e93-ad6f-89ea9312afb7,2026-04-10,6f168c2c-529c-4ec8-9932-90d1b493cf87,Meal preparation,Nutrition,false,false,1,0,completed,4,false,NOT_SCHEDULED
1b25d1a4-2d84-4679-a993-62c8bec20a41,2026-04-11,6f168c2c-529c-4ec8-9932-90d1b493cf87,Exercise,Health,true,true,30,51,minutes,2,false,COMPLIANT
37c1a6b6-51dd-419a-a446-55615bb96d20,2026-04-11,6f168c2c-529c-4ec8-9932-90d1b493cf87,Reading,Learning,true,true,25,45,minutes,10,false,COMPLIANT
7c0a30d3-6245-414d-a9ec-6001e8852531,2026-04-11,6f168c2c-529c-4ec8-9932-90d1b493cf87,Meditation,Wellbeing,true,true,10,14,minutes,2,false,COMPLIANT
c96002ed-8edf-45b7-a003-9f1d3d9265a6,2026-04-11,6f168c2c-529c-4ec8-9932-90d1b493cf87,Sleep before 11 pm,Recovery,true,true,1,1,completed,7,false,COMPLIANT
74dd7a7a-65b6-408c-a00e-393e3609e5a9,2026-04-11,6f168c2c-529c-4ec8-9932-90d1b493cf87,Budget review,Finance,false,false,1,0,completed,3,false,NOT_SCHEDULED
0212ec39-8a42-4ec7-a9e7-ca65668db854,2026-04-11,6f168c2c-529c-4ec8-9932-90d1b493cf87,Meal preparation,Nutrition,false,false,1,0,completed,4,false,NOT_SCHEDULED
1d43874f-a298-44c1-a5f7-70d0f3487eaf,2026-04-12,6f168c2c-529c-4ec8-9932-90d1b493cf87,Exercise,Health,false,false,30,0,minutes,2,false,NOT_SCHEDULED
8879608f-7073-4be6-a706-6e75a3ab2997,2026-04-12,6f168c2c-529c-4ec8-9932-90d1b493cf87,Reading,Learning,true,true,25,27,minutes,11,false,COMPLIANT
86878f7c-56c6-40a8-a159-1354a7fe6381,2026-04-12,6f168c2c-529c-4ec8-9932-90d1b493cf87,Meditation,Wellbeing,true,true,10,11,minutes,3,false,COMPLIANT
f75d0a42-de42-47ac-a526-cdeed9e1b112,2026-04-12,6f168c2c-529c-4ec8-9932-90d1b493cf87,Sleep before 11 pm,Recovery,true,false,1,0,completed,0,true,NON_COMPLIANT
90ac583b-1d5e-4faa-a6a8-f6cec04855aa,2026-04-12,6f168c2c-529c-4ec8-9932-90d1b493cf87,Budget review,Finance,true,true,1,1,completed,4,false,COMPLIANT
fd5185aa-8189-4119-abab-b159452773ee,2026-04-12,6f168c2c-529c-4ec8-9932-90d1b493cf87,Meal preparation,Nutrition,true,true,1,1,completed,5,false,COMPLIANT
0117ae88-4ef7-447c-adcf-eebc5a91c13d,2026-04-13,6f168c2c-529c-4ec8-9932-90d1b493cf87,Exercise,Health,true,true,30,32,minutes,3,false,COMPLIANT
c6f26e8b-681e-4d7a-a024-3a09302abd26,2026-04-13,6f168c2c-529c-4ec8-9932-90d1b493cf87,Reading,Learning,true,true,25,33,minutes,12,false,COMPLIANT
8393c1ac-c19b-492c-abc0-0ba7a721ca40,2026-04-13,6f168c2c-529c-4ec8-9932-90d1b493cf87,Meditation,Wellbeing,true,true,10,12,minutes,4,false,COMPLIANT
c700883b-87ee-4f3a-a488-044eec3b1c2b,2026-04-13,6f168c2c-529c-4ec8-9932-90d1b493cf87,Sleep before 11 pm,Recovery,true,true,1,1,completed,1,false,COMPLIANT
0fc4a287-2a42-4861-a6a4-a144904daf1e,2026-04-13,6f168c2c-529c-4ec8-9932-90d1b493cf87,Budget review,Finance,false,false,1,0,completed,4,false,NOT_SCHEDULED
cb330e62-9375-42e1-ab52-c05cd6da56c6,2026-04-13,6f168c2c-529c-4ec8-9932-90d1b493cf87,Meal preparation,Nutrition,false,false,1,0,completed,5,false,NOT_SCHEDULED
62075e28-5151-49ba-af6d-f07c5289d434,2026-04-14,6f168c2c-529c-4ec8-9932-90d1b493cf87,Exercise,Health,true,true,30,28,minutes,4,false,COMPLIANT
823ceb69-0244-4d54-a2fe-538e34c2f31a,2026-04-14,6f168c2c-529c-4ec8-9932-90d1b493cf87,Reading,Learning,true,true,25,38,minutes,13,false,COMPLIANT
aba86624-f9d7-439a-ae61-bfe0233ac37a,2026-04-14,6f168c2c-529c-4ec8-9932-90d1b493cf87,Meditation,Wellbeing,true,true,10,14,minutes,5,false,COMPLIANT
e9ab04ec-e447-4996-a775-3a342f3d095d,2026-04-14,6f168c2c-529c-4ec8-9932-90d1b493cf87,Sleep before 11 pm,Recovery,true,true,1,1,completed,2,false,COMPLIANT
116a035f-3e69-471d-ae50-70ec3d9c79c5,2026-04-14,6f168c2c-529c-4ec8-9932-90d1b493cf87,Budget review,Finance,false,false,1,0,completed,4,false,NOT_SCHEDULED
528c6188-e341-4b4b-ab6e-780646b4c016,2026-04-14,6f168c2c-529c-4ec8-9932-90d1b493cf87,Meal preparation,Nutrition,false,false,1,0,completed,5,false,NOT_SCHEDULED
df6d5204-7557-4c50-acdd-f44e05509a43,2026-04-15,6f168c2c-529c-4ec8-9932-90d1b493cf87,Exercise,Health,false,false,30,0,minutes,4,false,NOT_SCHEDULED
1b815e96-720d-4b92-a4e6-a28efb9b4c8f,2026-04-15,6f168c2c-529c-4ec8-9932-90d1b493cf87,Reading,Learning,true,false,25,0,minutes,0,false,NON_COMPLIANT
5bf8ea18-da9c-43d3-a769-2436019af600,2026-04-15,6f168c2c-529c-4ec8-9932-90d1b493cf87,Meditation,Wellbeing,true,true,10,10,minutes,6,false,COMPLIANT
75e7e974-a0ba-4f94-a88f-041977f793c5,2026-04-15,6f168c2c-529c-4ec8-9932-90d1b493cf87,Sleep before 11 pm,Recovery,true,false,1,0,completed,0,true,NON_COMPLIANT
7f0995d2-5b53-4bae-a196-8c00427f84c4,2026-04-15,6f168c2c-529c-4ec8-9932-90d1b493cf87,Budget review,Finance,false,false,1,0,completed,4,false,NOT_SCHEDULED
76e3be92-473a-4a4d-a616-6c0deb17adad,2026-04-15,6f168c2c-529c-4ec8-9932-90d1b493cf87,Meal preparation,Nutrition,true,false,1,0,completed,0,false,NON_COMPLIANT
791dd228-b512-4801-a15d-802f2515188f,2026-04-16,6f168c2c-529c-4ec8-9932-90d1b493cf87,Exercise,Health,true,false,30,0,minutes,0,false,NON_COMPLIANT
12595dc2-d4b8-41a3-a71d-3eceb71236ce,2026-04-16,6f168c2c-529c-4ec8-9932-90d1b493cf87,Reading,Learning,true,false,25,0,minutes,0,false,NON_COMPLIANT
b1562749-f644-460e-a8c2-8ce1a4161f21,2026-04-16,6f168c2c-529c-4ec8-9932-90d1b493cf87,Meditation,Wellbeing,true,true,10,15,minutes,7,false,COMPLIANT
1ec01f35-3f89-4db3-ae83-e5027b4d4cdf,2026-04-16,6f168c2c-529c-4ec8-9932-90d1b493cf87,Sleep before 11 pm,Recovery,true,true,1,1,completed,1,false,COMPLIANT
7746ae34-4bef-4c28-a4c5-c70cc1480fba,2026-04-16,6f168c2c-529c-4ec8-9932-90d1b493cf87,Budget review,Finance,false,false,1,0,completed,4,false,NOT_SCHEDULED
8fa4b0c0-3572-4f4a-ae0a-b8fc240884e1,2026-04-16,6f168c2c-529c-4ec8-9932-90d1b493cf87,Meal preparation,Nutrition,false,false,1,0,completed,0,false,NOT_SCHEDULED
7636fdb1-a9db-46e7-a432-6788e4ed8293,2026-04-17,6f168c2c-529c-4ec8-9932-90d1b493cf87,Exercise,Health,true,false,30,0,minutes,0,false,NON_COMPLIANT
a6054fc8-cab9-4750-a9a0-6c15b76e6047,2026-04-17,6f168c2c-529c-4ec8-9932-90d1b493cf87,Reading,Learning,true,true,25,23,minutes,1,false,COMPLIANT
7167091e-2d70-4b76-afd7-ca9611dc7923,2026-04-17,6f168c2c-529c-4ec8-9932-90d1b493cf87,Meditation,Wellbeing,true,true,10,15,minutes,8,false,COMPLIANT
43eaec5a-f49f-4400-a9e0-37aec5a14a99,2026-04-17,6f168c2c-529c-4ec8-9932-90d1b493cf87,Sleep before 11 pm,Recovery,true,false,1,0,completed,0,true,NON_COMPLIANT
1bd0b24c-9196-4b28-a2b8-2df52080a13c,2026-04-17,6f168c2c-529c-4ec8-9932-90d1b493cf87,Budget review,Finance,false,false,1,0,completed,4,false,NOT_SCHEDULED
4f8ec6d8-f15d-439e-a732-2e4b3fc5e7c1,2026-04-17,6f168c2c-529c-4ec8-9932-90d1b493cf87,Meal preparation,Nutrition,false,false,1,0,completed,0,false,NOT_SCHEDULED
f523eb46-1837-44f2-a3f5-20d1fc6feda4,2026-04-18,6f168c2c-529c-4ec8-9932-90d1b493cf87,Exercise,Health,true,true,30,45,minutes,1,false,COMPLIANT
d35fc40f-f790-45ab-a800-4f73b6522e47,2026-04-18,6f168c2c-529c-4ec8-9932-90d1b493cf87,Reading,Learning,true,true,25,33,minutes,2,false,COMPLIANT
9323a06d-459d-4106-a62c-47fbd5b9eefd,2026-04-18,6f168c2c-529c-4ec8-9932-90d1b493cf87,Meditation,Wellbeing,true,true,10,15,minutes,9,false,COMPLIANT
7d0a334e-bfc9-41a1-a322-3dc025f23f7c,2026-04-18,6f168c2c-529c-4ec8-9932-90d1b493cf87,Sleep before 11 pm,Recovery,true,true,1,1,completed,1,false,COMPLIANT
71979341-5f4c-47e2-afe9-a682f29a39f9,2026-04-18,6f168c2c-529c-4ec8-9932-90d1b493cf87,Budget review,Finance,false,false,1,0,completed,4,false,NOT_SCHEDULED
c77605b0-51fa-4ef4-a871-8dddd1772ebd,2026-04-18,6f168c2c-529c-4ec8-9932-90d1b493cf87,Meal preparation,Nutrition,false,false,1,0,completed,0,false,NOT_SCHEDULED
d972b15f-4540-4b8d-a5a0-30a6d5730a47,2026-04-19,6f168c2c-529c-4ec8-9932-90d1b493cf87,Exercise,Health,false,false,30,0,minutes,1,false,NOT_SCHEDULED
7fa1098f-8e19-451b-abc0-3ad81a11c627,2026-04-19,6f168c2c-529c-4ec8-9932-90d1b493cf87,Reading,Learning,true,true,25,31,minutes,3,false,COMPLIANT
bec7503e-0223-4c83-a695-a211ff1d108d,2026-04-19,6f168c2c-529c-4ec8-9932-90d1b493cf87,Meditation,Wellbeing,true,true,10,14,minutes,10,false,COMPLIANT
e51e063e-28a1-474e-af95-c5c5fe952716,2026-04-19,6f168c2c-529c-4ec8-9932-90d1b493cf87,Sleep before 11 pm,Recovery,true,true,1,1,completed,2,false,COMPLIANT
76d60b57-73ed-4a65-a10b-bc49e850b24b,2026-04-19,6f168c2c-529c-4ec8-9932-90d1b493cf87,Budget review,Finance,true,true,1,1,completed,5,false,COMPLIANT
b36f7955-e339-45c5-ab8d-d1387ff9a892,2026-04-19,6f168c2c-529c-4ec8-9932-90d1b493cf87,Meal preparation,Nutrition,true,true,1,1,completed,1,false,COMPLIANT
0f079656-5ba4-4913-afcd-451ca99629c2,2026-04-20,6f168c2c-529c-4ec8-9932-90d1b493cf87,Exercise,Health,true,true,30,35,minutes,2,false,COMPLIANT
9e4e8746-3111-49ab-a51c-d9538ae460db,2026-04-20,6f168c2c-529c-4ec8-9932-90d1b493cf87,Reading,Learning,true,true,25,34,minutes,4,false,COMPLIANT
bb7a076b-e7e0-4fbb-a01e-36cc5d4c79d1,2026-04-20,6f168c2c-529c-4ec8-9932-90d1b493cf87,Meditation,Wellbeing,true,true,10,17,minutes,11,false,COMPLIANT
2be99762-bd82-41bb-a823-044ede722e57,2026-04-20,6f168c2c-529c-4ec8-9932-90d1b493cf87,Sleep before 11 pm,Recovery,true,true,1,1,completed,3,false,COMPLIANT
194f025c-0a7a-4fc3-a519-a5f9a1116eef,2026-04-20,6f168c2c-529c-4ec8-9932-90d1b493cf87,Budget review,Finance,false,false,1,0,completed,5,false,NOT_SCHEDULED
80c2c3f2-7d3a-4882-aed3-812d1adbb992,2026-04-20,6f168c2c-529c-4ec8-9932-90d1b493cf87,Meal preparation,Nutrition,false,false,1,0,completed,1,false,NOT_SCHEDULED
0b01a0f9-18e9-4479-a21f-2e5ac31b2af4,2026-04-21,6f168c2c-529c-4ec8-9932-90d1b493cf87,Exercise,Health,true,false,30,0,minutes,0,false,NON_COMPLIANT
c3818ab4-79bd-47a3-a4df-46770e01ea56,2026-04-21,6f168c2c-529c-4ec8-9932-90d1b493cf87,Reading,Learning,true,true,25,24,minutes,5,false,COMPLIANT
16191089-7296-4351-a87c-62eed1170197,2026-04-21,6f168c2c-529c-4ec8-9932-90d1b493cf87,Meditation,Wellbeing,true,true,10,9,minutes,12,false,COMPLIANT
7d3dca1d-bcc2-437a-a4b6-5951cfc50f1b,2026-04-21,6f168c2c-529c-4ec8-9932-90d1b493cf87,Sleep before 11 pm,Recovery,true,true,1,1,completed,4,false,COMPLIANT
35633d00-d3cf-4e22-ac47-c3ecde4766fa,2026-04-21,6f168c2c-529c-4ec8-9932-90d1b493cf87,Budget review,Finance,false,false,1,0,completed,5,false,NOT_SCHEDULED
f0e8ef23-2186-4c91-aeee-daed330195f7,2026-04-21,6f168c2c-529c-4ec8-9932-90d1b493cf87,Meal preparation,Nutrition,false,false,1,0,completed,1,false,NOT_SCHEDULED
545b1a6e-5659-4237-ac0b-586f9506f78f,2026-04-22,6f168c2c-529c-4ec8-9932-90d1b493cf87,Exercise,Health,false,false,30,0,minutes,0,false,NOT_SCHEDULED
da7e49cd-ff95-4393-aeb9-1c85687ee664,2026-04-22,6f168c2c-529c-4ec8-9932-90d1b493cf87,Reading,Learning,true,true,25,36,minutes,6,false,COMPLIANT
256993af-9ef2-4716-ae52-3ddfaf04c927,2026-04-22,6f168c2c-529c-4ec8-9932-90d1b493cf87,Meditation,Wellbeing,true,false,10,0,minutes,0,false,NON_COMPLIANT
fdc09111-a1bb-42f7-a705-ae99514d79f9,2026-04-22,6f168c2c-529c-4ec8-9932-90d1b493cf87,Sleep before 11 pm,Recovery,true,true,1,1,completed,5,false,COMPLIANT
412c4e21-64c3-4621-a770-9f8092b4449f,2026-04-22,6f168c2c-529c-4ec8-9932-90d1b493cf87,Budget review,Finance,false,false,1,0,completed,5,false,NOT_SCHEDULED
3f1c59f8-90bf-4458-a83a-2df63415735f,2026-04-22,6f168c2c-529c-4ec8-9932-90d1b493cf87,Meal preparation,Nutrition,true,false,1,0,completed,0,false,NON_COMPLIANT
1a8fea20-21be-44a5-a527-d4d410631279,2026-04-23,6f168c2c-529c-4ec8-9932-90d1b493cf87,Exercise,Health,true,false,30,0,minutes,0,false,NON_COMPLIANT
a9840331-e917-4251-a213-dc870660112f,2026-04-23,6f168c2c-529c-4ec8-9932-90d1b493cf87,Reading,Learning,true,true,25,28,minutes,7,false,COMPLIANT
fdc1096d-76a8-4f86-aa1c-9ede5e5fa3ab,2026-04-23,6f168c2c-529c-4ec8-9932-90d1b493cf87,Meditation,Wellbeing,true,false,10,0,minutes,0,false,NON_COMPLIANT
197083d0-93d5-40e9-aac4-1a8787d94b83,2026-04-23,6f168c2c-529c-4ec8-9932-90d1b493cf87,Sleep before 11 pm,Recovery,true,false,1,0,completed,0,true,NON_COMPLIANT
deef0cb4-d9ce-47e1-ab07-c935d729af17,2026-04-23,6f168c2c-529c-4ec8-9932-90d1b493cf87,Budget review,Finance,false,false,1,0,completed,5,false,NOT_SCHEDULED
586d9dde-11e6-4ca8-ae38-5039321a3c5b,2026-04-23,6f168c2c-529c-4ec8-9932-90d1b493cf87,Meal preparation,Nutrition,false,false,1,0,completed,0,false,NOT_SCHEDULED
5fb107dd-4a28-45c3-afff-faa39aac8489,2026-04-24,6f168c2c-529c-4ec8-9932-90d1b493cf87,Exercise,Health,true,true,30,54,minutes,1,false,COMPLIANT
a6c18387-e7ec-4ad6-a524-40d74531b492,2026-04-24,6f168c2c-529c-4ec8-9932-90d1b493cf87,Reading,Learning,true,true,25,24,minutes,8,false,COMPLIANT
2901ce18-02e9-4995-ad9f-8d0dae75001f,2026-04-24,6f168c2c-529c-4ec8-9932-90d1b493cf87,Meditation,Wellbeing,true,true,10,17,minutes,1,false,COMPLIANT
cfbc041c-190e-48db-a57c-56d7ebccfd25,2026-04-24,6f168c2c-529c-4ec8-9932-90d1b493cf87,Sleep before 11 pm,Recovery,true,true,1,1,completed,1,false,COMPLIANT
7a53046a-06e7-43dd-a795-d1174ddf2949,2026-04-24,6f168c2c-529c-4ec8-9932-90d1b493cf87,Budget review,Finance,false,false,1,0,completed,5,false,NOT_SCHEDULED
a86b35be-c74e-4a3c-a6ed-1407d7cfa1f4,2026-04-24,6f168c2c-529c-4ec8-9932-90d1b493cf87,Meal preparation,Nutrition,false,false,1,0,completed,0,false,NOT_SCHEDULED
7b4e9849-a6e9-427d-a84a-612df50289be,2026-04-25,6f168c2c-529c-4ec8-9932-90d1b493cf87,Exercise,Health,true,true,30,34,minutes,2,false,COMPLIANT
fdc0ab45-f518-4866-a510-6a3758bc5be0,2026-04-25,6f168c2c-529c-4ec8-9932-90d1b493cf87,Reading,Learning,true,true,25,39,minutes,9,false,COMPLIANT
a7e6636a-5d4f-4d10-ac14-2df67fd36e1d,2026-04-25,6f168c2c-529c-4ec8-9932-90d1b493cf87,Meditation,Wellbeing,true,false,10,0,minutes,0,false,NON_COMPLIANT
ec639338-386f-41f6-aca9-49d3df7f3e13,2026-04-25,6f168c2c-529c-4ec8-9932-90d1b493cf87,Sleep before 11 pm,Recovery,true,false,1,0,completed,0,true,NON_COMPLIANT
a31ed631-7140-4301-a7e4-59b5b3ec0404,2026-04-25,6f168c2c-529c-4ec8-9932-90d1b493cf87,Budget review,Finance,false,false,1,0,completed,5,false,NOT_SCHEDULED
b682e85c-2565-4c43-a14b-e91f4240ab9c,2026-04-25,6f168c2c-529c-4ec8-9932-90d1b493cf87,Meal preparation,Nutrition,false,false,1,0,completed,0,false,NOT_SCHEDULED
f8be4ef5-017d-4f24-a4a3-d783f94ccd41,2026-04-26,6f168c2c-529c-4ec8-9932-90d1b493cf87,Exercise,Health,false,false,30,0,minutes,2,false,NOT_SCHEDULED
403f157e-7857-447f-a406-78ce5c787de4,2026-04-26,6f168c2c-529c-4ec8-9932-90d1b493cf87,Reading,Learning,true,true,25,34,minutes,10,false,COMPLIANT
019fedf1-79e5-42fd-a911-550da0573742,2026-04-26,6f168c2c-529c-4ec8-9932-90d1b493cf87,Meditation,Wellbeing,true,true,10,18,minutes,1,false,COMPLIANT
68b3209c-331b-4690-ac19-3466d36ff2c9,2026-04-26,6f168c2c-529c-4ec8-9932-90d1b493cf87,Sleep before 11 pm,Recovery,true,false,1,0,completed,0,true,NON_COMPLIANT
db9e8118-bddd-4e1a-a9c0-3b5a31e637c8,2026-04-26,6f168c2c-529c-4ec8-9932-90d1b493cf87,Budget review,Finance,true,true,1,1,completed,6,false,COMPLIANT
42479c9c-ee13-4cf1-ae18-6449785d294e,2026-04-26,6f168c2c-529c-4ec8-9932-90d1b493cf87,Meal preparation,Nutrition,true,false,1,0,completed,0,false,NON_COMPLIANT
babb7b43-a962-4add-a320-abf41aa06ba0,2026-04-27,6f168c2c-529c-4ec8-9932-90d1b493cf87,Exercise,Health,true,true,30,45,minutes,3,false,COMPLIANT
b2ddfcc8-a08c-4562-a306-2f212b7c8cbc,2026-04-27,6f168c2c-529c-4ec8-9932-90d1b493cf87,Reading,Learning,true,true,25,31,minutes,11,false,COMPLIANT
73656ed3-c13c-4b69-a7ab-971d700d37c3,2026-04-27,6f168c2c-529c-4ec8-9932-90d1b493cf87,Meditation,Wellbeing,true,true,10,9,minutes,2,false,COMPLIANT
b4dbba9d-e92d-409e-aef6-6d41dc7c8da7,2026-04-27,6f168c2c-529c-4ec8-9932-90d1b493cf87,Sleep before 11 pm,Recovery,true,false,1,0,completed,0,true,NON_COMPLIANT
8dab1cb3-5446-4b6f-a8d3-8ad6d70540e8,2026-04-27,6f168c2c-529c-4ec8-9932-90d1b493cf87,Budget review,Finance,false,false,1,0,completed,6,false,NOT_SCHEDULED
67e135d1-d6e8-42d9-a064-69ddfe18604b,2026-04-27,6f168c2c-529c-4ec8-9932-90d1b493cf87,Meal preparation,Nutrition,false,false,1,0,completed,0,false,NOT_SCHEDULED
b2e0f178-1e03-4a48-aaef-0a33d9a9057c,2026-04-28,6f168c2c-529c-4ec8-9932-90d1b493cf87,Exercise,Health,true,false,30,0,minutes,0,false,NON_COMPLIANT
0324106b-0188-45ab-af46-d7098faa054e,2026-04-28,6f168c2c-529c-4ec8-9932-90d1b493cf87,Reading,Learning,true,true,25,42,minutes,12,false,COMPLIANT
a4ba60bb-740a-4eac-a521-25a703321b1e,2026-04-28,6f168c2c-529c-4ec8-9932-90d1b493cf87,Meditation,Wellbeing,true,false,10,0,minutes,0,false,NON_COMPLIANT
567340bd-2a5d-4017-a324-b369e8024b92,2026-04-28,6f168c2c-529c-4ec8-9932-90d1b493cf87,Sleep before 11 pm,Recovery,true,true,1,1,completed,1,false,COMPLIANT
91d72e48-f8bb-4c72-adb1-29556d35d4ea,2026-04-28,6f168c2c-529c-4ec8-9932-90d1b493cf87,Budget review,Finance,false,false,1,0,completed,6,false,NOT_SCHEDULED
4e950edb-e154-4bea-a798-7e35985d2c75,2026-04-28,6f168c2c-529c-4ec8-9932-90d1b493cf87,Meal preparation,Nutrition,false,false,1,0,completed,0,false,NOT_SCHEDULED
07208199-302a-4a50-a830-0ee7cbf79b1b,2026-04-29,6f168c2c-529c-4ec8-9932-90d1b493cf87,Exercise,Health,false,false,30,0,minutes,0,false,NOT_SCHEDULED
5a1cc970-47de-4267-a499-b7f2ea8ce81f,2026-04-29,6f168c2c-529c-4ec8-9932-90d1b493cf87,Reading,Learning,true,true,25,29,minutes,13,false,COMPLIANT
db109031-4151-4768-a1a3-f8bbdf59db0f,2026-04-29,6f168c2c-529c-4ec8-9932-90d1b493cf87,Meditation,Wellbeing,true,false,10,0,minutes,0,false,NON_COMPLIANT
4e99b83d-82f1-490f-ab8d-7468d798fe81,2026-04-29,6f168c2c-529c-4ec8-9932-90d1b493cf87,Sleep before 11 pm,Recovery,true,true,1,1,completed,2,false,COMPLIANT
58f836de-1968-41be-a074-57e65c2b0539,2026-04-29,6f168c2c-529c-4ec8-9932-90d1b493cf87,Budget review,Finance,false,false,1,0,completed,6,false,NOT_SCHEDULED
918afecb-d061-4d7d-adbe-61b748defa3e,2026-04-29,6f168c2c-529c-4ec8-9932-90d1b493cf87,Meal preparation,Nutrition,true,false,1,0,completed,0,false,NON_COMPLIANT
af6a89c1-3d5f-4604-a800-738e21524b3e,2026-04-30,6f168c2c-529c-4ec8-9932-90d1b493cf87,Exercise,Health,true,true,30,40,minutes,1,false,COMPLIANT
36b7c788-d618-4556-ab20-4fd0b95e88f1,2026-04-30,6f168c2c-529c-4ec8-9932-90d1b493cf87,Reading,Learning,true,true,25,44,minutes,14,false,COMPLIANT
43dfbdf3-860c-4dbb-a4fd-5ee7c4aae481,2026-04-30,6f168c2c-529c-4ec8-9932-90d1b493cf87,Meditation,Wellbeing,true,false,10,0,minutes,0,false,NON_COMPLIANT
da32947f-1f74-4168-a701-b8d5c45a9bfb,2026-04-30,6f168c2c-529c-4ec8-9932-90d1b493cf87,Sleep before 11 pm,Recovery,true,true,1,1,completed,3,false,COMPLIANT
2ef4c315-3eb3-4b63-a2b8-1816546cb2f0,2026-04-30,6f168c2c-529c-4ec8-9932-90d1b493cf87,Budget review,Finance,false,false,1,0,completed,6,false,NOT_SCHEDULED
24d262d6-3940-4e9f-a9b8-7a74e4e7416f,2026-04-30,6f168c2c-529c-4ec8-9932-90d1b493cf87,Meal preparation,Nutrition,false,false,1,0,completed,0,false,NOT_SCHEDULED
d8e849f6-745e-48ec-a6d7-ab9abdad991f,2026-05-01,6f168c2c-529c-4ec8-9932-90d1b493cf87,Exercise,Health,true,true,30,31,minutes,2,false,COMPLIANT
e6137619-56a7-4386-a954-faa18297da4d,2026-05-01,6f168c2c-529c-4ec8-9932-90d1b493cf87,Reading,Learning,true,true,25,45,minutes,15,false,COMPLIANT
c194fb6a-abed-4aa9-ab04-b429549f33d7,2026-05-01,6f168c2c-529c-4ec8-9932-90d1b493cf87,Meditation,Wellbeing,true,false,10,0,minutes,0,false,NON_COMPLIANT
bf472945-0836-4be4-a57c-11fea58c66ca,2026-05-01,6f168c2c-529c-4ec8-9932-90d1b493cf87,Sleep before 11 pm,Recovery,true,true,1,1,completed,4,false,COMPLIANT
de5cdc6e-5cc2-425a-a546-320c599f54d3,2026-05-01,6f168c2c-529c-4ec8-9932-90d1b493cf87,Budget review,Finance,false,false,1,0,completed,6,false,NOT_SCHEDULED
9dddc00a-2e4b-4362-af1e-2b77b532e387,2026-05-01,6f168c2c-529c-4ec8-9932-90d1b493cf87,Meal preparation,Nutrition,false,false,1,0,completed,0,false,NOT_SCHEDULED
40ee712e-4315-4a1f-afe0-54504b2b0d0c,2026-05-02,6f168c2c-529c-4ec8-9932-90d1b493cf87,Exercise,Health,true,true,30,31,minutes,3,false,COMPLIANT
c6b1efa4-909e-4f4e-a139-f72552d4563c,2026-05-02,6f168c2c-529c-4ec8-9932-90d1b493cf87,Reading,Learning,true,true,25,39,minutes,16,false,COMPLIANT
7b115d48-4c7d-43bd-abfc-13f3fa9fd41d,2026-05-02,6f168c2c-529c-4ec8-9932-90d1b493cf87,Meditation,Wellbeing,true,false,10,0,minutes,0,false,NON_COMPLIANT
b8258a7e-1a0f-4853-a558-90ab22929343,2026-05-02,6f168c2c-529c-4ec8-9932-90d1b493cf87,Sleep before 11 pm,Recovery,true,true,1,1,completed,5,false,COMPLIANT
ba94bbf5-a384-4a1f-a2b2-2cdb759489f0,2026-05-02,6f168c2c-529c-4ec8-9932-90d1b493cf87,Budget review,Finance,false,false,1,0,completed,6,false,NOT_SCHEDULED
94e56a74-add3-42c8-a949-8c3e4e6a66e6,2026-05-02,6f168c2c-529c-4ec8-9932-90d1b493cf87,Meal preparation,Nutrition,false,false,1,0,completed,0,false,NOT_SCHEDULED
bd7b1efa-e563-489d-ac07-cecbfc06bc8a,2026-05-03,6f168c2c-529c-4ec8-9932-90d1b493cf87,Exercise,Health,false,false,30,0,minutes,3,false,NOT_SCHEDULED
81fa8636-43a2-4891-aea2-a782e35eaa94,2026-05-03,6f168c2c-529c-4ec8-9932-90d1b493cf87,Reading,Learning,true,false,25,0,minutes,0,false,NON_COMPLIANT
5ca0e9c3-8437-4b49-a8e3-565ed244c414,2026-05-03,6f168c2c-529c-4ec8-9932-90d1b493cf87,Meditation,Wellbeing,true,true,10,11,minutes,1,false,COMPLIANT
cb6f2a02-4abe-48dd-afc9-2c1816a7eacf,2026-05-03,6f168c2c-529c-4ec8-9932-90d1b493cf87,Sleep before 11 pm,Recovery,true,true,1,1,completed,6,false,COMPLIANT
25d64bca-f8ab-4389-a464-af625cd5be2a,2026-05-03,6f168c2c-529c-4ec8-9932-90d1b493cf87,Budget review,Finance,true,true,1,1,completed,7,false,COMPLIANT
59851ebb-63cb-44a1-acd1-c2c92178a385,2026-05-03,6f168c2c-529c-4ec8-9932-90d1b493cf87,Meal preparation,Nutrition,true,true,1,1,completed,1,false,COMPLIANT
c73fc20a-b897-42a4-a615-6983c5c6d665,2026-05-04,6f168c2c-529c-4ec8-9932-90d1b493cf87,Exercise,Health,true,true,30,27,minutes,4,false,COMPLIANT
64c0ed52-a92c-4996-a932-ff552b54a95d,2026-05-04,6f168c2c-529c-4ec8-9932-90d1b493cf87,Reading,Learning,true,false,25,0,minutes,0,false,NON_COMPLIANT
8c531d5c-8dec-40f4-afc2-053ae85afe40,2026-05-04,6f168c2c-529c-4ec8-9932-90d1b493cf87,Meditation,Wellbeing,true,true,10,10,minutes,2,false,COMPLIANT
73f8dca9-aff5-4d07-ad97-c4c891ce4c5f,2026-05-04,6f168c2c-529c-4ec8-9932-90d1b493cf87,Sleep before 11 pm,Recovery,true,false,1,0,completed,0,true,NON_COMPLIANT
9174265c-96ce-44b1-a6d8-5a209c6cc1ae,2026-05-04,6f168c2c-529c-4ec8-9932-90d1b493cf87,Budget review,Finance,false,false,1,0,completed,7,false,NOT_SCHEDULED
882f7812-54ac-40cc-a793-3cf55ca476ac,2026-05-04,6f168c2c-529c-4ec8-9932-90d1b493cf87,Meal preparation,Nutrition,false,false,1,0,completed,1,false,NOT_SCHEDULED
f30b845a-e5e9-4250-a50f-4f1000764dc4,2026-05-05,6f168c2c-529c-4ec8-9932-90d1b493cf87,Exercise,Health,true,true,30,32,minutes,5,false,COMPLIANT
6dcb59ae-04cb-4ee4-ad3e-8182b843fa60,2026-05-05,6f168c2c-529c-4ec8-9932-90d1b493cf87,Reading,Learning,true,true,25,44,minutes,1,false,COMPLIANT
2efa5136-3a09-47e8-aff6-0c9ab6c7a09c,2026-05-05,6f168c2c-529c-4ec8-9932-90d1b493cf87,Meditation,Wellbeing,true,true,10,15,minutes,3,false,COMPLIANT
644fc4b0-3065-4180-a8b8-fe7726980f9c,2026-05-05,6f168c2c-529c-4ec8-9932-90d1b493cf87,Sleep before 11 pm,Recovery,true,true,1,1,completed,1,false,COMPLIANT
c92f473e-a2ce-4040-a1fa-9e9f7717526a,2026-05-05,6f168c2c-529c-4ec8-9932-90d1b493cf87,Budget review,Finance,false,false,1,0,completed,7,false,NOT_SCHEDULED
6a6af068-6ece-43a2-aaa4-6fa1be9c494e,2026-05-05,6f168c2c-529c-4ec8-9932-90d1b493cf87,Meal preparation,Nutrition,false,false,1,0,completed,1,false,NOT_SCHEDULED
a8736a4d-e372-4765-af02-0fa6dd51c7d9,2026-05-06,6f168c2c-529c-4ec8-9932-90d1b493cf87,Exercise,Health,false,false,30,0,minutes,5,false,NOT_SCHEDULED
68ef139d-bf5c-4e14-adff-1c891d36b65b,2026-05-06,6f168c2c-529c-4ec8-9932-90d1b493cf87,Reading,Learning,true,true,25,25,minutes,2,false,COMPLIANT
5d2652c0-57d0-4c90-a9c7-e9cc9fd11869,2026-05-06,6f168c2c-529c-4ec8-9932-90d1b493cf87,Meditation,Wellbeing,true,false,10,0,minutes,0,false,NON_COMPLIANT
6941e4f3-dcdc-4bb4-a9bc-2a8c45a757c9,2026-05-06,6f168c2c-529c-4ec8-9932-90d1b493cf87,Sleep before 11 pm,Recovery,true,true,1,1,completed,2,false,COMPLIANT
37fc0e0b-06cd-4319-ab2b-ae370ef723ae,2026-05-06,6f168c2c-529c-4ec8-9932-90d1b493cf87,Budget review,Finance,false,false,1,0,completed,7,false,NOT_SCHEDULED
1c0c2c84-6d8a-4376-ae82-a9731ad20eaa,2026-05-06,6f168c2c-529c-4ec8-9932-90d1b493cf87,Meal preparation,Nutrition,true,true,1,1,completed,2,false,COMPLIANT
24c57fbc-0c40-4443-a3ba-02f17348afe7,2026-05-07,6f168c2c-529c-4ec8-9932-90d1b493cf87,Exercise,Health,true,true,30,48,minutes,6,false,COMPLIANT
dbe9d3ae-6a8e-4fad-afd6-bcfbca073841,2026-05-07,6f168c2c-529c-4ec8-9932-90d1b493cf87,Reading,Learning,true,false,25,0,minutes,0,false,NON_COMPLIANT
45fbcf61-3550-4c28-ac5d-a6ec410635da,2026-05-07,6f168c2c-529c-4ec8-9932-90d1b493cf87,Meditation,Wellbeing,true,true,10,12,minutes,1,false,COMPLIANT
52aac339-4cce-4e68-a89a-b189a3f7cc0e,2026-05-07,6f168c2c-529c-4ec8-9932-90d1b493cf87,Sleep before 11 pm,Recovery,true,false,1,0,completed,0,true,NON_COMPLIANT
f7b4376a-e00c-4cf8-ae3d-27abdc33f312,2026-05-07,6f168c2c-529c-4ec8-9932-90d1b493cf87,Budget review,Finance,false,false,1,0,completed,7,false,NOT_SCHEDULED
5fca18ed-5837-4de1-a2c1-9f402b3a79c7,2026-05-07,6f168c2c-529c-4ec8-9932-90d1b493cf87,Meal preparation,Nutrition,false,false,1,0,completed,2,false,NOT_SCHEDULED
8dc53cad-1057-4d6d-a33f-8b8a61f5bc86,2026-05-08,6f168c2c-529c-4ec8-9932-90d1b493cf87,Exercise,Health,true,true,30,36,minutes,7,false,COMPLIANT
5e1383a7-0980-4ebd-a539-84794c7f3676,2026-05-08,6f168c2c-529c-4ec8-9932-90d1b493cf87,Reading,Learning,true,true,25,39,minutes,1,false,COMPLIANT
ff1a1c3e-c040-4e73-afd1-f92f58ef5c3b,2026-05-08,6f168c2c-529c-4ec8-9932-90d1b493cf87,Meditation,Wellbeing,true,false,10,0,minutes,0,false,NON_COMPLIANT
c3a916b6-8383-4b88-a36e-705fa0488017,2026-05-08,6f168c2c-529c-4ec8-9932-90d1b493cf87,Sleep before 11 pm,Recovery,true,false,1,0,completed,0,true,NON_COMPLIANT
88d915ab-82f7-4e6c-a04c-689d438e1a75,2026-05-08,6f168c2c-529c-4ec8-9932-90d1b493cf87,Budget review,Finance,false,false,1,0,completed,7,false,NOT_SCHEDULED
84702b1a-b50a-46f2-ab2b-578d38068ae6,2026-05-08,6f168c2c-529c-4ec8-9932-90d1b493cf87,Meal preparation,Nutrition,false,false,1,0,completed,2,false,NOT_SCHEDULED
f5c84b17-5ad8-476b-a47f-3e8b93237915,2026-05-09,6f168c2c-529c-4ec8-9932-90d1b493cf87,Exercise,Health,true,true,30,36,minutes,8,false,COMPLIANT
c1b519c2-5dcf-4306-aee7-e1505e0ac159,2026-05-09,6f168c2c-529c-4ec8-9932-90d1b493cf87,Reading,Learning,true,true,25,41,minutes,2,false,COMPLIANT
e0b95c73-f967-4b15-a43c-1107ea85b625,2026-05-09,6f168c2c-529c-4ec8-9932-90d1b493cf87,Meditation,Wellbeing,true,false,10,0,minutes,0,false,NON_COMPLIANT
c3459b9f-0f69-4778-a5f4-108e53858162,2026-05-09,6f168c2c-529c-4ec8-9932-90d1b493cf87,Sleep before 11 pm,Recovery,true,true,1,1,completed,1,false,COMPLIANT
916abb3b-4a1d-4c7c-ad9a-6019d215cc8d,2026-05-09,6f168c2c-529c-4ec8-9932-90d1b493cf87,Budget review,Finance,false,false,1,0,completed,7,false,NOT_SCHEDULED
d4f32397-151f-4886-a5ed-a612d71aeead,2026-05-09,6f168c2c-529c-4ec8-9932-90d1b493cf87,Meal preparation,Nutrition,false,false,1,0,completed,2,false,NOT_SCHEDULED
11c0c8f1-b49b-4d24-a97d-475c5790418e,2026-05-10,6f168c2c-529c-4ec8-9932-90d1b493cf87,Exercise,Health,false,false,30,0,minutes,8,false,NOT_SCHEDULED
546e0e3e-3c51-40f0-a146-d45864eea1d3,2026-05-10,6f168c2c-529c-4ec8-9932-90d1b493cf87,Reading,Learning,true,true,25,29,minutes,3,false,COMPLIANT
d9d67ce7-59a2-4956-a751-cc90e8ab09d5,2026-05-10,6f168c2c-529c-4ec8-9932-90d1b493cf87,Meditation,Wellbeing,true,true,10,16,minutes,1,false,COMPLIANT
a3c1c932-f6ea-4f5f-ae77-3683d0e4a6d4,2026-05-10,6f168c2c-529c-4ec8-9932-90d1b493cf87,Sleep before 11 pm,Recovery,true,true,1,1,completed,2,false,COMPLIANT
9bbac6a0-435b-4996-a221-cbfe12e81869,2026-05-10,6f168c2c-529c-4ec8-9932-90d1b493cf87,Budget review,Finance,true,true,1,1,completed,8,false,COMPLIANT
5bc66809-5e28-418a-a043-2250266eba54,2026-05-10,6f168c2c-529c-4ec8-9932-90d1b493cf87,Meal preparation,Nutrition,true,true,1,1,completed,3,false,COMPLIANT
fd0945c0-6c60-495c-afe1-2c45b0c4a477,2026-05-11,6f168c2c-529c-4ec8-9932-90d1b493cf87,Exercise,Health,true,true,30,27,minutes,9,false,COMPLIANT
dc7fb626-5dba-4f73-a80b-74c952d8e41e,2026-05-11,6f168c2c-529c-4ec8-9932-90d1b493cf87,Reading,Learning,true,true,25,32,minutes,4,false,COMPLIANT
88fd9718-45f6-4c7b-a586-5c3ce6d4110d,2026-05-11,6f168c2c-529c-4ec8-9932-90d1b493cf87,Meditation,Wellbeing,true,false,10,0,minutes,0,false,NON_COMPLIANT
b1383ad7-1cb7-4d82-a227-4443f41cddd8,2026-05-11,6f168c2c-529c-4ec8-9932-90d1b493cf87,Sleep before 11 pm,Recovery,true,true,1,1,completed,3,false,COMPLIANT
e1c13387-8303-4ef8-ad93-6d9c8247e6ac,2026-05-11,6f168c2c-529c-4ec8-9932-90d1b493cf87,Budget review,Finance,false,false,1,0,completed,8,false,NOT_SCHEDULED
92669e00-718d-4a9f-a51e-b2d35159c134,2026-05-11,6f168c2c-529c-4ec8-9932-90d1b493cf87,Meal preparation,Nutrition,false,false,1,0,completed,3,false,NOT_SCHEDULED
1b1c3e1c-b21f-472d-a2d3-f6680789cd90,2026-05-12,6f168c2c-529c-4ec8-9932-90d1b493cf87,Exercise,Health,true,true,30,28,minutes,10,false,COMPLIANT
19bbdc8e-9a56-4c64-acbf-f3dae195d291,2026-05-12,6f168c2c-529c-4ec8-9932-90d1b493cf87,Reading,Learning,true,true,25,25,minutes,5,false,COMPLIANT
3dfed9b6-408c-43b3-a521-8cdbed97c435,2026-05-12,6f168c2c-529c-4ec8-9932-90d1b493cf87,Meditation,Wellbeing,true,false,10,0,minutes,0,false,NON_COMPLIANT
77948fa1-2f9c-44b5-a694-f13768ca74d4,2026-05-12,6f168c2c-529c-4ec8-9932-90d1b493cf87,Sleep before 11 pm,Recovery,true,true,1,1,completed,4,false,COMPLIANT
5689e12e-2b73-4086-a856-08b034716fde,2026-05-12,6f168c2c-529c-4ec8-9932-90d1b493cf87,Budget review,Finance,false,false,1,0,completed,8,false,NOT_SCHEDULED
3d8489d2-b0c7-425d-ac97-13bdcad28480,2026-05-12,6f168c2c-529c-4ec8-9932-90d1b493cf87,Meal preparation,Nutrition,false,false,1,0,completed,3,false,NOT_SCHEDULED
9a72f449-a31c-4e68-aac2-1734941a0ce4,2026-05-13,6f168c2c-529c-4ec8-9932-90d1b493cf87,Exercise,Health,false,false,30,0,minutes,10,false,NOT_SCHEDULED
80d79908-bf41-428c-a700-d348964f345c,2026-05-13,6f168c2c-529c-4ec8-9932-90d1b493cf87,Reading,Learning,true,false,25,0,minutes,0,false,NON_COMPLIANT
ca5013f3-d961-458b-a444-906c1747bcd3,2026-05-13,6f168c2c-529c-4ec8-9932-90d1b493cf87,Meditation,Wellbeing,true,true,10,17,minutes,1,false,COMPLIANT
43fafe2d-0a3d-49f6-aca7-b2974b2c38ee,2026-05-13,6f168c2c-529c-4ec8-9932-90d1b493cf87,Sleep before 11 pm,Recovery,true,true,1,1,completed,5,false,COMPLIANT
e513f8e2-9a8f-4a58-a918-c2a0270bcffc,2026-05-13,6f168c2c-529c-4ec8-9932-90d1b493cf87,Budget review,Finance,false,false,1,0,completed,8,false,NOT_SCHEDULED
9bda051f-6943-4c10-aef3-9e472440c33e,2026-05-13,6f168c2c-529c-4ec8-9932-90d1b493cf87,Meal preparation,Nutrition,true,true,1,1,completed,4,false,COMPLIANT
241af021-cdcd-4785-a906-45fb4cecde0a,2026-05-14,6f168c2c-529c-4ec8-9932-90d1b493cf87,Exercise,Health,true,false,30,0,minutes,0,false,NON_COMPLIANT
14983494-90fb-4a6f-a100-7656c226568f,2026-05-14,6f168c2c-529c-4ec8-9932-90d1b493cf87,Reading,Learning,true,true,25,39,minutes,1,false,COMPLIANT
0f20f046-8c76-40cb-a082-8593197312ba,2026-05-14,6f168c2c-529c-4ec8-9932-90d1b493cf87,Meditation,Wellbeing,true,false,10,0,minutes,0,false,NON_COMPLIANT
4f8f700b-ffcc-40a5-aac2-d9fcaa19a246,2026-05-14,6f168c2c-529c-4ec8-9932-90d1b493cf87,Sleep before 11 pm,Recovery,true,false,1,0,completed,0,true,NON_COMPLIANT
a2c92fb8-d8a2-4895-a5f0-3992aef26d3f,2026-05-14,6f168c2c-529c-4ec8-9932-90d1b493cf87,Budget review,Finance,false,false,1,0,completed,8,false,NOT_SCHEDULED
ba25bb20-4c34-4274-a5ac-d6aa5da93156,2026-05-14,6f168c2c-529c-4ec8-9932-90d1b493cf87,Meal preparation,Nutrition,false,false,1,0,completed,4,false,NOT_SCHEDULED
32e076b7-075c-45e4-a169-1d85ed8db3fd,2026-05-15,6f168c2c-529c-4ec8-9932-90d1b493cf87,Exercise,Health,true,true,30,39,minutes,1,false,COMPLIANT
ec669918-c3a2-4e57-a0be-df9662c740ed,2026-05-15,6f168c2c-529c-4ec8-9932-90d1b493cf87,Reading,Learning,true,true,25,38,minutes,2,false,COMPLIANT
6d76da7f-013f-4e56-a837-604247f7f8e1,2026-05-15,6f168c2c-529c-4ec8-9932-90d1b493cf87,Meditation,Wellbeing,true,true,10,17,minutes,1,false,COMPLIANT
757df1c0-6a38-4b66-ae28-8075295dc2f0,2026-05-15,6f168c2c-529c-4ec8-9932-90d1b493cf87,Sleep before 11 pm,Recovery,true,true,1,1,completed,1,false,COMPLIANT
41ca3333-b3b6-433f-a6ae-4aa78c22a2b7,2026-05-15,6f168c2c-529c-4ec8-9932-90d1b493cf87,Budget review,Finance,false,false,1,0,completed,8,false,NOT_SCHEDULED
4ab00e0f-b472-469e-aebd-a8c90ed5f0f4,2026-05-15,6f168c2c-529c-4ec8-9932-90d1b493cf87,Meal preparation,Nutrition,false,false,1,0,completed,4,false,NOT_SCHEDULED
267e9756-9a18-4a00-a8c0-a64aab3a339b,2026-05-16,6f168c2c-529c-4ec8-9932-90d1b493cf87,Exercise,Health,true,true,30,48,minutes,2,false,COMPLIANT
fbea0dc6-f325-4022-ab3b-a36e583f2d29,2026-05-16,6f168c2c-529c-4ec8-9932-90d1b493cf87,Reading,Learning,true,true,25,43,minutes,3,false,COMPLIANT
afa5094d-2588-401b-ad06-586017c48861,2026-05-16,6f168c2c-529c-4ec8-9932-90d1b493cf87,Meditation,Wellbeing,true,true,10,14,minutes,2,false,COMPLIANT
d5bc406c-2a33-421a-a398-b8e4aba7511c,2026-05-16,6f168c2c-529c-4ec8-9932-90d1b493cf87,Sleep before 11 pm,Recovery,true,false,1,0,completed,0,true,NON_COMPLIANT
3c853226-1d37-47a9-abb2-bc59aa09d411,2026-05-16,6f168c2c-529c-4ec8-9932-90d1b493cf87,Budget review,Finance,false,false,1,0,completed,8,false,NOT_SCHEDULED
9511b18f-44ca-47b5-a309-f44f8abb0b62,2026-05-16,6f168c2c-529c-4ec8-9932-90d1b493cf87,Meal preparation,Nutrition,false,false,1,0,completed,4,false,NOT_SCHEDULED
c016adc8-26a2-47b7-af3d-aa07b14428c9,2026-05-17,6f168c2c-529c-4ec8-9932-90d1b493cf87,Exercise,Health,false,false,30,0,minutes,2,false,NOT_SCHEDULED
69308893-65bb-4e84-a4ba-fb7a2af585a1,2026-05-17,6f168c2c-529c-4ec8-9932-90d1b493cf87,Reading,Learning,true,true,25,38,minutes,4,false,COMPLIANT
93e9885d-e9d9-40b5-a65f-278567f608c3,2026-05-17,6f168c2c-529c-4ec8-9932-90d1b493cf87,Meditation,Wellbeing,true,false,10,0,minutes,0,false,NON_COMPLIANT
f80672e7-ac63-43fc-a7c9-1d4daab4caae,2026-05-17,6f168c2c-529c-4ec8-9932-90d1b493cf87,Sleep before 11 pm,Recovery,true,false,1,0,completed,0,true,NON_COMPLIANT
2dfb8985-0452-40e4-a2ed-f448524917a7,2026-05-17,6f168c2c-529c-4ec8-9932-90d1b493cf87,Budget review,Finance,true,true,1,1,completed,9,false,COMPLIANT
af8a1a6d-4fbb-4869-a1d0-491878f5e3ec,2026-05-17,6f168c2c-529c-4ec8-9932-90d1b493cf87,Meal preparation,Nutrition,true,true,1,1,completed,5,false,COMPLIANT
2cf12ff1-17fb-43f1-a4b3-5b2594c792b1,2026-05-18,6f168c2c-529c-4ec8-9932-90d1b493cf87,Exercise,Health,true,true,30,28,minutes,3,false,COMPLIANT
fc6b2bc7-8a20-436b-a7c2-9291f8733759,2026-05-18,6f168c2c-529c-4ec8-9932-90d1b493cf87,Reading,Learning,true,true,25,32,minutes,5,false,COMPLIANT
ae09d4b6-8ee5-484c-ac92-5e78c6184743,2026-05-18,6f168c2c-529c-4ec8-9932-90d1b493cf87,Meditation,Wellbeing,true,true,10,12,minutes,1,false,COMPLIANT
bcc27ef9-3839-4f63-a422-ecf4fedabd7f,2026-05-18,6f168c2c-529c-4ec8-9932-90d1b493cf87,Sleep before 11 pm,Recovery,true,true,1,1,completed,1,false,COMPLIANT
e9d764c4-604b-49bf-a2dd-d180ff46ac65,2026-05-18,6f168c2c-529c-4ec8-9932-90d1b493cf87,Budget review,Finance,false,false,1,0,completed,9,false,NOT_SCHEDULED
72c61e11-f4ae-489d-a81a-5dacbea591ad,2026-05-18,6f168c2c-529c-4ec8-9932-90d1b493cf87,Meal preparation,Nutrition,false,false,1,0,completed,5,false,NOT_SCHEDULED
afeff520-c769-48f4-a500-8adc54257e4a,2026-05-19,6f168c2c-529c-4ec8-9932-90d1b493cf87,Exercise,Health,true,false,30,0,minutes,0,false,NON_COMPLIANT
a6553dc2-b496-428a-af12-2fd2cf65a102,2026-05-19,6f168c2c-529c-4ec8-9932-90d1b493cf87,Reading,Learning,true,true,25,33,minutes,6,false,COMPLIANT
15af06a8-4e3c-4bad-a5da-3b9f5b56b647,2026-05-19,6f168c2c-529c-4ec8-9932-90d1b493cf87,Meditation,Wellbeing,true,true,10,15,minutes,2,false,COMPLIANT
9bb9b776-01ac-48ed-a025-9454a1c1dad7,2026-05-19,6f168c2c-529c-4ec8-9932-90d1b493cf87,Sleep before 11 pm,Recovery,true,true,1,1,completed,2,false,COMPLIANT
99815b4d-b601-4b2f-ac9a-f2b79cf439ce,2026-05-19,6f168c2c-529c-4ec8-9932-90d1b493cf87,Budget review,Finance,false,false,1,0,completed,9,false,NOT_SCHEDULED
1de8b38c-218d-4451-a1cc-a671e897e08d,2026-05-19,6f168c2c-529c-4ec8-9932-90d1b493cf87,Meal preparation,Nutrition,false,false,1,0,completed,5,false,NOT_SCHEDULED
1d07154e-8a6c-4da7-ab32-cbe57980c54c,2026-05-20,6f168c2c-529c-4ec8-9932-90d1b493cf87,Exercise,Health,false,false,30,0,minutes,0,false,NOT_SCHEDULED
2549822a-ffa6-4627-af65-837e2086c02d,2026-05-20,6f168c2c-529c-4ec8-9932-90d1b493cf87,Reading,Learning,true,true,25,30,minutes,7,false,COMPLIANT
48cf3a57-ce76-4135-a794-9a68ed6e4f00,2026-05-20,6f168c2c-529c-4ec8-9932-90d1b493cf87,Meditation,Wellbeing,true,true,10,10,minutes,3,false,COMPLIANT
6986ddd1-88be-47f0-a202-50d610513e54,2026-05-20,6f168c2c-529c-4ec8-9932-90d1b493cf87,Sleep before 11 pm,Recovery,true,true,1,1,completed,3,false,COMPLIANT
6dc3dbed-f831-4e75-a688-0d1e45e6fa19,2026-05-20,6f168c2c-529c-4ec8-9932-90d1b493cf87,Budget review,Finance,false,false,1,0,completed,9,false,NOT_SCHEDULED
45a7e4c1-f335-4fd2-a91f-a36d117a88a0,2026-05-20,6f168c2c-529c-4ec8-9932-90d1b493cf87,Meal preparation,Nutrition,true,true,1,1,completed,6,false,COMPLIANT
8052eec1-b1b9-42c7-ab20-77167e4c4805,2026-05-21,6f168c2c-529c-4ec8-9932-90d1b493cf87,Exercise,Health,true,true,30,51,minutes,1,false,COMPLIANT
d6e8b924-8111-44a1-ab4c-a6d8e5edd87f,2026-05-21,6f168c2c-529c-4ec8-9932-90d1b493cf87,Reading,Learning,true,true,25,35,minutes,8,false,COMPLIANT
5e2e059a-f777-47af-acf8-a3782dc0976d,2026-05-21,6f168c2c-529c-4ec8-9932-90d1b493cf87,Meditation,Wellbeing,true,true,10,13,minutes,4,false,COMPLIANT
95fd1efd-b689-44e1-a5fb-4ad068adb8c6,2026-05-21,6f168c2c-529c-4ec8-9932-90d1b493cf87,Sleep before 11 pm,Recovery,true,true,1,1,completed,4,false,COMPLIANT
81bc1642-b83b-406f-a608-d3567d144ef2,2026-05-21,6f168c2c-529c-4ec8-9932-90d1b493cf87,Budget review,Finance,false,false,1,0,completed,9,false,NOT_SCHEDULED
ce9b6066-894f-467f-a073-c77a56f8ce03,2026-05-21,6f168c2c-529c-4ec8-9932-90d1b493cf87,Meal preparation,Nutrition,false,false,1,0,completed,6,false,NOT_SCHEDULED
bbc74a36-9336-4cb5-a6ce-195a5370c3b8,2026-05-22,6f168c2c-529c-4ec8-9932-90d1b493cf87,Exercise,Health,true,true,30,34,minutes,2,false,COMPLIANT
f9893b37-57e8-4a67-a3a6-f4ab45d82e71,2026-05-22,6f168c2c-529c-4ec8-9932-90d1b493cf87,Reading,Learning,true,true,25,39,minutes,9,false,COMPLIANT
4e4eb198-d76a-4125-a78a-38ab88c92286,2026-05-22,6f168c2c-529c-4ec8-9932-90d1b493cf87,Meditation,Wellbeing,true,true,10,15,minutes,5,false,COMPLIANT
f3efe132-9d9e-4dd2-accb-2c92de7163f7,2026-05-22,6f168c2c-529c-4ec8-9932-90d1b493cf87,Sleep before 11 pm,Recovery,true,true,1,1,completed,5,false,COMPLIANT
9ab59057-ec0e-44d6-abb6-7502dccea4c4,2026-05-22,6f168c2c-529c-4ec8-9932-90d1b493cf87,Budget review,Finance,false,false,1,0,completed,9,false,NOT_SCHEDULED
39104c22-f749-4eb9-ac43-2a9bbbe48e04,2026-05-22,6f168c2c-529c-4ec8-9932-90d1b493cf87,Meal preparation,Nutrition,false,false,1,0,completed,6,false,NOT_SCHEDULED
ab2a64ab-3a3d-443d-a570-e7c9367a9de3,2026-05-23,6f168c2c-529c-4ec8-9932-90d1b493cf87,Exercise,Health,true,false,30,0,minutes,0,false,NON_COMPLIANT
c0a9f2f7-ed8c-451e-ab4c-ba5009defdf5,2026-05-23,6f168c2c-529c-4ec8-9932-90d1b493cf87,Reading,Learning,true,true,25,28,minutes,10,false,COMPLIANT
5869bda2-a177-47b5-a5a9-30b43c1ffca7,2026-05-23,6f168c2c-529c-4ec8-9932-90d1b493cf87,Meditation,Wellbeing,true,true,10,15,minutes,6,false,COMPLIANT
1f960058-cb07-4738-a5db-7e3a12d2c8d1,2026-05-23,6f168c2c-529c-4ec8-9932-90d1b493cf87,Sleep before 11 pm,Recovery,true,true,1,1,completed,6,false,COMPLIANT
e872b5b1-64c3-44ff-a7d4-8e8659f8d089,2026-05-23,6f168c2c-529c-4ec8-9932-90d1b493cf87,Budget review,Finance,false,false,1,0,completed,9,false,NOT_SCHEDULED
16bdacd8-84ed-4cd3-a36f-6c9726581c48,2026-05-23,6f168c2c-529c-4ec8-9932-90d1b493cf87,Meal preparation,Nutrition,false,false,1,0,completed,6,false,NOT_SCHEDULED
c7fa42d3-cdcc-478e-a3c1-e9fb68b9baf4,2026-05-24,6f168c2c-529c-4ec8-9932-90d1b493cf87,Exercise,Health,false,false,30,0,minutes,0,false,NOT_SCHEDULED
89e5aa8a-4707-4d74-a9e5-af698c420183,2026-05-24,6f168c2c-529c-4ec8-9932-90d1b493cf87,Reading,Learning,true,false,25,0,minutes,0,false,NON_COMPLIANT
228c4873-801a-4847-a1c4-47bdb6c31d41,2026-05-24,6f168c2c-529c-4ec8-9932-90d1b493cf87,Meditation,Wellbeing,true,true,10,9,minutes,7,false,COMPLIANT
2b97530b-00d7-4023-aa7d-3863c81f0ad7,2026-05-24,6f168c2c-529c-4ec8-9932-90d1b493cf87,Sleep before 11 pm,Recovery,true,false,1,0,completed,0,true,NON_COMPLIANT
d12dbe50-6141-4ffa-aff2-1fab33d26f27,2026-05-24,6f168c2c-529c-4ec8-9932-90d1b493cf87,Budget review,Finance,true,true,1,1,completed,10,false,COMPLIANT
003e8d77-06b4-4b40-abd8-2841c04687d4,2026-05-24,6f168c2c-529c-4ec8-9932-90d1b493cf87,Meal preparation,Nutrition,true,true,1,1,completed,7,false,COMPLIANT
b2498ba2-fea0-414f-a690-94933cff4df9,2026-05-25,6f168c2c-529c-4ec8-9932-90d1b493cf87,Exercise,Health,true,true,30,33,minutes,1,false,COMPLIANT
b1f547a7-206d-4728-a1fd-8c7d9ec601c7,2026-05-25,6f168c2c-529c-4ec8-9932-90d1b493cf87,Reading,Learning,true,true,25,24,minutes,1,false,COMPLIANT
9de9d053-3a94-443d-a0bc-9a53053a7aab,2026-05-25,6f168c2c-529c-4ec8-9932-90d1b493cf87,Meditation,Wellbeing,true,true,10,9,minutes,8,false,COMPLIANT
23f1f3e1-92e6-4b54-a405-54fe8c98a962,2026-05-25,6f168c2c-529c-4ec8-9932-90d1b493cf87,Sleep before 11 pm,Recovery,true,false,1,0,completed,0,true,NON_COMPLIANT
d575d556-0c72-46d4-a5d4-bd84ad7033f4,2026-05-25,6f168c2c-529c-4ec8-9932-90d1b493cf87,Budget review,Finance,false,false,1,0,completed,10,false,NOT_SCHEDULED
07aed531-4020-4024-af13-6a4653fe65bb,2026-05-25,6f168c2c-529c-4ec8-9932-90d1b493cf87,Meal preparation,Nutrition,false,false,1,0,completed,7,false,NOT_SCHEDULED
e10e72ab-73c0-4353-ae1f-8068e97311bd,2026-05-26,6f168c2c-529c-4ec8-9932-90d1b493cf87,Exercise,Health,true,true,30,41,minutes,2,false,COMPLIANT
d7e7c9e5-47a3-4fe5-a37f-837037bcce47,2026-05-26,6f168c2c-529c-4ec8-9932-90d1b493cf87,Reading,Learning,true,true,25,32,minutes,2,false,COMPLIANT
0c217997-88c6-475f-a27e-aa8b7adb7ba2,2026-05-26,6f168c2c-529c-4ec8-9932-90d1b493cf87,Meditation,Wellbeing,true,true,10,12,minutes,9,false,COMPLIANT
0be46b94-0b81-4c9e-a9ef-4d44a36b326c,2026-05-26,6f168c2c-529c-4ec8-9932-90d1b493cf87,Sleep before 11 pm,Recovery,true,false,1,0,completed,0,true,NON_COMPLIANT
c52df7ef-9869-43c0-aeda-672eb9660239,2026-05-26,6f168c2c-529c-4ec8-9932-90d1b493cf87,Budget review,Finance,false,false,1,0,completed,10,false,NOT_SCHEDULED
ce673ee0-17a6-429b-a6c6-9215c64b580d,2026-05-26,6f168c2c-529c-4ec8-9932-90d1b493cf87,Meal preparation,Nutrition,false,false,1,0,completed,7,false,NOT_SCHEDULED
13f2fa75-44ed-4328-adfa-385b7157197f,2026-05-27,6f168c2c-529c-4ec8-9932-90d1b493cf87,Exercise,Health,false,false,30,0,minutes,2,false,NOT_SCHEDULED
d13400fe-ceab-4c1a-a6bd-5ce279f7fef5,2026-05-27,6f168c2c-529c-4ec8-9932-90d1b493cf87,Reading,Learning,true,true,25,36,minutes,3,false,COMPLIANT
d90521a3-c878-401b-a076-fceafc5e3429,2026-05-27,6f168c2c-529c-4ec8-9932-90d1b493cf87,Meditation,Wellbeing,true,true,10,9,minutes,10,false,COMPLIANT
94140fc5-d8df-42f1-a6cc-6afe9c1da4a2,2026-05-27,6f168c2c-529c-4ec8-9932-90d1b493cf87,Sleep before 11 pm,Recovery,true,false,1,0,completed,0,true,NON_COMPLIANT
9bef3b17-6b54-4f63-a4bd-8cc9646dd070,2026-05-27,6f168c2c-529c-4ec8-9932-90d1b493cf87,Budget review,Finance,false,false,1,0,completed,10,false,NOT_SCHEDULED
c3b4f706-78db-4408-ad61-1ce506e5a1ee,2026-05-27,6f168c2c-529c-4ec8-9932-90d1b493cf87,Meal preparation,Nutrition,true,true,1,1,completed,8,false,COMPLIANT
b2ac4ba2-5ffe-4c90-a265-3f84fbb12383,2026-05-28,6f168c2c-529c-4ec8-9932-90d1b493cf87,Exercise,Health,true,true,30,32,minutes,3,false,COMPLIANT
9c90e01d-e036-4c1b-af74-ef9c8b6ee0a9,2026-05-28,6f168c2c-529c-4ec8-9932-90d1b493cf87,Reading,Learning,true,true,25,31,minutes,4,false,COMPLIANT
5421643b-f413-4a01-a13c-46ec55e1852d,2026-05-28,6f168c2c-529c-4ec8-9932-90d1b493cf87,Meditation,Wellbeing,true,false,10,0,minutes,0,false,NON_COMPLIANT
ac862797-4b53-45e0-a3b5-948c25640afd,2026-05-28,6f168c2c-529c-4ec8-9932-90d1b493cf87,Sleep before 11 pm,Recovery,true,true,1,1,completed,1,false,COMPLIANT
1355826e-ec55-4d8c-aa20-649be6fff221,2026-05-28,6f168c2c-529c-4ec8-9932-90d1b493cf87,Budget review,Finance,false,false,1,0,completed,10,false,NOT_SCHEDULED
3de095e6-7d24-4f16-a353-5ff5737caff2,2026-05-28,6f168c2c-529c-4ec8-9932-90d1b493cf87,Meal preparation,Nutrition,false,false,1,0,completed,8,false,NOT_SCHEDULED
7ac67f6f-272f-487e-ad93-b52a8a321fa2,2026-05-29,6f168c2c-529c-4ec8-9932-90d1b493cf87,Exercise,Health,true,true,30,39,minutes,4,false,COMPLIANT
ffbfb54f-e75e-41fe-a107-ea4704b432bd,2026-05-29,6f168c2c-529c-4ec8-9932-90d1b493cf87,Reading,Learning,true,true,25,43,minutes,5,false,COMPLIANT
98b862d5-5d1c-4e72-aa3c-baf5a6a0d40d,2026-05-29,6f168c2c-529c-4ec8-9932-90d1b493cf87,Meditation,Wellbeing,true,true,10,11,minutes,1,false,COMPLIANT
42b98515-f3c0-429e-adaf-7a74ac6b23c4,2026-05-29,6f168c2c-529c-4ec8-9932-90d1b493cf87,Sleep before 11 pm,Recovery,true,true,1,1,completed,2,false,COMPLIANT
1a566ef8-e4f1-4fb9-ac65-2f3b6ebff0f7,2026-05-29,6f168c2c-529c-4ec8-9932-90d1b493cf87,Budget review,Finance,false,false,1,0,completed,10,false,NOT_SCHEDULED
320d93c1-6ff8-45c2-a297-0816680b99c3,2026-05-29,6f168c2c-529c-4ec8-9932-90d1b493cf87,Meal preparation,Nutrition,false,false,1,0,completed,8,false,NOT_SCHEDULED
782c8740-10f3-4fc2-af02-a7cbcb9fbf6b,2026-05-30,6f168c2c-529c-4ec8-9932-90d1b493cf87,Exercise,Health,true,false,30,0,minutes,0,false,NON_COMPLIANT
0ae88ae2-ffaf-4541-a6e7-7edd6425d51c,2026-05-30,6f168c2c-529c-4ec8-9932-90d1b493cf87,Reading,Learning,true,true,25,42,minutes,6,false,COMPLIANT
4410072c-2b9f-472d-a5e7-fd7154c8506e,2026-05-30,6f168c2c-529c-4ec8-9932-90d1b493cf87,Meditation,Wellbeing,true,false,10,0,minutes,0,false,NON_COMPLIANT
2e64ca75-0390-4f15-a675-1fca191dd6d9,2026-05-30,6f168c2c-529c-4ec8-9932-90d1b493cf87,Sleep before 11 pm,Recovery,true,true,1,1,completed,3,false,COMPLIANT
cf25df7c-4eba-4491-a1a7-78bc1e4ece76,2026-05-30,6f168c2c-529c-4ec8-9932-90d1b493cf87,Budget review,Finance,false,false,1,0,completed,10,false,NOT_SCHEDULED
9be6fb33-5ac4-4e78-ad0c-176e42884045,2026-05-30,6f168c2c-529c-4ec8-9932-90d1b493cf87,Meal preparation,Nutrition,false,false,1,0,completed,8,false,NOT_SCHEDULED
c00db831-8cd2-4b9d-a535-e5ff1d4f339c,2026-05-31,6f168c2c-529c-4ec8-9932-90d1b493cf87,Exercise,Health,false,false,30,0,minutes,0,false,NOT_SCHEDULED
0d41f635-c843-4f17-a75b-1b65dac8b622,2026-05-31,6f168c2c-529c-4ec8-9932-90d1b493cf87,Reading,Learning,true,true,25,41,minutes,7,false,COMPLIANT
8db7a108-446e-459e-a7c9-f6a72b4e45cb,2026-05-31,6f168c2c-529c-4ec8-9932-90d1b493cf87,Meditation,Wellbeing,true,true,10,9,minutes,1,false,COMPLIANT
ea0bff16-c492-4b6c-a615-89125ebfb424,2026-05-31,6f168c2c-529c-4ec8-9932-90d1b493cf87,Sleep before 11 pm,Recovery,true,true,1,1,completed,4,false,COMPLIANT
3cc12cda-b3b6-4cb0-a2cd-7d2a664b1ed1,2026-05-31,6f168c2c-529c-4ec8-9932-90d1b493cf87,Budget review,Finance,true,true,1,1,completed,11,false,COMPLIANT
f2156827-cbab-4e95-a988-1d69215bfe19,2026-05-31,6f168c2c-529c-4ec8-9932-90d1b493cf87,Meal preparation,Nutrition,true,true,1,1,completed,9,false,COMPLIANT
423626c0-0876-4bc7-a763-06a0760f5c84,2026-06-01,6f168c2c-529c-4ec8-9932-90d1b493cf87,Exercise,Health,true,true,30,46,minutes,1,false,COMPLIANT
dc0fb9d6-a43a-404a-a9b2-555b5b9efaaf,2026-06-01,6f168c2c-529c-4ec8-9932-90d1b493cf87,Reading,Learning,true,false,25,0,minutes,0,false,NON_COMPLIANT
f975dc4e-be0c-45a1-a04c-0802fc9ed64b,2026-06-01,6f168c2c-529c-4ec8-9932-90d1b493cf87,Meditation,Wellbeing,true,true,10,18,minutes,2,false,COMPLIANT
50de1aa5-17c4-477c-a1e0-ec292c675e2d,2026-06-01,6f168c2c-529c-4ec8-9932-90d1b493cf87,Sleep before 11 pm,Recovery,true,true,1,1,completed,5,false,COMPLIANT
fd15e176-447b-4365-a8d7-db69741d6511,2026-06-01,6f168c2c-529c-4ec8-9932-90d1b493cf87,Budget review,Finance,false,false,1,0,completed,11,false,NOT_SCHEDULED
708a7475-0f3d-47c1-adc0-a1720483c958,2026-06-01,6f168c2c-529c-4ec8-9932-90d1b493cf87,Meal preparation,Nutrition,false,false,1,0,completed,9,false,NOT_SCHEDULED
c669b9c5-fb21-4bd5-af23-90567ffbc1d0,2026-06-02,6f168c2c-529c-4ec8-9932-90d1b493cf87,Exercise,Health,true,false,30,0,minutes,0,false,NON_COMPLIANT
0e271fbd-9416-4432-ad23-6bf221946247,2026-06-02,6f168c2c-529c-4ec8-9932-90d1b493cf87,Reading,Learning,true,true,25,32,minutes,1,false,COMPLIANT
48333083-e8d0-4e16-a8de-5239eddc55eb,2026-06-02,6f168c2c-529c-4ec8-9932-90d1b493cf87,Meditation,Wellbeing,true,true,10,11,minutes,3,false,COMPLIANT
2d7a3207-8e43-4f1c-a34a-e675e0b43c57,2026-06-02,6f168c2c-529c-4ec8-9932-90d1b493cf87,Sleep before 11 pm,Recovery,true,true,1,1,completed,6,false,COMPLIANT
6468311a-fdfc-4a68-a263-10983b275d4b,2026-06-02,6f168c2c-529c-4ec8-9932-90d1b493cf87,Budget review,Finance,false,false,1,0,completed,11,false,NOT_SCHEDULED
8c830ed6-8332-4229-a2f0-1512a3d1ddc8,2026-06-02,6f168c2c-529c-4ec8-9932-90d1b493cf87,Meal preparation,Nutrition,false,false,1,0,completed,9,false,NOT_SCHEDULED
c0ff6a9f-e2ca-47c6-a1cd-fefad904ec23,2026-06-03,6f168c2c-529c-4ec8-9932-90d1b493cf87,Exercise,Health,false,false,30,0,minutes,0,false,NOT_SCHEDULED
e7f90a83-3f51-45b3-adec-dda08635e320,2026-06-03,6f168c2c-529c-4ec8-9932-90d1b493cf87,Reading,Learning,true,true,25,26,minutes,2,false,COMPLIANT
eeab5df2-8f4f-4e8f-ad09-e1b027fa5609,2026-06-03,6f168c2c-529c-4ec8-9932-90d1b493cf87,Meditation,Wellbeing,true,false,10,0,minutes,0,false,NON_COMPLIANT
5ad3f66c-26c6-4183-a619-1645d8476d54,2026-06-03,6f168c2c-529c-4ec8-9932-90d1b493cf87,Sleep before 11 pm,Recovery,true,true,1,1,completed,7,false,COMPLIANT
faa1a664-2558-40a9-a438-dd86849a9f41,2026-06-03,6f168c2c-529c-4ec8-9932-90d1b493cf87,Budget review,Finance,false,false,1,0,completed,11,false,NOT_SCHEDULED
17612eb1-db5a-4a4b-a531-485b0f45f83e,2026-06-03,6f168c2c-529c-4ec8-9932-90d1b493cf87,Meal preparation,Nutrition,true,false,1,0,completed,0,false,NON_COMPLIANT
0517f5e0-6785-4f82-a5b4-4de3f51ed3fb,2026-06-04,6f168c2c-529c-4ec8-9932-90d1b493cf87,Exercise,Health,true,true,30,37,minutes,1,false,COMPLIANT
eca2ab9a-c93a-4afb-aa60-b54b7e432354,2026-06-04,6f168c2c-529c-4ec8-9932-90d1b493cf87,Reading,Learning,true,true,25,33,minutes,3,false,COMPLIANT
e9df5201-f445-44a0-a0d7-5616c762d240,2026-06-04,6f168c2c-529c-4ec8-9932-90d1b493cf87,Meditation,Wellbeing,true,true,10,12,minutes,1,false,COMPLIANT
bd8baaa9-abe0-48a9-ab84-9f053fd4ca22,2026-06-04,6f168c2c-529c-4ec8-9932-90d1b493cf87,Sleep before 11 pm,Recovery,true,true,1,1,completed,8,false,COMPLIANT
719187d3-348c-4859-a049-877de40aca63,2026-06-04,6f168c2c-529c-4ec8-9932-90d1b493cf87,Budget review,Finance,false,false,1,0,completed,11,false,NOT_SCHEDULED
d68ed2d2-fd43-4081-a75c-6d31cdd69926,2026-06-04,6f168c2c-529c-4ec8-9932-90d1b493cf87,Meal preparation,Nutrition,false,false,1,0,completed,0,false,NOT_SCHEDULED
f9654078-25e9-4d36-a89d-dc6a017cb43e,2026-06-05,6f168c2c-529c-4ec8-9932-90d1b493cf87,Exercise,Health,true,true,30,50,minutes,2,false,COMPLIANT
5b0e833e-6e44-4761-a342-7775de47867b,2026-06-05,6f168c2c-529c-4ec8-9932-90d1b493cf87,Reading,Learning,true,true,25,39,minutes,4,false,COMPLIANT
1635136d-d14e-4f40-a8de-0323c797cb34,2026-06-05,6f168c2c-529c-4ec8-9932-90d1b493cf87,Meditation,Wellbeing,true,true,10,11,minutes,2,false,COMPLIANT
78fe8b1f-ef01-402b-adbd-946479414e48,2026-06-05,6f168c2c-529c-4ec8-9932-90d1b493cf87,Sleep before 11 pm,Recovery,true,false,1,0,completed,0,true,NON_COMPLIANT
917ed039-ae68-42b8-a5f2-9245833059fd,2026-06-05,6f168c2c-529c-4ec8-9932-90d1b493cf87,Budget review,Finance,false,false,1,0,completed,11,false,NOT_SCHEDULED
02d568c8-6cc7-4549-a289-800ae27491c8,2026-06-05,6f168c2c-529c-4ec8-9932-90d1b493cf87,Meal preparation,Nutrition,false,false,1,0,completed,0,false,NOT_SCHEDULED
b117a2bf-888e-4030-a8c5-5aa072104bf3,2026-06-06,6f168c2c-529c-4ec8-9932-90d1b493cf87,Exercise,Health,true,true,30,52,minutes,3,false,COMPLIANT
9fabff79-859a-463d-a17e-506f71fab02a,2026-06-06,6f168c2c-529c-4ec8-9932-90d1b493cf87,Reading,Learning,true,true,25,45,minutes,5,false,COMPLIANT
0d36a171-4d33-40c6-ade3-f55df35e8b65,2026-06-06,6f168c2c-529c-4ec8-9932-90d1b493cf87,Meditation,Wellbeing,true,true,10,13,minutes,3,false,COMPLIANT
00291318-f1fc-4120-a658-74425f2e8af2,2026-06-06,6f168c2c-529c-4ec8-9932-90d1b493cf87,Sleep before 11 pm,Recovery,true,true,1,1,completed,1,false,COMPLIANT
9125f317-67f9-4128-afd2-3726585a7d38,2026-06-06,6f168c2c-529c-4ec8-9932-90d1b493cf87,Budget review,Finance,false,false,1,0,completed,11,false,NOT_SCHEDULED
8021eb41-65f5-4ea0-aa22-50d0dd65c22d,2026-06-06,6f168c2c-529c-4ec8-9932-90d1b493cf87,Meal preparation,Nutrition,false,false,1,0,completed,0,false,NOT_SCHEDULED
73624154-be34-4a8b-af55-1021ff28f9d7,2026-06-07,6f168c2c-529c-4ec8-9932-90d1b493cf87,Exercise,Health,false,false,30,0,minutes,3,false,NOT_SCHEDULED
242e9142-f8b4-42ad-a86d-7a76f2fb8d29,2026-06-07,6f168c2c-529c-4ec8-9932-90d1b493cf87,Reading,Learning,true,true,25,41,minutes,6,false,COMPLIANT
b12b81fd-6a51-4730-ace3-d60f175e701e,2026-06-07,6f168c2c-529c-4ec8-9932-90d1b493cf87,Meditation,Wellbeing,true,true,10,18,minutes,4,false,COMPLIANT
8985625b-c0f5-4477-a70e-9f36cafdd4ef,2026-06-07,6f168c2c-529c-4ec8-9932-90d1b493cf87,Sleep before 11 pm,Recovery,true,false,1,0,completed,0,true,NON_COMPLIANT
78af17ad-5654-499f-a149-cabcf4684dd6,2026-06-07,6f168c2c-529c-4ec8-9932-90d1b493cf87,Budget review,Finance,true,false,1,0,completed,0,true,NON_COMPLIANT
b811590c-f5a6-44ea-a451-e8f478af51c0,2026-06-07,6f168c2c-529c-4ec8-9932-90d1b493cf87,Meal preparation,Nutrition,true,true,1,1,completed,1,false,COMPLIANT
75f6b4a0-8ed1-41dc-a3fa-294e6eeb1d66,2026-06-08,6f168c2c-529c-4ec8-9932-90d1b493cf87,Exercise,Health,true,true,30,44,minutes,4,false,COMPLIANT
2ee41651-8edf-4c14-af29-220ccab16d0a,2026-06-08,6f168c2c-529c-4ec8-9932-90d1b493cf87,Reading,Learning,true,true,25,33,minutes,7,false,COMPLIANT
f006f8f7-6b8a-4c6e-a8b8-c308f6ffa8af,2026-06-08,6f168c2c-529c-4ec8-9932-90d1b493cf87,Meditation,Wellbeing,true,false,10,0,minutes,0,false,NON_COMPLIANT
9a478a6f-7460-42ef-a49f-4ff8f6c70e0c,2026-06-08,6f168c2c-529c-4ec8-9932-90d1b493cf87,Sleep before 11 pm,Recovery,true,true,1,1,completed,1,false,COMPLIANT
8f8ae718-e1b5-4410-a4d4-2752d01bec31,2026-06-08,6f168c2c-529c-4ec8-9932-90d1b493cf87,Budget review,Finance,false,false,1,0,completed,0,false,NOT_SCHEDULED
8d6e65f2-c46a-41b8-a2ce-1c500a4f6b08,2026-06-08,6f168c2c-529c-4ec8-9932-90d1b493cf87,Meal preparation,Nutrition,false,false,1,0,completed,1,false,NOT_SCHEDULED
98c8c524-8cf5-4aec-ae26-9b9b3fc87a24,2026-06-09,6f168c2c-529c-4ec8-9932-90d1b493cf87,Exercise,Health,true,true,30,39,minutes,5,false,COMPLIANT
195fc427-4929-4b34-a978-4f6f0ecac505,2026-06-09,6f168c2c-529c-4ec8-9932-90d1b493cf87,Reading,Learning,true,true,25,41,minutes,8,false,COMPLIANT
1e2dc202-4e20-402e-a409-f2b0a8e0d99f,2026-06-09,6f168c2c-529c-4ec8-9932-90d1b493cf87,Meditation,Wellbeing,true,true,10,10,minutes,1,false,COMPLIANT
5b56e6b5-1840-4138-accb-8cc16de1ac92,2026-06-09,6f168c2c-529c-4ec8-9932-90d1b493cf87,Sleep before 11 pm,Recovery,true,false,1,0,completed,0,true,NON_COMPLIANT
d395331e-7b8a-49e5-abcd-0130a97afcb2,2026-06-09,6f168c2c-529c-4ec8-9932-90d1b493cf87,Budget review,Finance,false,false,1,0,completed,0,false,NOT_SCHEDULED
101dc29f-df9a-4c8d-af35-0b4f1f267d76,2026-06-09,6f168c2c-529c-4ec8-9932-90d1b493cf87,Meal preparation,Nutrition,false,false,1,0,completed,1,false,NOT_SCHEDULED
88169257-9180-41e1-ad77-89de69bce098,2026-06-10,6f168c2c-529c-4ec8-9932-90d1b493cf87,Exercise,Health,false,false,30,0,minutes,5,false,NOT_SCHEDULED
4a0d4afa-79df-4e0c-a249-d8315d50f5be,2026-06-10,6f168c2c-529c-4ec8-9932-90d1b493cf87,Reading,Learning,true,true,25,24,minutes,9,false,COMPLIANT
787ce866-7fba-4cd8-ad39-1a0eb871b88f,2026-06-10,6f168c2c-529c-4ec8-9932-90d1b493cf87,Meditation,Wellbeing,true,false,10,0,minutes,0,false,NON_COMPLIANT
f9cb4a17-cdfa-4077-ade3-361546f34158,2026-06-10,6f168c2c-529c-4ec8-9932-90d1b493cf87,Sleep before 11 pm,Recovery,true,false,1,0,completed,0,true,NON_COMPLIANT
774c0473-187e-46aa-ac29-21b4861e6174,2026-06-10,6f168c2c-529c-4ec8-9932-90d1b493cf87,Budget review,Finance,false,false,1,0,completed,0,false,NOT_SCHEDULED
5b259e67-7299-4ef9-a9ab-8fcaa039a352,2026-06-10,6f168c2c-529c-4ec8-9932-90d1b493cf87,Meal preparation,Nutrition,true,true,1,1,completed,2,false,COMPLIANT
4ea73a23-680a-48e6-a744-db9d45f369ab,2026-06-11,6f168c2c-529c-4ec8-9932-90d1b493cf87,Exercise,Health,true,false,30,0,minutes,0,false,NON_COMPLIANT
25d439ff-7839-4545-abc8-56628a6a7db6,2026-06-11,6f168c2c-529c-4ec8-9932-90d1b493cf87,Reading,Learning,true,true,25,34,minutes,10,false,COMPLIANT
b96f622f-6416-46e6-a456-c5b277980575,2026-06-11,6f168c2c-529c-4ec8-9932-90d1b493cf87,Meditation,Wellbeing,true,true,10,13,minutes,1,false,COMPLIANT
276d8cac-ffa3-4b39-a0c9-fbe4d63a0155,2026-06-11,6f168c2c-529c-4ec8-9932-90d1b493cf87,Sleep before 11 pm,Recovery,true,false,1,0,completed,0,true,NON_COMPLIANT
0b289944-3a89-48c5-a7b9-59efa8f5c198,2026-06-11,6f168c2c-529c-4ec8-9932-90d1b493cf87,Budget review,Finance,false,false,1,0,completed,0,false,NOT_SCHEDULED
ac93293a-d44e-48fd-a12b-0554e15b5f8e,2026-06-11,6f168c2c-529c-4ec8-9932-90d1b493cf87,Meal preparation,Nutrition,false,false,1,0,completed,2,false,NOT_SCHEDULED
9ba7aa67-0def-4f95-abd1-3d97b6846a1b,2026-06-12,6f168c2c-529c-4ec8-9932-90d1b493cf87,Exercise,Health,true,true,30,40,minutes,1,false,COMPLIANT
524c63bb-94e6-4f76-af56-8d5e63b237e8,2026-06-12,6f168c2c-529c-4ec8-9932-90d1b493cf87,Reading,Learning,true,true,25,36,minutes,11,false,COMPLIANT
bff2f6c1-37d2-442d-a3da-2c89fbd651c2,2026-06-12,6f168c2c-529c-4ec8-9932-90d1b493cf87,Meditation,Wellbeing,true,false,10,0,minutes,0,false,NON_COMPLIANT
c65437ff-d319-4613-a442-e9307462ca78,2026-06-12,6f168c2c-529c-4ec8-9932-90d1b493cf87,Sleep before 11 pm,Recovery,true,false,1,0,completed,0,true,NON_COMPLIANT
830cf44e-5da1-46d7-ac5d-67fca0bb8970,2026-06-12,6f168c2c-529c-4ec8-9932-90d1b493cf87,Budget review,Finance,false,false,1,0,completed,0,false,NOT_SCHEDULED
739956c4-6283-4158-aef8-04c1c5cd7905,2026-06-12,6f168c2c-529c-4ec8-9932-90d1b493cf87,Meal preparation,Nutrition,false,false,1,0,completed,2,false,NOT_SCHEDULED
0c6746a2-bfb5-4430-a65b-2a5b4efa4b2f,2026-06-13,6f168c2c-529c-4ec8-9932-90d1b493cf87,Exercise,Health,true,true,30,30,minutes,2,false,COMPLIANT
4b77c40d-fe25-45a3-a0a9-b077b402bab6,2026-06-13,6f168c2c-529c-4ec8-9932-90d1b493cf87,Reading,Learning,true,true,25,40,minutes,12,false,COMPLIANT
89866f4b-82d4-47ee-a81d-ec7a4bbe065d,2026-06-13,6f168c2c-529c-4ec8-9932-90d1b493cf87,Meditation,Wellbeing,true,true,10,11,minutes,1,false,COMPLIANT
fc3de818-88cb-4b0a-ac5a-c7781d534928,2026-06-13,6f168c2c-529c-4ec8-9932-90d1b493cf87,Sleep before 11 pm,Recovery,true,true,1,1,completed,1,false,COMPLIANT
cdab299f-36c2-4ef3-af4b-99c5c74711df,2026-06-13,6f168c2c-529c-4ec8-9932-90d1b493cf87,Budget review,Finance,false,false,1,0,completed,0,false,NOT_SCHEDULED
d0953b0f-ff70-4ad6-a089-b68d995c0767,2026-06-13,6f168c2c-529c-4ec8-9932-90d1b493cf87,Meal preparation,Nutrition,false,false,1,0,completed,2,false,NOT_SCHEDULED
65bee622-dc3f-4024-ace0-2ea73eca8804,2026-06-14,6f168c2c-529c-4ec8-9932-90d1b493cf87,Exercise,Health,false,false,30,0,minutes,2,false,NOT_SCHEDULED
f205ad04-6090-49bf-a42d-f37fe0917d4a,2026-06-14,6f168c2c-529c-4ec8-9932-90d1b493cf87,Reading,Learning,true,true,25,25,minutes,13,false,COMPLIANT
02df6b57-0c7f-4561-a5e4-e3094ad0e590,2026-06-14,6f168c2c-529c-4ec8-9932-90d1b493cf87,Meditation,Wellbeing,true,true,10,12,minutes,2,false,COMPLIANT
7b71a98c-8842-45f2-aa22-6738d75bc6ea,2026-06-14,6f168c2c-529c-4ec8-9932-90d1b493cf87,Sleep before 11 pm,Recovery,true,true,1,1,completed,2,false,COMPLIANT
523a034a-9fcf-41bd-a77e-402aea36eac4,2026-06-14,6f168c2c-529c-4ec8-9932-90d1b493cf87,Budget review,Finance,true,true,1,1,completed,1,false,COMPLIANT
d05fc650-f047-42f4-a6fe-639e49785cc4,2026-06-14,6f168c2c-529c-4ec8-9932-90d1b493cf87,Meal preparation,Nutrition,true,true,1,1,completed,3,false,COMPLIANT
19ee0ec7-8a69-4b38-ace9-0804f479d473,2026-06-15,6f168c2c-529c-4ec8-9932-90d1b493cf87,Exercise,Health,true,false,30,0,minutes,0,false,NON_COMPLIANT
9a963341-357a-4f00-ad9a-89fbbc1bd8d9,2026-06-15,6f168c2c-529c-4ec8-9932-90d1b493cf87,Reading,Learning,true,true,25,41,minutes,14,false,COMPLIANT
b25f13d8-9ff1-43dd-ab8b-fb2e2880dc74,2026-06-15,6f168c2c-529c-4ec8-9932-90d1b493cf87,Meditation,Wellbeing,true,false,10,0,minutes,0,false,NON_COMPLIANT
a2edd178-3d2d-4b0d-a42f-d914b0225e58,2026-06-15,6f168c2c-529c-4ec8-9932-90d1b493cf87,Sleep before 11 pm,Recovery,true,false,1,0,completed,0,true,NON_COMPLIANT
0bde99a0-cc45-4291-ac20-42bcce81dfd1,2026-06-15,6f168c2c-529c-4ec8-9932-90d1b493cf87,Budget review,Finance,false,false,1,0,completed,1,false,NOT_SCHEDULED
cf7546b8-a1f4-4ec2-afec-a2e12f94cdb1,2026-06-15,6f168c2c-529c-4ec8-9932-90d1b493cf87,Meal preparation,Nutrition,false,false,1,0,completed,3,false,NOT_SCHEDULED
7c850b75-10f3-4aaa-ad02-074ad6e30aa4,2026-06-16,6f168c2c-529c-4ec8-9932-90d1b493cf87,Exercise,Health,true,true,30,53,minutes,1,false,COMPLIANT
f5491c1a-69fc-4d63-a578-7f0648919b7e,2026-06-16,6f168c2c-529c-4ec8-9932-90d1b493cf87,Reading,Learning,true,false,25,0,minutes,0,false,NON_COMPLIANT
d3e29d8c-14e4-4ea1-aa51-c69e3b2574de,2026-06-16,6f168c2c-529c-4ec8-9932-90d1b493cf87,Meditation,Wellbeing,true,false,10,0,minutes,0,false,NON_COMPLIANT
5c7b6539-ce47-4308-a161-2bd9682a77f1,2026-06-16,6f168c2c-529c-4ec8-9932-90d1b493cf87,Sleep before 11 pm,Recovery,true,false,1,0,completed,0,true,NON_COMPLIANT
fdfdc3b9-e72b-4e37-a546-d07e34ac0ba5,2026-06-16,6f168c2c-529c-4ec8-9932-90d1b493cf87,Budget review,Finance,false,false,1,0,completed,1,false,NOT_SCHEDULED
40961463-2d54-4516-aa73-dedf856b0af0,2026-06-16,6f168c2c-529c-4ec8-9932-90d1b493cf87,Meal preparation,Nutrition,false,false,1,0,completed,3,false,NOT_SCHEDULED
46e9d763-3f97-440d-a05b-116b6ea25f0b,2026-06-17,6f168c2c-529c-4ec8-9932-90d1b493cf87,Exercise,Health,false,false,30,0,minutes,1,false,NOT_SCHEDULED
4c0b9268-c98e-4fb0-a147-bcb73361624d,2026-06-17,6f168c2c-529c-4ec8-9932-90d1b493cf87,Reading,Learning,true,true,25,30,minutes,1,false,COMPLIANT
6b3dcf84-8755-4e39-a990-b554d7bebdb7,2026-06-17,6f168c2c-529c-4ec8-9932-90d1b493cf87,Meditation,Wellbeing,true,false,10,0,minutes,0,false,NON_COMPLIANT
7ab163bd-7435-4f97-ae17-04ad2e928a9e,2026-06-17,6f168c2c-529c-4ec8-9932-90d1b493cf87,Sleep before 11 pm,Recovery,true,true,1,1,completed,1,false,COMPLIANT
0a11ded3-a3b1-478e-a6ec-dd488e9c6666,2026-06-17,6f168c2c-529c-4ec8-9932-90d1b493cf87,Budget review,Finance,false,false,1,0,completed,1,false,NOT_SCHEDULED
2d655d60-2f85-4353-a9dc-b07695900fc8,2026-06-17,6f168c2c-529c-4ec8-9932-90d1b493cf87,Meal preparation,Nutrition,true,true,1,1,completed,4,false,COMPLIANT
7e9f50c5-a4e4-4b74-a6fe-5886f759e9dd,2026-06-18,6f168c2c-529c-4ec8-9932-90d1b493cf87,Exercise,Health,true,true,30,34,minutes,2,false,COMPLIANT
e903e403-a823-44e5-a1b8-6426401a9c17,2026-06-18,6f168c2c-529c-4ec8-9932-90d1b493cf87,Reading,Learning,true,false,25,0,minutes,0,false,NON_COMPLIANT
76d0ff30-3e8f-4e8a-a33a-9c42c7927fd7,2026-06-18,6f168c2c-529c-4ec8-9932-90d1b493cf87,Meditation,Wellbeing,true,true,10,13,minutes,1,false,COMPLIANT
f92b67a6-477a-4a12-a8a3-700ec7c9a7f3,2026-06-18,6f168c2c-529c-4ec8-9932-90d1b493cf87,Sleep before 11 pm,Recovery,true,true,1,1,completed,2,false,COMPLIANT
1d16f080-8301-4268-ae1d-b0c1ab812ec8,2026-06-18,6f168c2c-529c-4ec8-9932-90d1b493cf87,Budget review,Finance,false,false,1,0,completed,1,false,NOT_SCHEDULED
c7cf89aa-e338-41ca-a998-19d7e9d86150,2026-06-18,6f168c2c-529c-4ec8-9932-90d1b493cf87,Meal preparation,Nutrition,false,false,1,0,completed,4,false,NOT_SCHEDULED
936d816e-d332-44aa-a924-b43064c393a8,2026-06-19,6f168c2c-529c-4ec8-9932-90d1b493cf87,Exercise,Health,true,true,30,52,minutes,3,false,COMPLIANT
8750c68c-fcc4-485e-a3db-5db1d5db116e,2026-06-19,6f168c2c-529c-4ec8-9932-90d1b493cf87,Reading,Learning,true,true,25,29,minutes,1,false,COMPLIANT
4bbfed6c-bd4f-4d96-a540-b1986108ed6d,2026-06-19,6f168c2c-529c-4ec8-9932-90d1b493cf87,Meditation,Wellbeing,true,false,10,0,minutes,0,false,NON_COMPLIANT
eb416549-6f6f-49da-acbe-cc422f837904,2026-06-19,6f168c2c-529c-4ec8-9932-90d1b493cf87,Sleep before 11 pm,Recovery,true,true,1,1,completed,3,false,COMPLIANT
9af40596-ac25-4548-a475-120ff542fd5b,2026-06-19,6f168c2c-529c-4ec8-9932-90d1b493cf87,Budget review,Finance,false,false,1,0,completed,1,false,NOT_SCHEDULED
67140cda-f2a7-477a-a1ae-c2dd2a46bb4b,2026-06-19,6f168c2c-529c-4ec8-9932-90d1b493cf87,Meal preparation,Nutrition,false,false,1,0,completed,4,false,NOT_SCHEDULED
8d32dc37-c980-4f9a-ac02-983d724d4c5c,2026-06-20,6f168c2c-529c-4ec8-9932-90d1b493cf87,Exercise,Health,true,false,30,0,minutes,0,false,NON_COMPLIANT
18be6968-fc2a-414a-a408-e11ab9a2837d,2026-06-20,6f168c2c-529c-4ec8-9932-90d1b493cf87,Reading,Learning,true,true,25,41,minutes,2,false,COMPLIANT
04f4984d-1ee8-4660-a90c-73a3b5c5e68f,2026-06-20,6f168c2c-529c-4ec8-9932-90d1b493cf87,Meditation,Wellbeing,true,false,10,0,minutes,0,false,NON_COMPLIANT
c62c3a05-1e19-4bdb-abab-5e13d4b46a4f,2026-06-20,6f168c2c-529c-4ec8-9932-90d1b493cf87,Sleep before 11 pm,Recovery,true,true,1,1,completed,4,false,COMPLIANT
bcdec424-ca8d-45b0-a400-8a1c3ec31b5a,2026-06-20,6f168c2c-529c-4ec8-9932-90d1b493cf87,Budget review,Finance,false,false,1,0,completed,1,false,NOT_SCHEDULED
1f9f83a0-2180-47d5-ac00-3bc7f1802170,2026-06-20,6f168c2c-529c-4ec8-9932-90d1b493cf87,Meal preparation,Nutrition,false,false,1,0,completed,4,false,NOT_SCHEDULED
8408d74c-df81-4572-ab42-c52d71f398c7,2026-06-21,6f168c2c-529c-4ec8-9932-90d1b493cf87,Exercise,Health,false,false,30,0,minutes,0,false,NOT_SCHEDULED
fa4df485-9ea5-4af0-a635-7864fb292975,2026-06-21,6f168c2c-529c-4ec8-9932-90d1b493cf87,Reading,Learning,true,true,25,31,minutes,3,false,COMPLIANT
72717f55-523b-4990-a79b-596e989b300c,2026-06-21,6f168c2c-529c-4ec8-9932-90d1b493cf87,Meditation,Wellbeing,true,true,10,16,minutes,1,false,COMPLIANT
50383f72-38fb-4d21-a843-51f49c2ac93c,2026-06-21,6f168c2c-529c-4ec8-9932-90d1b493cf87,Sleep before 11 pm,Recovery,true,true,1,1,completed,5,false,COMPLIANT
62f12f3b-798b-44a7-aed7-53743dd435a5,2026-06-21,6f168c2c-529c-4ec8-9932-90d1b493cf87,Budget review,Finance,true,true,1,1,completed,2,false,COMPLIANT
f109016e-e8ea-4967-a6e6-ca6ae865be8b,2026-06-21,6f168c2c-529c-4ec8-9932-90d1b493cf87,Meal preparation,Nutrition,true,false,1,0,completed,0,false,NON_COMPLIANT
d5b8cc90-59d4-49fa-aed3-cc3bb4c77d8c,2026-06-22,6f168c2c-529c-4ec8-9932-90d1b493cf87,Exercise,Health,true,true,30,50,minutes,1,false,COMPLIANT
bb73bd42-d35c-4849-a6a1-4a203c71c155,2026-06-22,6f168c2c-529c-4ec8-9932-90d1b493cf87,Reading,Learning,true,true,25,34,minutes,4,false,COMPLIANT
0def7d75-4d45-48a0-ac13-0322ef7a54bf,2026-06-22,6f168c2c-529c-4ec8-9932-90d1b493cf87,Meditation,Wellbeing,true,false,10,0,minutes,0,false,NON_COMPLIANT
b218c425-9120-4a06-a902-1698e960251c,2026-06-22,6f168c2c-529c-4ec8-9932-90d1b493cf87,Sleep before 11 pm,Recovery,true,true,1,1,completed,6,false,COMPLIANT
9f079c73-3897-4bbc-ae65-e13781642f92,2026-06-22,6f168c2c-529c-4ec8-9932-90d1b493cf87,Budget review,Finance,false,false,1,0,completed,2,false,NOT_SCHEDULED
defa83b2-2936-4499-aeec-3d30d865f43d,2026-06-22,6f168c2c-529c-4ec8-9932-90d1b493cf87,Meal preparation,Nutrition,false,false,1,0,completed,0,false,NOT_SCHEDULED
2f4b194d-d5e8-4fb7-adb0-36b031c7182c,2026-06-23,6f168c2c-529c-4ec8-9932-90d1b493cf87,Exercise,Health,true,true,30,43,minutes,2,false,COMPLIANT
c82bc1be-0d02-4514-a6ac-81e63044c4ff,2026-06-23,6f168c2c-529c-4ec8-9932-90d1b493cf87,Reading,Learning,true,true,25,42,minutes,5,false,COMPLIANT
3ea8a4ca-5932-40ca-a32e-d434e34a384b,2026-06-23,6f168c2c-529c-4ec8-9932-90d1b493cf87,Meditation,Wellbeing,true,true,10,9,minutes,1,false,COMPLIANT
3418bbf7-60ea-4480-a340-3dbc81c4e592,2026-06-23,6f168c2c-529c-4ec8-9932-90d1b493cf87,Sleep before 11 pm,Recovery,true,true,1,1,completed,7,false,COMPLIANT
aa4bc9ef-9afc-4c29-a1db-4f2a897ffcf9,2026-06-23,6f168c2c-529c-4ec8-9932-90d1b493cf87,Budget review,Finance,false,false,1,0,completed,2,false,NOT_SCHEDULED
b68a90f2-a9b4-4ec2-a7ae-c2568673906f,2026-06-23,6f168c2c-529c-4ec8-9932-90d1b493cf87,Meal preparation,Nutrition,false,false,1,0,completed,0,false,NOT_SCHEDULED
d508f21f-b6e0-4408-a595-d82f71c39fd1,2026-06-24,6f168c2c-529c-4ec8-9932-90d1b493cf87,Exercise,Health,false,false,30,0,minutes,2,false,NOT_SCHEDULED
a209f14c-6ec8-4e13-a998-0ca931cddb6e,2026-06-24,6f168c2c-529c-4ec8-9932-90d1b493cf87,Reading,Learning,true,true,25,27,minutes,6,false,COMPLIANT
1a83833d-73d1-4c77-a556-576fbbe47f79,2026-06-24,6f168c2c-529c-4ec8-9932-90d1b493cf87,Meditation,Wellbeing,true,true,10,17,minutes,2,false,COMPLIANT
aec0e7a8-175f-4a77-a84b-2303f5f0ab46,2026-06-24,6f168c2c-529c-4ec8-9932-90d1b493cf87,Sleep before 11 pm,Recovery,true,true,1,1,completed,8,false,COMPLIANT
78533270-e290-4854-a117-ab1ae36d44f0,2026-06-24,6f168c2c-529c-4ec8-9932-90d1b493cf87,Budget review,Finance,false,false,1,0,completed,2,false,NOT_SCHEDULED
5d80bd28-5532-4e7f-a2e1-7338e99aadde,2026-06-24,6f168c2c-529c-4ec8-9932-90d1b493cf87,Meal preparation,Nutrition,true,true,1,1,completed,1,false,COMPLIANT
9ce5662d-c3e3-4f25-a921-86ab45701b1b,2026-06-25,6f168c2c-529c-4ec8-9932-90d1b493cf87,Exercise,Health,true,true,30,38,minutes,3,false,COMPLIANT
352e25df-cf1e-40d6-a83f-5aa5fd0525b3,2026-06-25,6f168c2c-529c-4ec8-9932-90d1b493cf87,Reading,Learning,true,true,25,26,minutes,7,false,COMPLIANT
7b5e42cc-eb73-40e6-a88a-7184bf7f3bf7,2026-06-25,6f168c2c-529c-4ec8-9932-90d1b493cf87,Meditation,Wellbeing,true,true,10,9,minutes,3,false,COMPLIANT
dd76f4fd-add9-4b90-adde-ca6d692d1d39,2026-06-25,6f168c2c-529c-4ec8-9932-90d1b493cf87,Sleep before 11 pm,Recovery,true,true,1,1,completed,9,false,COMPLIANT
5cada902-77a4-4a26-a74e-19205af623c1,2026-06-25,6f168c2c-529c-4ec8-9932-90d1b493cf87,Budget review,Finance,false,false,1,0,completed,2,false,NOT_SCHEDULED
a25b68dc-481a-4fbd-aaf3-f3dd4e6cafd6,2026-06-25,6f168c2c-529c-4ec8-9932-90d1b493cf87,Meal preparation,Nutrition,false,false,1,0,completed,1,false,NOT_SCHEDULED
b3cf1ada-88c3-483d-a7c2-98fd592064ff,2026-06-26,6f168c2c-529c-4ec8-9932-90d1b493cf87,Exercise,Health,true,false,30,0,minutes,0,false,NON_COMPLIANT
c9e6a0a9-3921-4afd-adc3-57592b9efd63,2026-06-26,6f168c2c-529c-4ec8-9932-90d1b493cf87,Reading,Learning,true,true,25,27,minutes,8,false,COMPLIANT
2bc97bc5-bda0-4ede-af7d-7aad02633c1b,2026-06-26,6f168c2c-529c-4ec8-9932-90d1b493cf87,Meditation,Wellbeing,true,true,10,13,minutes,4,false,COMPLIANT
80336124-a518-47c5-aa3c-300180e4e197,2026-06-26,6f168c2c-529c-4ec8-9932-90d1b493cf87,Sleep before 11 pm,Recovery,true,true,1,1,completed,10,false,COMPLIANT
424e70ef-6527-4d63-a7cc-7a056ba1a3c6,2026-06-26,6f168c2c-529c-4ec8-9932-90d1b493cf87,Budget review,Finance,false,false,1,0,completed,2,false,NOT_SCHEDULED
86440295-687e-41a4-a165-96a14501ba0a,2026-06-26,6f168c2c-529c-4ec8-9932-90d1b493cf87,Meal preparation,Nutrition,false,false,1,0,completed,1,false,NOT_SCHEDULED
fa5a7b2c-a4e9-4d6b-a08b-5236b45a2371,2026-06-27,6f168c2c-529c-4ec8-9932-90d1b493cf87,Exercise,Health,true,true,30,35,minutes,1,false,COMPLIANT
4e7935f8-2a39-4afc-a852-62972c5ec06c,2026-06-27,6f168c2c-529c-4ec8-9932-90d1b493cf87,Reading,Learning,true,true,25,44,minutes,9,false,COMPLIANT
fc6687e8-3650-42e4-a8f2-0c8a87ce0c37,2026-06-27,6f168c2c-529c-4ec8-9932-90d1b493cf87,Meditation,Wellbeing,true,false,10,0,minutes,0,false,NON_COMPLIANT
2436539c-bc2f-45f7-adf0-2b3259bb7276,2026-06-27,6f168c2c-529c-4ec8-9932-90d1b493cf87,Sleep before 11 pm,Recovery,true,true,1,1,completed,11,false,COMPLIANT
63c622d1-0c64-477a-ab2f-9f9ded3d2845,2026-06-27,6f168c2c-529c-4ec8-9932-90d1b493cf87,Budget review,Finance,false,false,1,0,completed,2,false,NOT_SCHEDULED
213df5c3-997c-4468-aebf-6787fe829e95,2026-06-27,6f168c2c-529c-4ec8-9932-90d1b493cf87,Meal preparation,Nutrition,false,false,1,0,completed,1,false,NOT_SCHEDULED
fcbfada4-c055-478c-a463-284a8f5d0de7,2026-06-28,6f168c2c-529c-4ec8-9932-90d1b493cf87,Exercise,Health,false,false,30,0,minutes,1,false,NOT_SCHEDULED
2eee5e80-ce7b-4c23-a8a2-c0e75f590fa8,2026-06-28,6f168c2c-529c-4ec8-9932-90d1b493cf87,Reading,Learning,true,true,25,45,minutes,10,false,COMPLIANT
77098724-9fc9-45a1-af24-bcceddf13362,2026-06-28,6f168c2c-529c-4ec8-9932-90d1b493cf87,Meditation,Wellbeing,true,false,10,0,minutes,0,false,NON_COMPLIANT
7324623b-6280-4023-ae0d-28963af0f2c5,2026-06-28,6f168c2c-529c-4ec8-9932-90d1b493cf87,Sleep before 11 pm,Recovery,true,true,1,1,completed,12,false,COMPLIANT
4a0ed014-071e-4f03-af0f-c1a6c9521d7f,2026-06-28,6f168c2c-529c-4ec8-9932-90d1b493cf87,Budget review,Finance,true,true,1,1,completed,3,false,COMPLIANT
b718fcf6-033b-44ba-ae9d-d56eb270ccef,2026-06-28,6f168c2c-529c-4ec8-9932-90d1b493cf87,Meal preparation,Nutrition,true,true,1,1,completed,2,false,COMPLIANT
de0aa299-e1b0-4384-ad09-6a788bbc479f,2026-06-29,6f168c2c-529c-4ec8-9932-90d1b493cf87,Exercise,Health,true,true,30,47,minutes,2,false,COMPLIANT
10dc846e-e7d1-481a-af26-3f3588525886,2026-06-29,6f168c2c-529c-4ec8-9932-90d1b493cf87,Reading,Learning,true,true,25,24,minutes,11,false,COMPLIANT
d93e80d2-3d17-4324-ab27-2792d8d57833,2026-06-29,6f168c2c-529c-4ec8-9932-90d1b493cf87,Meditation,Wellbeing,true,true,10,14,minutes,1,false,COMPLIANT
5ae0c0b4-549d-414c-a0b9-6b1bbdc1d33f,2026-06-29,6f168c2c-529c-4ec8-9932-90d1b493cf87,Sleep before 11 pm,Recovery,true,false,1,0,completed,0,true,NON_COMPLIANT
f786124a-3314-4be7-a3a0-a55f01c6a480,2026-06-29,6f168c2c-529c-4ec8-9932-90d1b493cf87,Budget review,Finance,false,false,1,0,completed,3,false,NOT_SCHEDULED
44032571-30b4-4ca7-abc5-1d16f38cd169,2026-06-29,6f168c2c-529c-4ec8-9932-90d1b493cf87,Meal preparation,Nutrition,false,false,1,0,completed,2,false,NOT_SCHEDULED
3ddc66ae-4e50-41a1-a6e7-12fd72e23980,2026-06-30,6f168c2c-529c-4ec8-9932-90d1b493cf87,Exercise,Health,true,true,30,42,minutes,3,false,COMPLIANT
c44be102-a76b-4895-aa8a-84f809a77de1,2026-06-30,6f168c2c-529c-4ec8-9932-90d1b493cf87,Reading,Learning,true,true,25,25,minutes,12,false,COMPLIANT
93d3a848-c30c-4f99-a91d-f0b254785adf,2026-06-30,6f168c2c-529c-4ec8-9932-90d1b493cf87,Meditation,Wellbeing,true,true,10,14,minutes,2,false,COMPLIANT
814619f9-2019-42c9-ab89-b2465c91e7f4,2026-06-30,6f168c2c-529c-4ec8-9932-90d1b493cf87,Sleep before 11 pm,Recovery,true,false,1,0,completed,0,true,NON_COMPLIANT
bcff6295-8813-417b-aa5d-fc8bb82fe2b7,2026-06-30,6f168c2c-529c-4ec8-9932-90d1b493cf87,Budget review,Finance,false,false,1,0,completed,3,false,NOT_SCHEDULED
099485b7-ee48-41bf-ab0d-3f511a14e333,2026-06-30,6f168c2c-529c-4ec8-9932-90d1b493cf87,Meal preparation,Nutrition,false,false,1,0,completed,2,false,NOT_SCHEDULED
8b221fe5-7dda-4c1a-a5c3-6d56c0864bcc,2026-07-01,6f168c2c-529c-4ec8-9932-90d1b493cf87,Exercise,Health,false,false,30,0,minutes,3,false,NOT_SCHEDULED
902ec0ce-b49e-482a-a104-0d99f207ffd2,2026-07-01,6f168c2c-529c-4ec8-9932-90d1b493cf87,Reading,Learning,true,false,25,0,minutes,0,false,NON_COMPLIANT
c5372e79-e6f5-445a-abb5-6dab7fc90238,2026-07-01,6f168c2c-529c-4ec8-9932-90d1b493cf87,Meditation,Wellbeing,true,true,10,16,minutes,3,false,COMPLIANT
99b92ae4-9c49-4413-afd1-f5980b235d88,2026-07-01,6f168c2c-529c-4ec8-9932-90d1b493cf87,Sleep before 11 pm,Recovery,true,true,1,1,completed,1,false,COMPLIANT
ab0566b8-550d-41eb-a683-efc54dba5531,2026-07-01,6f168c2c-529c-4ec8-9932-90d1b493cf87,Budget review,Finance,false,false,1,0,completed,3,false,NOT_SCHEDULED
a783c64b-7e66-40f6-a89c-9bd2cfa6ab60,2026-07-01,6f168c2c-529c-4ec8-9932-90d1b493cf87,Meal preparation,Nutrition,true,true,1,1,completed,3,false,COMPLIANT
ccdfda38-d268-4b2e-a7a1-eeb4a53a893c,2026-07-02,6f168c2c-529c-4ec8-9932-90d1b493cf87,Exercise,Health,true,true,30,51,minutes,4,false,COMPLIANT
2cf7a960-c609-40a4-a1c9-2a0a13217c26,2026-07-02,6f168c2c-529c-4ec8-9932-90d1b493cf87,Reading,Learning,true,false,25,0,minutes,0,false,NON_COMPLIANT
6297d02b-23c5-4e35-a2d9-cb8e787bd7b1,2026-07-02,6f168c2c-529c-4ec8-9932-90d1b493cf87,Meditation,Wellbeing,true,true,10,15,minutes,4,false,COMPLIANT
6e4f275f-7b0d-4d7e-ab9b-3ea3399edc6c,2026-07-02,6f168c2c-529c-4ec8-9932-90d1b493cf87,Sleep before 11 pm,Recovery,true,true,1,1,completed,2,false,COMPLIANT
abfc02f6-f960-4ed4-a432-56c39a7c56f7,2026-07-02,6f168c2c-529c-4ec8-9932-90d1b493cf87,Budget review,Finance,false,false,1,0,completed,3,false,NOT_SCHEDULED
c8f8fac9-46ca-4549-a6cd-83efa47f9937,2026-07-02,6f168c2c-529c-4ec8-9932-90d1b493cf87,Meal preparation,Nutrition,false,false,1,0,completed,3,false,NOT_SCHEDULED
85bc914c-d462-4c67-a5b6-14ad8332c350,2026-07-03,6f168c2c-529c-4ec8-9932-90d1b493cf87,Exercise,Health,true,true,30,46,minutes,5,false,COMPLIANT
7398ed94-b967-48b3-a7f7-5dd5c5f68975,2026-07-03,6f168c2c-529c-4ec8-9932-90d1b493cf87,Reading,Learning,true,false,25,0,minutes,0,false,NON_COMPLIANT
4612eb0c-dcea-47b4-a99a-da739fd692cf,2026-07-03,6f168c2c-529c-4ec8-9932-90d1b493cf87,Meditation,Wellbeing,true,true,10,11,minutes,5,false,COMPLIANT
e4fd8bcb-1837-4eaa-acf6-b593249eeccb,2026-07-03,6f168c2c-529c-4ec8-9932-90d1b493cf87,Sleep before 11 pm,Recovery,true,true,1,1,completed,3,false,COMPLIANT
7745c0e4-cd14-46c1-a9a1-727eab991e27,2026-07-03,6f168c2c-529c-4ec8-9932-90d1b493cf87,Budget review,Finance,false,false,1,0,completed,3,false,NOT_SCHEDULED
11449921-1ca6-4f6c-abdd-bb6c8ab5d1e8,2026-07-03,6f168c2c-529c-4ec8-9932-90d1b493cf87,Meal preparation,Nutrition,false,false,1,0,completed,3,false,NOT_SCHEDULED
f849b1de-2b57-4e8d-a6f0-65143c18bd4e,2026-07-04,6f168c2c-529c-4ec8-9932-90d1b493cf87,Exercise,Health,true,true,30,46,minutes,6,false,COMPLIANT
8ba1cbc3-3c4a-4984-ae76-c8e27f2ec920,2026-07-04,6f168c2c-529c-4ec8-9932-90d1b493cf87,Reading,Learning,true,true,25,40,minutes,1,false,COMPLIANT
71f93d1e-1ca6-4081-af3b-03fcf005c630,2026-07-04,6f168c2c-529c-4ec8-9932-90d1b493cf87,Meditation,Wellbeing,true,true,10,15,minutes,6,false,COMPLIANT
234bb92a-1735-4d81-a8b7-5d761478dc6d,2026-07-04,6f168c2c-529c-4ec8-9932-90d1b493cf87,Sleep before 11 pm,Recovery,true,true,1,1,completed,4,false,COMPLIANT
bb3f9e2a-d058-4422-a824-82000d5171bc,2026-07-04,6f168c2c-529c-4ec8-9932-90d1b493cf87,Budget review,Finance,false,false,1,0,completed,3,false,NOT_SCHEDULED
96aa1554-2343-4d5b-a032-3c2917a34f22,2026-07-04,6f168c2c-529c-4ec8-9932-90d1b493cf87,Meal preparation,Nutrition,false,false,1,0,completed,3,false,NOT_SCHEDULED
a9af1b42-32b9-4d1f-a82c-e9d0db0ce0b1,2026-07-05,6f168c2c-529c-4ec8-9932-90d1b493cf87,Exercise,Health,false,false,30,0,minutes,6,false,NOT_SCHEDULED
032af299-3929-45f4-a821-df90e4838968,2026-07-05,6f168c2c-529c-4ec8-9932-90d1b493cf87,Reading,Learning,true,true,25,29,minutes,2,false,COMPLIANT
f31f524a-d1ab-4f03-aedc-666532b9dfe2,2026-07-05,6f168c2c-529c-4ec8-9932-90d1b493cf87,Meditation,Wellbeing,true,true,10,10,minutes,7,false,COMPLIANT
21d83d41-bdd7-4f97-a52a-cc6cbf32f8df,2026-07-05,6f168c2c-529c-4ec8-9932-90d1b493cf87,Sleep before 11 pm,Recovery,true,true,1,1,completed,5,false,COMPLIANT
55d073b1-f842-45f2-af81-d29b00a9130a,2026-07-05,6f168c2c-529c-4ec8-9932-90d1b493cf87,Budget review,Finance,true,true,1,1,completed,4,false,COMPLIANT
e107f7e4-5cee-431f-a805-4b388c5237f4,2026-07-05,6f168c2c-529c-4ec8-9932-90d1b493cf87,Meal preparation,Nutrition,true,true,1,1,completed,4,false,COMPLIANT
dc1f89f7-cab9-40ce-a8d9-5456bb869120,2026-07-06,6f168c2c-529c-4ec8-9932-90d1b493cf87,Exercise,Health,true,true,30,46,minutes,7,false,COMPLIANT
4d17dc8f-1f27-489e-a816-90c6b04cae1d,2026-07-06,6f168c2c-529c-4ec8-9932-90d1b493cf87,Reading,Learning,true,true,25,23,minutes,3,false,COMPLIANT
de567db9-338d-4705-ae23-f4a97f977bf0,2026-07-06,6f168c2c-529c-4ec8-9932-90d1b493cf87,Meditation,Wellbeing,true,false,10,0,minutes,0,false,NON_COMPLIANT
77fe1fed-3a48-4855-ad6e-040186185b0c,2026-07-06,6f168c2c-529c-4ec8-9932-90d1b493cf87,Sleep before 11 pm,Recovery,true,true,1,1,completed,6,false,COMPLIANT
6aaec8f4-858c-4f72-af99-2959fcf44d40,2026-07-06,6f168c2c-529c-4ec8-9932-90d1b493cf87,Budget review,Finance,false,false,1,0,completed,4,false,NOT_SCHEDULED
ebbfcbb2-8c63-443d-a7ef-893f813530b1,2026-07-06,6f168c2c-529c-4ec8-9932-90d1b493cf87,Meal preparation,Nutrition,false,false,1,0,completed,4,false,NOT_SCHEDULED
184dc929-d84b-4b1b-a8aa-ce600a84f029,2026-07-07,6f168c2c-529c-4ec8-9932-90d1b493cf87,Exercise,Health,true,true,30,32,minutes,8,false,COMPLIANT
17625c80-631d-4c37-aa5b-4a34af07d07a,2026-07-07,6f168c2c-529c-4ec8-9932-90d1b493cf87,Reading,Learning,true,true,25,38,minutes,4,false,COMPLIANT
910fc4ee-9c6a-4deb-aadb-8cdd64cd6a0d,2026-07-07,6f168c2c-529c-4ec8-9932-90d1b493cf87,Meditation,Wellbeing,true,true,10,12,minutes,1,false,COMPLIANT
ddeb7c87-22a8-46e3-ac20-44393e871c14,2026-07-07,6f168c2c-529c-4ec8-9932-90d1b493cf87,Sleep before 11 pm,Recovery,true,false,1,0,completed,0,true,NON_COMPLIANT
5d924475-5928-4105-aeb4-1c94a42878c0,2026-07-07,6f168c2c-529c-4ec8-9932-90d1b493cf87,Budget review,Finance,false,false,1,0,completed,4,false,NOT_SCHEDULED
60fbfbc5-bfb8-4806-a191-801972e4c054,2026-07-07,6f168c2c-529c-4ec8-9932-90d1b493cf87,Meal preparation,Nutrition,false,false,1,0,completed,4,false,NOT_SCHEDULED
7288841c-a709-4068-adb6-91a240a391ee,2026-07-08,6f168c2c-529c-4ec8-9932-90d1b493cf87,Exercise,Health,false,false,30,0,minutes,8,false,NOT_SCHEDULED
0f8f4b3b-97d4-40d1-a61d-00c25e5348c7,2026-07-08,6f168c2c-529c-4ec8-9932-90d1b493cf87,Reading,Learning,true,true,25,25,minutes,5,false,COMPLIANT
45f096f3-5279-48d0-a31d-9f5c98b04c2b,2026-07-08,6f168c2c-529c-4ec8-9932-90d1b493cf87,Meditation,Wellbeing,true,true,10,17,minutes,2,false,COMPLIANT
3de8f4c5-72f6-4644-a83b-921d2e111c90,2026-07-08,6f168c2c-529c-4ec8-9932-90d1b493cf87,Sleep before 11 pm,Recovery,true,true,1,1,completed,1,false,COMPLIANT
fb5d1815-16da-465b-a53a-0efc07c3fc2a,2026-07-08,6f168c2c-529c-4ec8-9932-90d1b493cf87,Budget review,Finance,false,false,1,0,completed,4,false,NOT_SCHEDULED
46f98978-5e4f-4df4-a030-80b90cb184fe,2026-07-08,6f168c2c-529c-4ec8-9932-90d1b493cf87,Meal preparation,Nutrition,true,true,1,1,completed,5,false,COMPLIANT
e7c57dda-a886-4755-a0f8-ef437a53bae7,2026-07-09,6f168c2c-529c-4ec8-9932-90d1b493cf87,Exercise,Health,true,true,30,41,minutes,9,false,COMPLIANT
d6b050e8-7b6c-49ce-a4d8-efcc71831420,2026-07-09,6f168c2c-529c-4ec8-9932-90d1b493cf87,Reading,Learning,true,true,25,28,minutes,6,false,COMPLIANT
af65e53b-28f4-41d3-a8e2-b9065278efd2,2026-07-09,6f168c2c-529c-4ec8-9932-90d1b493cf87,Meditation,Wellbeing,true,false,10,0,minutes,0,false,NON_COMPLIANT
c66ee7a5-798d-4b0a-a059-314351f32c68,2026-07-09,6f168c2c-529c-4ec8-9932-90d1b493cf87,Sleep before 11 pm,Recovery,true,false,1,0,completed,0,true,NON_COMPLIANT
f17c661e-9c1f-414a-ab21-66187a146afc,2026-07-09,6f168c2c-529c-4ec8-9932-90d1b493cf87,Budget review,Finance,false,false,1,0,completed,4,false,NOT_SCHEDULED
daad387f-ef48-4cf0-a5d8-86409cb6473c,2026-07-09,6f168c2c-529c-4ec8-9932-90d1b493cf87,Meal preparation,Nutrition,false,false,1,0,completed,5,false,NOT_SCHEDULED
5b281207-4243-455b-a743-785df2d5ce70,2026-07-10,6f168c2c-529c-4ec8-9932-90d1b493cf87,Exercise,Health,true,true,30,54,minutes,10,false,COMPLIANT
b096e97f-b97e-49e2-ae98-767048e09f23,2026-07-10,6f168c2c-529c-4ec8-9932-90d1b493cf87,Reading,Learning,true,true,25,29,minutes,7,false,COMPLIANT
b2e4a760-e323-4105-add8-d955a1fa45b9,2026-07-10,6f168c2c-529c-4ec8-9932-90d1b493cf87,Meditation,Wellbeing,true,false,10,0,minutes,0,false,NON_COMPLIANT
637a6b28-c1f8-40c5-a590-821ea1e16b3d,2026-07-10,6f168c2c-529c-4ec8-9932-90d1b493cf87,Sleep before 11 pm,Recovery,true,false,1,0,completed,0,true,NON_COMPLIANT
0d44bf29-046a-4f5f-ab27-729cf285d803,2026-07-10,6f168c2c-529c-4ec8-9932-90d1b493cf87,Budget review,Finance,false,false,1,0,completed,4,false,NOT_SCHEDULED
aa792cf6-4452-46d8-a026-3ddd1d4f3cb2,2026-07-10,6f168c2c-529c-4ec8-9932-90d1b493cf87,Meal preparation,Nutrition,false,false,1,0,completed,5,false,NOT_SCHEDULED
995c6719-b32b-4fe3-ad07-622af67cd7f9,2026-07-11,6f168c2c-529c-4ec8-9932-90d1b493cf87,Exercise,Health,true,true,30,35,minutes,11,false,COMPLIANT
54b251c4-6a53-4150-a06d-196f113a8ab1,2026-07-11,6f168c2c-529c-4ec8-9932-90d1b493cf87,Reading,Learning,true,true,25,30,minutes,8,false,COMPLIANT
0a6376b0-681a-44de-af60-63eea5ea670f,2026-07-11,6f168c2c-529c-4ec8-9932-90d1b493cf87,Meditation,Wellbeing,true,true,10,13,minutes,1,false,COMPLIANT
ca0cbf67-c85b-444c-a2b6-d912ecbbf3eb,2026-07-11,6f168c2c-529c-4ec8-9932-90d1b493cf87,Sleep before 11 pm,Recovery,true,false,1,0,completed,0,true,NON_COMPLIANT
ed1c9c1f-1b24-426f-a937-ab1406971938,2026-07-11,6f168c2c-529c-4ec8-9932-90d1b493cf87,Budget review,Finance,false,false,1,0,completed,4,false,NOT_SCHEDULED
ac9c06d8-0f55-458c-a7fe-a2e986bb6224,2026-07-11,6f168c2c-529c-4ec8-9932-90d1b493cf87,Meal preparation,Nutrition,false,false,1,0,completed,5,false,NOT_SCHEDULED
1f2d3bea-6add-4fac-a6ff-28712dc37dcf,2026-07-12,6f168c2c-529c-4ec8-9932-90d1b493cf87,Exercise,Health,false,false,30,0,minutes,11,false,NOT_SCHEDULED
b6e893f1-1f9f-409a-a089-682331a5f858,2026-07-12,6f168c2c-529c-4ec8-9932-90d1b493cf87,Reading,Learning,true,true,25,43,minutes,9,false,COMPLIANT
183318c8-cf03-4042-a4aa-4f437a88735f,2026-07-12,6f168c2c-529c-4ec8-9932-90d1b493cf87,Meditation,Wellbeing,true,true,10,17,minutes,2,false,COMPLIANT
f821d0a3-39c5-4726-a0a1-e17e64368544,2026-07-12,6f168c2c-529c-4ec8-9932-90d1b493cf87,Sleep before 11 pm,Recovery,true,true,1,1,completed,1,false,COMPLIANT
f9fcbedf-ecbd-4a39-ac54-8a2b1765f644,2026-07-12,6f168c2c-529c-4ec8-9932-90d1b493cf87,Budget review,Finance,true,true,1,1,completed,5,false,COMPLIANT
e60182d7-a213-4d45-aada-b27550908413,2026-07-12,6f168c2c-529c-4ec8-9932-90d1b493cf87,Meal preparation,Nutrition,true,true,1,1,completed,6,false,COMPLIANT
0ef49705-ea3d-4a75-a034-4f57ad1b7944,2026-07-13,6f168c2c-529c-4ec8-9932-90d1b493cf87,Exercise,Health,true,true,30,53,minutes,12,false,COMPLIANT
0f5dfaf6-0f68-487d-a054-2acadbff43b6,2026-07-13,6f168c2c-529c-4ec8-9932-90d1b493cf87,Reading,Learning,true,true,25,24,minutes,10,false,COMPLIANT
7c866abe-594b-4a67-a227-009cf5b8f6d7,2026-07-13,6f168c2c-529c-4ec8-9932-90d1b493cf87,Meditation,Wellbeing,true,false,10,0,minutes,0,false,NON_COMPLIANT
e4fa29bb-3963-4b3f-af56-25e5aa1492a0,2026-07-13,6f168c2c-529c-4ec8-9932-90d1b493cf87,Sleep before 11 pm,Recovery,true,false,1,0,completed,0,true,NON_COMPLIANT
dc74c9ce-9b2a-4e63-a545-d12a5617240e,2026-07-13,6f168c2c-529c-4ec8-9932-90d1b493cf87,Budget review,Finance,false,false,1,0,completed,5,false,NOT_SCHEDULED
5eb89faa-e8a3-470b-aa6d-8821d61cb48e,2026-07-13,6f168c2c-529c-4ec8-9932-90d1b493cf87,Meal preparation,Nutrition,false,false,1,0,completed,6,false,NOT_SCHEDULED
75014f90-2c51-4881-a93c-2b02b8ee0c16,2026-07-14,6f168c2c-529c-4ec8-9932-90d1b493cf87,Exercise,Health,true,true,30,42,minutes,13,false,COMPLIANT
a51f4d23-3308-4c74-a9e9-44834c699b3e,2026-07-14,6f168c2c-529c-4ec8-9932-90d1b493cf87,Reading,Learning,true,true,25,29,minutes,11,false,COMPLIANT
3e9250ca-79a8-44c4-a76a-983589fb0859,2026-07-14,6f168c2c-529c-4ec8-9932-90d1b493cf87,Meditation,Wellbeing,true,true,10,10,minutes,1,false,COMPLIANT
0761c603-bb4c-40a4-a08a-3c1180f241c8,2026-07-14,6f168c2c-529c-4ec8-9932-90d1b493cf87,Sleep before 11 pm,Recovery,true,true,1,1,completed,1,false,COMPLIANT
f58297e0-597f-4048-a579-50d01b98358a,2026-07-14,6f168c2c-529c-4ec8-9932-90d1b493cf87,Budget review,Finance,false,false,1,0,completed,5,false,NOT_SCHEDULED
3d4f05d0-1218-433f-a4c2-fac896d721d1,2026-07-14,6f168c2c-529c-4ec8-9932-90d1b493cf87,Meal preparation,Nutrition,false,false,1,0,completed,6,false,NOT_SCHEDULED
7a6af27e-0d0c-4990-a24d-411675e91479,2026-07-15,6f168c2c-529c-4ec8-9932-90d1b493cf87,Exercise,Health,false,false,30,0,minutes,13,false,NOT_SCHEDULED
b5d32389-a11e-476a-a382-d7a1b95e23f5,2026-07-15,6f168c2c-529c-4ec8-9932-90d1b493cf87,Reading,Learning,true,true,25,27,minutes,12,false,COMPLIANT
6dfb6a16-1cd4-4759-a723-a61000df0580,2026-07-15,6f168c2c-529c-4ec8-9932-90d1b493cf87,Meditation,Wellbeing,true,true,10,11,minutes,2,false,COMPLIANT
8d4dda70-c951-4b63-a63b-1b6f72549d3b,2026-07-15,6f168c2c-529c-4ec8-9932-90d1b493cf87,Sleep before 11 pm,Recovery,true,true,1,1,completed,2,false,COMPLIANT
1619a8b8-139e-486f-a6ff-5e48190892a2,2026-07-15,6f168c2c-529c-4ec8-9932-90d1b493cf87,Budget review,Finance,false,false,1,0,completed,5,false,NOT_SCHEDULED
b260f2fd-9a71-4244-a7b6-8d5e1b419a05,2026-07-15,6f168c2c-529c-4ec8-9932-90d1b493cf87,Meal preparation,Nutrition,true,true,1,1,completed,7,false,COMPLIANT
2615bcbb-dac8-4b79-abdd-22d5952b4529,2026-07-16,6f168c2c-529c-4ec8-9932-90d1b493cf87,Exercise,Health,true,true,30,46,minutes,14,false,COMPLIANT
f6d53243-b8db-4371-aefa-cd7c27eb4fab,2026-07-16,6f168c2c-529c-4ec8-9932-90d1b493cf87,Reading,Learning,true,true,25,42,minutes,13,false,COMPLIANT
116e2648-d420-4e19-a612-974fed136c5d,2026-07-16,6f168c2c-529c-4ec8-9932-90d1b493cf87,Meditation,Wellbeing,true,false,10,0,minutes,0,false,NON_COMPLIANT
441b3c47-bf43-47b6-a098-44e8147b026d,2026-07-16,6f168c2c-529c-4ec8-9932-90d1b493cf87,Sleep before 11 pm,Recovery,true,true,1,1,completed,3,false,COMPLIANT
16c71985-2c5b-4c3c-a2e5-295a48460283,2026-07-16,6f168c2c-529c-4ec8-9932-90d1b493cf87,Budget review,Finance,false,false,1,0,completed,5,false,NOT_SCHEDULED
14a11eb6-13c0-4e50-a01d-0113598938b3,2026-07-16,6f168c2c-529c-4ec8-9932-90d1b493cf87,Meal preparation,Nutrition,false,false,1,0,completed,7,false,NOT_SCHEDULED
640305a8-c789-4dbf-a1a6-e2753b70fe92,2026-07-17,6f168c2c-529c-4ec8-9932-90d1b493cf87,Exercise,Health,true,true,30,47,minutes,15,false,COMPLIANT
5f4b5485-5150-4734-a372-789fbc30bee2,2026-07-17,6f168c2c-529c-4ec8-9932-90d1b493cf87,Reading,Learning,true,false,25,0,minutes,0,false,NON_COMPLIANT
f1251f07-3802-4181-ab9e-3a7899cafd5a,2026-07-17,6f168c2c-529c-4ec8-9932-90d1b493cf87,Meditation,Wellbeing,true,true,10,17,minutes,1,false,COMPLIANT
de184c20-23ad-4eef-a638-2beda0c68f79,2026-07-17,6f168c2c-529c-4ec8-9932-90d1b493cf87,Sleep before 11 pm,Recovery,true,true,1,1,completed,4,false,COMPLIANT
9f2f4f33-1ca9-49bb-a1da-dc5fd39f5b46,2026-07-17,6f168c2c-529c-4ec8-9932-90d1b493cf87,Budget review,Finance,false,false,1,0,completed,5,false,NOT_SCHEDULED
dc01c81f-459e-422b-a089-98f83ef934d4,2026-07-17,6f168c2c-529c-4ec8-9932-90d1b493cf87,Meal preparation,Nutrition,false,false,1,0,completed,7,false,NOT_SCHEDULED
74833691-163c-4785-a175-846cba31463d,2026-07-18,6f168c2c-529c-4ec8-9932-90d1b493cf87,Exercise,Health,true,true,30,41,minutes,16,false,COMPLIANT
3c9669f4-cf77-4dd8-aa92-0c9a0888a840,2026-07-18,6f168c2c-529c-4ec8-9932-90d1b493cf87,Reading,Learning,true,true,25,45,minutes,1,false,COMPLIANT
b8f6763e-f79e-4b11-aeef-c981a2869b25,2026-07-18,6f168c2c-529c-4ec8-9932-90d1b493cf87,Meditation,Wellbeing,true,true,10,11,minutes,2,false,COMPLIANT
e17e1370-a966-487f-a891-8ae9c2eb5bfe,2026-07-18,6f168c2c-529c-4ec8-9932-90d1b493cf87,Sleep before 11 pm,Recovery,true,false,1,0,completed,0,true,NON_COMPLIANT
95302d59-6364-40ff-a52c-d5a676a46cd7,2026-07-18,6f168c2c-529c-4ec8-9932-90d1b493cf87,Budget review,Finance,false,false,1,0,completed,5,false,NOT_SCHEDULED
8a3e777f-91a7-48fc-af97-1ed8f85f1b24,2026-07-18,6f168c2c-529c-4ec8-9932-90d1b493cf87,Meal preparation,Nutrition,false,false,1,0,completed,7,false,NOT_SCHEDULED
6f595fb6-6cf8-4ccd-a50d-948686e8eac2,2026-07-19,6f168c2c-529c-4ec8-9932-90d1b493cf87,Exercise,Health,false,false,30,0,minutes,16,false,NOT_SCHEDULED
2712bdcc-bbfd-481a-ab01-d164a6048695,2026-07-19,6f168c2c-529c-4ec8-9932-90d1b493cf87,Reading,Learning,true,true,25,45,minutes,2,false,COMPLIANT
714b2a5d-698a-4283-aa82-0a45852c7bc9,2026-07-19,6f168c2c-529c-4ec8-9932-90d1b493cf87,Meditation,Wellbeing,true,true,10,15,minutes,3,false,COMPLIANT
d3af2632-ed8a-4ef6-a317-7d99522998e7,2026-07-19,6f168c2c-529c-4ec8-9932-90d1b493cf87,Sleep before 11 pm,Recovery,true,true,1,1,completed,1,false,COMPLIANT
4d3f8666-4b50-4072-a3d7-ab90db601c0f,2026-07-19,6f168c2c-529c-4ec8-9932-90d1b493cf87,Budget review,Finance,true,false,1,0,completed,0,true,NON_COMPLIANT
a7823aaa-adc1-45a0-a33b-16e2340ee8ea,2026-07-19,6f168c2c-529c-4ec8-9932-90d1b493cf87,Meal preparation,Nutrition,true,true,1,1,completed,8,false,COMPLIANT
abb5d464-dd19-444d-a3ce-7e1a07ff3be5,2026-07-20,6f168c2c-529c-4ec8-9932-90d1b493cf87,Exercise,Health,true,true,30,41,minutes,17,false,COMPLIANT
73daa2ef-8953-4b5b-a24f-c820cde1640a,2026-07-20,6f168c2c-529c-4ec8-9932-90d1b493cf87,Reading,Learning,true,true,25,27,minutes,3,false,COMPLIANT
1cd55af4-4573-4fd0-aea7-58ff20a67d63,2026-07-20,6f168c2c-529c-4ec8-9932-90d1b493cf87,Meditation,Wellbeing,true,true,10,17,minutes,4,false,COMPLIANT
89884d32-4026-4e96-a46f-79e4ab92915b,2026-07-20,6f168c2c-529c-4ec8-9932-90d1b493cf87,Sleep before 11 pm,Recovery,true,false,1,0,completed,0,true,NON_COMPLIANT
372781b1-b1aa-4bd7-aee1-abe47ff5a6a0,2026-07-20,6f168c2c-529c-4ec8-9932-90d1b493cf87,Budget review,Finance,false,false,1,0,completed,0,false,NOT_SCHEDULED
27786a70-b6c1-481b-ad59-d7fe38b9c1cd,2026-07-20,6f168c2c-529c-4ec8-9932-90d1b493cf87,Meal preparation,Nutrition,false,false,1,0,completed,8,false,NOT_SCHEDULED
c58a9944-0cf4-47c7-a39f-ce266de88b29,2026-07-21,6f168c2c-529c-4ec8-9932-90d1b493cf87,Exercise,Health,true,true,30,53,minutes,18,false,COMPLIANT
43af6c6b-9049-434c-a825-64331bd63253,2026-07-21,6f168c2c-529c-4ec8-9932-90d1b493cf87,Reading,Learning,true,true,25,24,minutes,4,false,COMPLIANT
246283e9-2d60-4647-a588-190232635ea0,2026-07-21,6f168c2c-529c-4ec8-9932-90d1b493cf87,Meditation,Wellbeing,true,true,10,18,minutes,5,false,COMPLIANT
8b606fd1-96b8-4c87-a813-48fb6821bdda,2026-07-21,6f168c2c-529c-4ec8-9932-90d1b493cf87,Sleep before 11 pm,Recovery,true,true,1,1,completed,1,false,COMPLIANT
c0bba744-951e-42ab-a21d-d9fdee95c636,2026-07-21,6f168c2c-529c-4ec8-9932-90d1b493cf87,Budget review,Finance,false,false,1,0,completed,0,false,NOT_SCHEDULED
7f6b30cd-2374-4802-a099-8e6e6fc6eb2e,2026-07-21,6f168c2c-529c-4ec8-9932-90d1b493cf87,Meal preparation,Nutrition,false,false,1,0,completed,8,false,NOT_SCHEDULED
f3df36fd-3bfc-447e-a465-11b62396af7b,2026-07-22,6f168c2c-529c-4ec8-9932-90d1b493cf87,Exercise,Health,false,false,30,0,minutes,18,false,NOT_SCHEDULED
795a48e8-9b50-4c51-a517-f0db750ea13b,2026-07-22,6f168c2c-529c-4ec8-9932-90d1b493cf87,Reading,Learning,true,true,25,34,minutes,5,false,COMPLIANT
6509f02d-8aca-48ea-a06b-d4eb5c09dfa8,2026-07-22,6f168c2c-529c-4ec8-9932-90d1b493cf87,Meditation,Wellbeing,true,true,10,15,minutes,6,false,COMPLIANT
29542eac-9262-4a25-a532-e1fe5b3f7ebb,2026-07-22,6f168c2c-529c-4ec8-9932-90d1b493cf87,Sleep before 11 pm,Recovery,true,true,1,1,completed,2,false,COMPLIANT
73de64a3-7b72-419f-a9c3-be6fa9d546dd,2026-07-22,6f168c2c-529c-4ec8-9932-90d1b493cf87,Budget review,Finance,false,false,1,0,completed,0,false,NOT_SCHEDULED
2e639c81-5329-4be4-a5c9-e7d4a2496dae,2026-07-22,6f168c2c-529c-4ec8-9932-90d1b493cf87,Meal preparation,Nutrition,true,false,1,0,completed,0,false,NON_COMPLIANT
badc2a4e-d503-4d00-abce-9f0c06bcdd71,2026-07-23,6f168c2c-529c-4ec8-9932-90d1b493cf87,Exercise,Health,true,true,30,39,minutes,19,false,COMPLIANT
44866959-16af-4d5a-ae4f-b09d628359a1,2026-07-23,6f168c2c-529c-4ec8-9932-90d1b493cf87,Reading,Learning,true,false,25,0,minutes,0,false,NON_COMPLIANT
85e18c6b-c1e9-433e-a671-317fd07368b1,2026-07-23,6f168c2c-529c-4ec8-9932-90d1b493cf87,Meditation,Wellbeing,true,false,10,0,minutes,0,false,NON_COMPLIANT
b21fc2cf-f0fc-4b81-a046-54182c8ddca6,2026-07-23,6f168c2c-529c-4ec8-9932-90d1b493cf87,Sleep before 11 pm,Recovery,true,false,1,0,completed,0,true,NON_COMPLIANT
50df5f53-656b-4024-ae89-46ee051bedca,2026-07-23,6f168c2c-529c-4ec8-9932-90d1b493cf87,Budget review,Finance,false,false,1,0,completed,0,false,NOT_SCHEDULED
1278c73d-718d-4cb3-a1ee-bec5c57f25ae,2026-07-23,6f168c2c-529c-4ec8-9932-90d1b493cf87,Meal preparation,Nutrition,false,false,1,0,completed,0,false,NOT_SCHEDULED
0073c712-f22b-462a-a7b2-2d43a7d35f65,2026-07-24,6f168c2c-529c-4ec8-9932-90d1b493cf87,Exercise,Health,true,true,30,31,minutes,20,false,COMPLIANT
b608b9e2-091e-458c-adbe-596735b180c2,2026-07-24,6f168c2c-529c-4ec8-9932-90d1b493cf87,Reading,Learning,true,false,25,0,minutes,0,false,NON_COMPLIANT
76105336-1526-40b2-ae6d-9a1265579e76,2026-07-24,6f168c2c-529c-4ec8-9932-90d1b493cf87,Meditation,Wellbeing,true,true,10,13,minutes,1,false,COMPLIANT
3a1cb56b-c334-4032-a437-9eea0b487e19,2026-07-24,6f168c2c-529c-4ec8-9932-90d1b493cf87,Sleep before 11 pm,Recovery,true,false,1,0,completed,0,true,NON_COMPLIANT
11d67451-2217-4f37-a955-4a4d1ea24882,2026-07-24,6f168c2c-529c-4ec8-9932-90d1b493cf87,Budget review,Finance,false,false,1,0,completed,0,false,NOT_SCHEDULED
170882da-2f1e-49b8-a36c-1320c22a012b,2026-07-24,6f168c2c-529c-4ec8-9932-90d1b493cf87,Meal preparation,Nutrition,false,false,1,0,completed,0,false,NOT_SCHEDULED
06f1a5e0-e799-4479-ac59-49f0a48c2982,2026-07-25,6f168c2c-529c-4ec8-9932-90d1b493cf87,Exercise,Health,true,false,30,0,minutes,0,false,NON_COMPLIANT
1cb082ba-f418-4e0b-afb8-6b78734e43d5,2026-07-25,6f168c2c-529c-4ec8-9932-90d1b493cf87,Reading,Learning,true,true,25,37,minutes,1,false,COMPLIANT
381eaf8a-a012-4024-acaa-e79da0663aa5,2026-07-25,6f168c2c-529c-4ec8-9932-90d1b493cf87,Meditation,Wellbeing,true,true,10,17,minutes,2,false,COMPLIANT
e6ca267b-dc43-4c0e-a3a1-dde3abde2c8c,2026-07-25,6f168c2c-529c-4ec8-9932-90d1b493cf87,Sleep before 11 pm,Recovery,true,false,1,0,completed,0,true,NON_COMPLIANT
b94dc4d6-20f9-4c4f-ab9d-69934e2d11d5,2026-07-25,6f168c2c-529c-4ec8-9932-90d1b493cf87,Budget review,Finance,false,false,1,0,completed,0,false,NOT_SCHEDULED
6f401499-d8c8-4c99-a787-971844132c03,2026-07-25,6f168c2c-529c-4ec8-9932-90d1b493cf87,Meal preparation,Nutrition,false,false,1,0,completed,0,false,NOT_SCHEDULED
21f21122-e492-46d4-ab90-37ddd008c35c,2026-07-26,6f168c2c-529c-4ec8-9932-90d1b493cf87,Exercise,Health,false,false,30,0,minutes,0,false,NOT_SCHEDULED
667a0077-ea7a-4adb-ae4d-b7a73d033a89,2026-07-26,6f168c2c-529c-4ec8-9932-90d1b493cf87,Reading,Learning,true,true,25,41,minutes,2,false,COMPLIANT
52744cca-f2ba-4f79-a92b-52c142617413,2026-07-26,6f168c2c-529c-4ec8-9932-90d1b493cf87,Meditation,Wellbeing,true,true,10,14,minutes,3,false,COMPLIANT
a6015f8c-7082-4ca7-aaf6-0843043ed4ec,2026-07-26,6f168c2c-529c-4ec8-9932-90d1b493cf87,Sleep before 11 pm,Recovery,true,true,1,1,completed,1,false,COMPLIANT
fcb0b3cd-b818-4149-af3b-e24ca26187f2,2026-07-26,6f168c2c-529c-4ec8-9932-90d1b493cf87,Budget review,Finance,true,true,1,1,completed,1,false,COMPLIANT
bd9fd0bd-64a3-4b39-a45d-3ee7e40fb2f0,2026-07-26,6f168c2c-529c-4ec8-9932-90d1b493cf87,Meal preparation,Nutrition,true,true,1,1,completed,1,false,COMPLIANT
beee2429-b548-40a2-a3a7-4b61ebe25d92,2026-07-27,6f168c2c-529c-4ec8-9932-90d1b493cf87,Exercise,Health,true,true,30,29,minutes,1,false,COMPLIANT
b23c5cee-7d19-447b-ae1c-0bccd872d102,2026-07-27,6f168c2c-529c-4ec8-9932-90d1b493cf87,Reading,Learning,true,false,25,0,minutes,0,false,NON_COMPLIANT
ddc9a0a6-58bc-4511-a36e-9eab9fe9cc7f,2026-07-27,6f168c2c-529c-4ec8-9932-90d1b493cf87,Meditation,Wellbeing,true,true,10,16,minutes,4,false,COMPLIANT
57d1195f-758c-4659-af7b-35a35bbd83db,2026-07-27,6f168c2c-529c-4ec8-9932-90d1b493cf87,Sleep before 11 pm,Recovery,true,true,1,1,completed,2,false,COMPLIANT
e13b45fd-e7e0-4fa1-a81d-986d6ed47791,2026-07-27,6f168c2c-529c-4ec8-9932-90d1b493cf87,Budget review,Finance,false,false,1,0,completed,1,false,NOT_SCHEDULED
94e23093-7f6c-424a-a628-cccbd8c61325,2026-07-27,6f168c2c-529c-4ec8-9932-90d1b493cf87,Meal preparation,Nutrition,false,false,1,0,completed,1,false,NOT_SCHEDULED
46e05c19-232d-4a4f-a9e8-12b25cc8b75b,2026-07-28,6f168c2c-529c-4ec8-9932-90d1b493cf87,Exercise,Health,true,true,30,30,minutes,2,false,COMPLIANT
d1725010-b265-4b2a-a4e3-992c6a4c9fbd,2026-07-28,6f168c2c-529c-4ec8-9932-90d1b493cf87,Reading,Learning,true,true,25,34,minutes,1,false,COMPLIANT
19d6d1d0-a3ae-443c-a234-ffe7f97c442a,2026-07-28,6f168c2c-529c-4ec8-9932-90d1b493cf87,Meditation,Wellbeing,true,true,10,10,minutes,5,false,COMPLIANT
ed212afd-1697-479f-acc1-80a16b4d2bfa,2026-07-28,6f168c2c-529c-4ec8-9932-90d1b493cf87,Sleep before 11 pm,Recovery,true,true,1,1,completed,3,false,COMPLIANT
e014f98d-7f6c-4f46-a7cb-491832c8e320,2026-07-28,6f168c2c-529c-4ec8-9932-90d1b493cf87,Budget review,Finance,false,false,1,0,completed,1,false,NOT_SCHEDULED
3a45f26e-6502-44e5-ac57-4db6110ecf5c,2026-07-28,6f168c2c-529c-4ec8-9932-90d1b493cf87,Meal preparation,Nutrition,false,false,1,0,completed,1,false,NOT_SCHEDULED
41b12cb0-18cf-48d8-a1e4-d1b832990bb0,2026-07-29,6f168c2c-529c-4ec8-9932-90d1b493cf87,Exercise,Health,false,false,30,0,minutes,2,false,NOT_SCHEDULED
61fd1f0a-f530-42af-ab6a-e4ce1547b78e,2026-07-29,6f168c2c-529c-4ec8-9932-90d1b493cf87,Reading,Learning,true,true,25,43,minutes,2,false,COMPLIANT
78debb4e-e401-43a1-ab8b-e6053052cad4,2026-07-29,6f168c2c-529c-4ec8-9932-90d1b493cf87,Meditation,Wellbeing,true,true,10,15,minutes,6,false,COMPLIANT
220d1da2-4af0-4875-adc4-71e61de1683a,2026-07-29,6f168c2c-529c-4ec8-9932-90d1b493cf87,Sleep before 11 pm,Recovery,true,true,1,1,completed,4,false,COMPLIANT
2e916f28-aa81-4653-aa26-ba071664fc14,2026-07-29,6f168c2c-529c-4ec8-9932-90d1b493cf87,Budget review,Finance,false,false,1,0,completed,1,false,NOT_SCHEDULED
7cb95fb0-904a-4033-a16a-349f0a81cd67,2026-07-29,6f168c2c-529c-4ec8-9932-90d1b493cf87,Meal preparation,Nutrition,true,false,1,0,completed,0,false,NON_COMPLIANT
505ca843-d591-49cd-aada-8c8ced419876,2026-07-30,6f168c2c-529c-4ec8-9932-90d1b493cf87,Exercise,Health,true,false,30,0,minutes,0,false,NON_COMPLIANT
2ab5496c-df73-4cca-a997-860726cbeeed,2026-07-30,6f168c2c-529c-4ec8-9932-90d1b493cf87,Reading,Learning,true,true,25,37,minutes,3,false,COMPLIANT
ad72dd07-9dfc-4fdb-a27a-2ff38b2608c9,2026-07-30,6f168c2c-529c-4ec8-9932-90d1b493cf87,Meditation,Wellbeing,true,true,10,13,minutes,7,false,COMPLIANT
3e925154-1da6-4d6e-ab72-6bab38dc5196,2026-07-30,6f168c2c-529c-4ec8-9932-90d1b493cf87,Sleep before 11 pm,Recovery,true,true,1,1,completed,5,false,COMPLIANT
f522ea29-dd82-433c-a9e9-d89720e095a9,2026-07-30,6f168c2c-529c-4ec8-9932-90d1b493cf87,Budget review,Finance,false,false,1,0,completed,1,false,NOT_SCHEDULED
7cbf3e1b-5517-4021-a8cf-8ffcf32e0c22,2026-07-30,6f168c2c-529c-4ec8-9932-90d1b493cf87,Meal preparation,Nutrition,false,false,1,0,completed,0,false,NOT_SCHEDULED
153b2372-2266-4414-a416-4f1b999fed62,2026-07-31,6f168c2c-529c-4ec8-9932-90d1b493cf87,Exercise,Health,true,false,30,0,minutes,0,false,NON_COMPLIANT
85bd5467-2566-498d-a7cd-6c5800740036,2026-07-31,6f168c2c-529c-4ec8-9932-90d1b493cf87,Reading,Learning,true,false,25,0,minutes,0,false,NON_COMPLIANT
1e8b1c34-8416-4877-afb3-7e679a120ad5,2026-07-31,6f168c2c-529c-4ec8-9932-90d1b493cf87,Meditation,Wellbeing,true,false,10,0,minutes,0,false,NON_COMPLIANT
ff5f0705-ef42-4fb0-afaa-eb212dedd2a1,2026-07-31,6f168c2c-529c-4ec8-9932-90d1b493cf87,Sleep before 11 pm,Recovery,true,false,1,0,completed,0,true,NON_COMPLIANT
1d2384a7-ca42-40bc-aad0-0126e582c014,2026-07-31,6f168c2c-529c-4ec8-9932-90d1b493cf87,Budget review,Finance,false,false,1,0,completed,1,false,NOT_SCHEDULED
be2440a9-b702-4308-ab36-964ac74c39f3,2026-07-31,6f168c2c-529c-4ec8-9932-90d1b493cf87,Meal preparation,Nutrition,false,false,1,0,completed,0,false,NOT_SCHEDULED
aa4b05ac-6078-45a7-a074-58d5de5f5bd4,2026-08-01,6f168c2c-529c-4ec8-9932-90d1b493cf87,Exercise,Health,true,false,30,0,minutes,0,false,NON_COMPLIANT
db66bafd-f9ca-4006-a9f6-cb15f56910cf,2026-08-01,6f168c2c-529c-4ec8-9932-90d1b493cf87,Reading,Learning,true,true,25,32,minutes,1,false,COMPLIANT
c60e9b8d-8850-4f79-ad1d-44433d827b04,2026-08-01,6f168c2c-529c-4ec8-9932-90d1b493cf87,Meditation,Wellbeing,true,true,10,16,minutes,1,false,COMPLIANT
0531d4c5-06f0-4b93-ab71-3392f43a8d47,2026-08-01,6f168c2c-529c-4ec8-9932-90d1b493cf87,Sleep before 11 pm,Recovery,true,true,1,1,completed,1,false,COMPLIANT
f615eb96-f6c6-471f-a767-4c473504c8e4,2026-08-01,6f168c2c-529c-4ec8-9932-90d1b493cf87,Budget review,Finance,false,false,1,0,completed,1,false,NOT_SCHEDULED
2ac3597e-6b87-4f49-a764-9bf16c4c6e48,2026-08-01,6f168c2c-529c-4ec8-9932-90d1b493cf87,Meal preparation,Nutrition,false,false,1,0,completed,0,false,NOT_SCHEDULED
a0f21c34-6dad-48de-ae37-3edef39d925f,2026-08-02,6f168c2c-529c-4ec8-9932-90d1b493cf87,Exercise,Health,false,false,30,0,minutes,0,false,NOT_SCHEDULED
67383832-af6f-4066-afeb-bb5c9ee55858,2026-08-02,6f168c2c-529c-4ec8-9932-90d1b493cf87,Reading,Learning,true,true,25,40,minutes,2,false,COMPLIANT
b06a1446-0834-4823-aa5b-be2763ac1edd,2026-08-02,6f168c2c-529c-4ec8-9932-90d1b493cf87,Meditation,Wellbeing,true,true,10,10,minutes,2,false,COMPLIANT
3239553e-a373-4b74-a91e-1918d1af6d0a,2026-08-02,6f168c2c-529c-4ec8-9932-90d1b493cf87,Sleep before 11 pm,Recovery,true,true,1,1,completed,2,false,COMPLIANT
7788c082-7317-458e-a24d-ed4c9f5bf8e8,2026-08-02,6f168c2c-529c-4ec8-9932-90d1b493cf87,Budget review,Finance,true,false,1,0,completed,0,true,NON_COMPLIANT
c841d8e0-d388-4545-a604-54b3542739b0,2026-08-02,6f168c2c-529c-4ec8-9932-90d1b493cf87,Meal preparation,Nutrition,true,true,1,1,completed,1,false,COMPLIANT
33933e95-9b5c-4a99-a5b1-88c6d53b82d1,2026-08-03,6f168c2c-529c-4ec8-9932-90d1b493cf87,Exercise,Health,true,true,30,54,minutes,1,false,COMPLIANT
5befb5ba-f999-438c-a549-50cfb0aa5d7f,2026-08-03,6f168c2c-529c-4ec8-9932-90d1b493cf87,Reading,Learning,true,true,25,44,minutes,3,false,COMPLIANT
0b9c7882-7e8d-41aa-a44c-c4dff8f29f6c,2026-08-03,6f168c2c-529c-4ec8-9932-90d1b493cf87,Meditation,Wellbeing,true,true,10,13,minutes,3,false,COMPLIANT
b10ef7ea-7b78-4dab-a07b-178a4f3377c5,2026-08-03,6f168c2c-529c-4ec8-9932-90d1b493cf87,Sleep before 11 pm,Recovery,true,true,1,1,completed,3,false,COMPLIANT
6915aae9-f1a0-40d4-a949-7fe63f2d772c,2026-08-03,6f168c2c-529c-4ec8-9932-90d1b493cf87,Budget review,Finance,false,false,1,0,completed,0,false,NOT_SCHEDULED
f1cd1849-3ec1-46de-aab3-1beb9e91de63,2026-08-03,6f168c2c-529c-4ec8-9932-90d1b493cf87,Meal preparation,Nutrition,false,false,1,0,completed,1,false,NOT_SCHEDULED
e0791c7a-86a7-4964-a8cb-ac73e6efd26f,2026-08-04,6f168c2c-529c-4ec8-9932-90d1b493cf87,Exercise,Health,true,true,30,44,minutes,2,false,COMPLIANT
b963a06c-eb39-4649-a250-e8668d09e4df,2026-08-04,6f168c2c-529c-4ec8-9932-90d1b493cf87,Reading,Learning,true,true,25,26,minutes,4,false,COMPLIANT
70de7fa6-d98e-4408-a485-4b3c869e98cc,2026-08-04,6f168c2c-529c-4ec8-9932-90d1b493cf87,Meditation,Wellbeing,true,true,10,11,minutes,4,false,COMPLIANT
1a66fb1b-5a32-4bd0-aaea-995758c0b73a,2026-08-04,6f168c2c-529c-4ec8-9932-90d1b493cf87,Sleep before 11 pm,Recovery,true,true,1,1,completed,4,false,COMPLIANT
0c4fe678-0df1-41c9-a447-fc6b4014b74e,2026-08-04,6f168c2c-529c-4ec8-9932-90d1b493cf87,Budget review,Finance,false,false,1,0,completed,0,false,NOT_SCHEDULED
d067f392-8724-4c78-a9c5-5b294327d9ec,2026-08-04,6f168c2c-529c-4ec8-9932-90d1b493cf87,Meal preparation,Nutrition,false,false,1,0,completed,1,false,NOT_SCHEDULED
625dfc6f-8889-4f69-a094-775596bde95e,2026-08-05,6f168c2c-529c-4ec8-9932-90d1b493cf87,Exercise,Health,false,false,30,0,minutes,2,false,NOT_SCHEDULED
e5323310-01ab-47c1-a14a-03a76a2c8604,2026-08-05,6f168c2c-529c-4ec8-9932-90d1b493cf87,Reading,Learning,true,true,25,27,minutes,5,false,COMPLIANT
0d6bb4da-d154-48b0-a6f2-830ad5d30fc4,2026-08-05,6f168c2c-529c-4ec8-9932-90d1b493cf87,Meditation,Wellbeing,true,true,10,15,minutes,5,false,COMPLIANT
6e093eb0-892f-4792-a5bd-4b2680df954b,2026-08-05,6f168c2c-529c-4ec8-9932-90d1b493cf87,Sleep before 11 pm,Recovery,true,false,1,0,completed,0,true,NON_COMPLIANT
645b0ef0-8604-4783-ab15-fad97cd17c5c,2026-08-05,6f168c2c-529c-4ec8-9932-90d1b493cf87,Budget review,Finance,false,false,1,0,completed,0,false,NOT_SCHEDULED
53fb8651-21f1-4ce8-aab4-2da638473afa,2026-08-05,6f168c2c-529c-4ec8-9932-90d1b493cf87,Meal preparation,Nutrition,true,true,1,1,completed,2,false,COMPLIANT
502d4354-f193-43a9-ae74-c1db222ab6b1,2026-08-06,6f168c2c-529c-4ec8-9932-90d1b493cf87,Exercise,Health,true,true,30,30,minutes,3,false,COMPLIANT
7989d8ff-2395-4ea6-ac4e-3c29527dd5f0,2026-08-06,6f168c2c-529c-4ec8-9932-90d1b493cf87,Reading,Learning,true,true,25,40,minutes,6,false,COMPLIANT
77f4d7d1-db6f-4fc0-af2e-9efe4c61ccd6,2026-08-06,6f168c2c-529c-4ec8-9932-90d1b493cf87,Meditation,Wellbeing,true,true,10,10,minutes,6,false,COMPLIANT
2df2394c-8c86-4854-a3e9-0aebc976072d,2026-08-06,6f168c2c-529c-4ec8-9932-90d1b493cf87,Sleep before 11 pm,Recovery,true,false,1,0,completed,0,true,NON_COMPLIANT
ad38e89d-f8f8-439a-a5b1-81ce4154432f,2026-08-06,6f168c2c-529c-4ec8-9932-90d1b493cf87,Budget review,Finance,false,false,1,0,completed,0,false,NOT_SCHEDULED
a1a6b183-a511-44d9-aa8f-8c3fa285432f,2026-08-06,6f168c2c-529c-4ec8-9932-90d1b493cf87,Meal preparation,Nutrition,false,false,1,0,completed,2,false,NOT_SCHEDULED
bfa4c908-1a3c-4ca4-a498-db562c52cbcb,2026-08-07,6f168c2c-529c-4ec8-9932-90d1b493cf87,Exercise,Health,true,true,30,47,minutes,4,false,COMPLIANT
507b2792-88bf-4067-ac81-026c61c464c5,2026-08-07,6f168c2c-529c-4ec8-9932-90d1b493cf87,Reading,Learning,true,true,25,40,minutes,7,false,COMPLIANT
ee44ee87-58fe-46f9-a461-1b61cde86962,2026-08-07,6f168c2c-529c-4ec8-9932-90d1b493cf87,Meditation,Wellbeing,true,true,10,15,minutes,7,false,COMPLIANT
15104513-7650-4ebb-abff-1fa004325ac2,2026-08-07,6f168c2c-529c-4ec8-9932-90d1b493cf87,Sleep before 11 pm,Recovery,true,true,1,1,completed,1,false,COMPLIANT
005b5f37-637d-4707-a33a-cc6f4d87d64f,2026-08-07,6f168c2c-529c-4ec8-9932-90d1b493cf87,Budget review,Finance,false,false,1,0,completed,0,false,NOT_SCHEDULED
7e357b9b-3f66-42c2-af8f-2f73da486490,2026-08-07,6f168c2c-529c-4ec8-9932-90d1b493cf87,Meal preparation,Nutrition,false,false,1,0,completed,2,false,NOT_SCHEDULED
48c23bf8-3a2c-463e-a19f-3880c3eecadb,2026-08-08,6f168c2c-529c-4ec8-9932-90d1b493cf87,Exercise,Health,true,true,30,45,minutes,5,false,COMPLIANT
d8ecfd1f-bbe3-4682-a597-04780c471ac8,2026-08-08,6f168c2c-529c-4ec8-9932-90d1b493cf87,Reading,Learning,true,true,25,24,minutes,8,false,COMPLIANT
c66f2c99-a9c6-4efe-aba3-6c806d2149a3,2026-08-08,6f168c2c-529c-4ec8-9932-90d1b493cf87,Meditation,Wellbeing,true,true,10,13,minutes,8,false,COMPLIANT
b53fd1b0-10fe-4b6d-a255-c45cbe5459d6,2026-08-08,6f168c2c-529c-4ec8-9932-90d1b493cf87,Sleep before 11 pm,Recovery,true,true,1,1,completed,2,false,COMPLIANT
5479a72a-1fac-423b-a01a-3d2857acdef9,2026-08-08,6f168c2c-529c-4ec8-9932-90d1b493cf87,Budget review,Finance,false,false,1,0,completed,0,false,NOT_SCHEDULED
0a7b75f4-8c27-408f-a3d6-5735eb18dadc,2026-08-08,6f168c2c-529c-4ec8-9932-90d1b493cf87,Meal preparation,Nutrition,false,false,1,0,completed,2,false,NOT_SCHEDULED
fffdb35f-b315-42d2-ab49-257bef5a196a,2026-08-09,6f168c2c-529c-4ec8-9932-90d1b493cf87,Exercise,Health,false,false,30,0,minutes,5,false,NOT_SCHEDULED
afe29b13-f1d0-434f-abb3-e990b3d66ccc,2026-08-09,6f168c2c-529c-4ec8-9932-90d1b493cf87,Reading,Learning,true,true,25,25,minutes,9,false,COMPLIANT
72be311f-b174-4706-af39-ad3a52599f30,2026-08-09,6f168c2c-529c-4ec8-9932-90d1b493cf87,Meditation,Wellbeing,true,true,10,16,minutes,9,false,COMPLIANT
22562595-0a83-47d1-a14e-fb7455d1b61a,2026-08-09,6f168c2c-529c-4ec8-9932-90d1b493cf87,Sleep before 11 pm,Recovery,true,false,1,0,completed,0,true,NON_COMPLIANT
5b174285-45a0-4b96-aa5d-a900e6d23a40,2026-08-09,6f168c2c-529c-4ec8-9932-90d1b493cf87,Budget review,Finance,true,true,1,1,completed,1,false,COMPLIANT
d652b801-a7d7-4221-ade3-9f703c1f6920,2026-08-09,6f168c2c-529c-4ec8-9932-90d1b493cf87,Meal preparation,Nutrition,true,true,1,1,completed,3,false,COMPLIANT
244af2dd-9601-4171-af12-9ded994a86f9,2026-08-10,6f168c2c-529c-4ec8-9932-90d1b493cf87,Exercise,Health,true,false,30,0,minutes,0,false,NON_COMPLIANT
c721b81a-5c2c-408e-ad48-ec0ab9e0fafd,2026-08-10,6f168c2c-529c-4ec8-9932-90d1b493cf87,Reading,Learning,true,true,25,30,minutes,10,false,COMPLIANT
3d550c7e-38b6-478e-ac4a-6ce6f5ea36aa,2026-08-10,6f168c2c-529c-4ec8-9932-90d1b493cf87,Meditation,Wellbeing,true,true,10,17,minutes,10,false,COMPLIANT
6ab33e64-0074-438f-a757-2542daa5f006,2026-08-10,6f168c2c-529c-4ec8-9932-90d1b493cf87,Sleep before 11 pm,Recovery,true,true,1,1,completed,1,false,COMPLIANT
f8fb0975-a005-4fa9-ad75-6a4fe1fb3065,2026-08-10,6f168c2c-529c-4ec8-9932-90d1b493cf87,Budget review,Finance,false,false,1,0,completed,1,false,NOT_SCHEDULED
be729270-70fa-4830-a46a-f17484df791a,2026-08-10,6f168c2c-529c-4ec8-9932-90d1b493cf87,Meal preparation,Nutrition,false,false,1,0,completed,3,false,NOT_SCHEDULED
43c360cc-a5e1-45b8-af69-714781133e8d,2026-08-11,6f168c2c-529c-4ec8-9932-90d1b493cf87,Exercise,Health,true,true,30,43,minutes,1,false,COMPLIANT
d329f298-f73c-4e7f-ab37-6c7ba35b432c,2026-08-11,6f168c2c-529c-4ec8-9932-90d1b493cf87,Reading,Learning,true,true,25,36,minutes,11,false,COMPLIANT
53b38c92-6c18-4304-af38-de2a76d70d88,2026-08-11,6f168c2c-529c-4ec8-9932-90d1b493cf87,Meditation,Wellbeing,true,true,10,10,minutes,11,false,COMPLIANT
0c98bc5f-9a00-42ee-a3ed-b08b3b7e175f,2026-08-11,6f168c2c-529c-4ec8-9932-90d1b493cf87,Sleep before 11 pm,Recovery,true,true,1,1,completed,2,false,COMPLIANT
c56408c2-737c-4cf6-a9dd-12d533845087,2026-08-11,6f168c2c-529c-4ec8-9932-90d1b493cf87,Budget review,Finance,false,false,1,0,completed,1,false,NOT_SCHEDULED
de3eaf54-05fa-43d1-a581-ee168bd4aa42,2026-08-11,6f168c2c-529c-4ec8-9932-90d1b493cf87,Meal preparation,Nutrition,false,false,1,0,completed,3,false,NOT_SCHEDULED
b1cdc8b9-1d5e-48ba-a182-664dbb6ea4aa,2026-08-12,6f168c2c-529c-4ec8-9932-90d1b493cf87,Exercise,Health,false,false,30,0,minutes,1,false,NOT_SCHEDULED
828eeadb-01f1-4fc2-a16b-0a17aca43322,2026-08-12,6f168c2c-529c-4ec8-9932-90d1b493cf87,Reading,Learning,true,false,25,0,minutes,0,false,NON_COMPLIANT
9cb34013-3d8b-4f57-a811-e53926a4bc6e,2026-08-12,6f168c2c-529c-4ec8-9932-90d1b493cf87,Meditation,Wellbeing,true,true,10,16,minutes,12,false,COMPLIANT
d0aad7ec-8c70-41c4-af76-528a8bbba947,2026-08-12,6f168c2c-529c-4ec8-9932-90d1b493cf87,Sleep before 11 pm,Recovery,true,true,1,1,completed,3,false,COMPLIANT
e186904e-a352-4efb-a361-52c4d42c48e1,2026-08-12,6f168c2c-529c-4ec8-9932-90d1b493cf87,Budget review,Finance,false,false,1,0,completed,1,false,NOT_SCHEDULED
7e3529ae-2b44-488d-a218-f8326ce4c72b,2026-08-12,6f168c2c-529c-4ec8-9932-90d1b493cf87,Meal preparation,Nutrition,true,true,1,1,completed,4,false,COMPLIANT
e79ea46f-c60a-4411-a478-6cdb36f5210d,2026-08-13,6f168c2c-529c-4ec8-9932-90d1b493cf87,Exercise,Health,true,true,30,36,minutes,2,false,COMPLIANT
013e2277-f484-4f2b-a37e-4d9179671d57,2026-08-13,6f168c2c-529c-4ec8-9932-90d1b493cf87,Reading,Learning,true,true,25,36,minutes,1,false,COMPLIANT
04e26ce9-2698-4c6d-a43d-ec6adb9bd2fd,2026-08-13,6f168c2c-529c-4ec8-9932-90d1b493cf87,Meditation,Wellbeing,true,true,10,10,minutes,13,false,COMPLIANT
dae9f2a9-f21e-4fce-a200-72767c2900fb,2026-08-13,6f168c2c-529c-4ec8-9932-90d1b493cf87,Sleep before 11 pm,Recovery,true,true,1,1,completed,4,false,COMPLIANT
f20a2c33-18ca-47c5-aba6-6bd5333cc7ed,2026-08-13,6f168c2c-529c-4ec8-9932-90d1b493cf87,Budget review,Finance,false,false,1,0,completed,1,false,NOT_SCHEDULED
d0105a11-77fb-4d49-a482-ebdf034b65e9,2026-08-13,6f168c2c-529c-4ec8-9932-90d1b493cf87,Meal preparation,Nutrition,false,false,1,0,completed,4,false,NOT_SCHEDULED
260cc734-48f7-4a2f-a8ed-1dd39f268149,2026-08-14,6f168c2c-529c-4ec8-9932-90d1b493cf87,Exercise,Health,true,true,30,54,minutes,3,false,COMPLIANT
d1fdba1a-ebc8-4db4-a76b-edbd39173cb1,2026-08-14,6f168c2c-529c-4ec8-9932-90d1b493cf87,Reading,Learning,true,true,25,40,minutes,2,false,COMPLIANT
b763ed40-4fff-4b17-a0d2-9b848aa7bfac,2026-08-14,6f168c2c-529c-4ec8-9932-90d1b493cf87,Meditation,Wellbeing,true,true,10,17,minutes,14,false,COMPLIANT
1ab8749d-2ec3-4b23-a3a1-ddaebcf671a5,2026-08-14,6f168c2c-529c-4ec8-9932-90d1b493cf87,Sleep before 11 pm,Recovery,true,true,1,1,completed,5,false,COMPLIANT
24dce3e9-be5a-4b5d-af29-ff5cc713644a,2026-08-14,6f168c2c-529c-4ec8-9932-90d1b493cf87,Budget review,Finance,false,false,1,0,completed,1,false,NOT_SCHEDULED
643257d2-14d9-40f8-a7d8-82ac6b8523c3,2026-08-14,6f168c2c-529c-4ec8-9932-90d1b493cf87,Meal preparation,Nutrition,false,false,1,0,completed,4,false,NOT_SCHEDULED
313d9155-26f9-4942-ab1a-33ae0f2b5187,2026-08-15,6f168c2c-529c-4ec8-9932-90d1b493cf87,Exercise,Health,true,true,30,30,minutes,4,false,COMPLIANT
d0173c72-eb0e-458f-a2a3-9817cb3785ee,2026-08-15,6f168c2c-529c-4ec8-9932-90d1b493cf87,Reading,Learning,true,true,25,28,minutes,3,false,COMPLIANT
a1e95f1a-2483-4b5c-a8ff-f79314d5a49a,2026-08-15,6f168c2c-529c-4ec8-9932-90d1b493cf87,Meditation,Wellbeing,true,true,10,15,minutes,15,false,COMPLIANT
d761de28-c5f4-4445-a51e-5ec0beb97cb7,2026-08-15,6f168c2c-529c-4ec8-9932-90d1b493cf87,Sleep before 11 pm,Recovery,true,true,1,1,completed,6,false,COMPLIANT
72daaeb8-2083-4b23-ae4d-8413929b7176,2026-08-15,6f168c2c-529c-4ec8-9932-90d1b493cf87,Budget review,Finance,false,false,1,0,completed,1,false,NOT_SCHEDULED
0a705c6c-c201-4177-a60f-b3ae81b6fc9a,2026-08-15,6f168c2c-529c-4ec8-9932-90d1b493cf87,Meal preparation,Nutrition,false,false,1,0,completed,4,false,NOT_SCHEDULED
45d9f6c4-0fde-49b7-a298-f7781cbf33c4,2026-08-16,6f168c2c-529c-4ec8-9932-90d1b493cf87,Exercise,Health,false,false,30,0,minutes,4,false,NOT_SCHEDULED
5f00b86f-c1e4-4a68-af58-1a254d46a69d,2026-08-16,6f168c2c-529c-4ec8-9932-90d1b493cf87,Reading,Learning,true,true,25,34,minutes,4,false,COMPLIANT
b3a9be2a-657a-4840-a444-41d98be68559,2026-08-16,6f168c2c-529c-4ec8-9932-90d1b493cf87,Meditation,Wellbeing,true,true,10,12,minutes,16,false,COMPLIANT
28748e33-3610-48b2-ad90-104814735dde,2026-08-16,6f168c2c-529c-4ec8-9932-90d1b493cf87,Sleep before 11 pm,Recovery,true,true,1,1,completed,7,false,COMPLIANT
46fe3d00-5966-4a8a-adb2-5b7646e7f9e8,2026-08-16,6f168c2c-529c-4ec8-9932-90d1b493cf87,Budget review,Finance,true,true,1,1,completed,2,false,COMPLIANT
82fe4812-bd22-48e7-a022-4b0ee3088215,2026-08-16,6f168c2c-529c-4ec8-9932-90d1b493cf87,Meal preparation,Nutrition,true,true,1,1,completed,5,false,COMPLIANT
4abc19e1-2433-4a1f-a336-4518d409aa79,2026-08-17,6f168c2c-529c-4ec8-9932-90d1b493cf87,Exercise,Health,true,true,30,32,minutes,5,false,COMPLIANT
dbe22d0b-9cef-40f0-aaeb-5f6edbe55f7c,2026-08-17,6f168c2c-529c-4ec8-9932-90d1b493cf87,Reading,Learning,true,true,25,42,minutes,5,false,COMPLIANT
c783b74a-3bbb-400b-a1f4-4b92d9371844,2026-08-17,6f168c2c-529c-4ec8-9932-90d1b493cf87,Meditation,Wellbeing,true,true,10,11,minutes,17,false,COMPLIANT
7da2cb1e-a52e-45c8-a82b-102dfc29611d,2026-08-17,6f168c2c-529c-4ec8-9932-90d1b493cf87,Sleep before 11 pm,Recovery,true,false,1,0,completed,0,true,NON_COMPLIANT
bbf3fef8-7e52-4c74-a883-95acdd0e4054,2026-08-17,6f168c2c-529c-4ec8-9932-90d1b493cf87,Budget review,Finance,false,false,1,0,completed,2,false,NOT_SCHEDULED
b76696e8-615d-4c91-a250-ca3a4ca08291,2026-08-17,6f168c2c-529c-4ec8-9932-90d1b493cf87,Meal preparation,Nutrition,false,false,1,0,completed,5,false,NOT_SCHEDULED
4d55453e-8bf1-45a6-af27-b79109ef190b,2026-08-18,6f168c2c-529c-4ec8-9932-90d1b493cf87,Exercise,Health,true,true,30,46,minutes,6,false,COMPLIANT
b664cdab-160a-40af-a3c2-aa3001ec9936,2026-08-18,6f168c2c-529c-4ec8-9932-90d1b493cf87,Reading,Learning,true,true,25,45,minutes,6,false,COMPLIANT
5145c053-aaff-4ee6-a771-a276ee8793e2,2026-08-18,6f168c2c-529c-4ec8-9932-90d1b493cf87,Meditation,Wellbeing,true,true,10,10,minutes,18,false,COMPLIANT
c0d37592-5005-4dcc-a434-1114f591de75,2026-08-18,6f168c2c-529c-4ec8-9932-90d1b493cf87,Sleep before 11 pm,Recovery,true,true,1,1,completed,1,false,COMPLIANT
56b712cf-0dd8-4e5c-ad41-28c883693c35,2026-08-18,6f168c2c-529c-4ec8-9932-90d1b493cf87,Budget review,Finance,false,false,1,0,completed,2,false,NOT_SCHEDULED
795cfd45-a122-49f5-aa59-a04b3e156fd4,2026-08-18,6f168c2c-529c-4ec8-9932-90d1b493cf87,Meal preparation,Nutrition,false,false,1,0,completed,5,false,NOT_SCHEDULED
faa8e899-d694-4bb9-ac07-9f1b04d6b9b3,2026-08-19,6f168c2c-529c-4ec8-9932-90d1b493cf87,Exercise,Health,false,false,30,0,minutes,6,false,NOT_SCHEDULED
33899a1f-0a3a-4e15-ad4c-70053162bf03,2026-08-19,6f168c2c-529c-4ec8-9932-90d1b493cf87,Reading,Learning,true,true,25,32,minutes,7,false,COMPLIANT
1d308176-c2f1-41da-a5f0-4f401941a721,2026-08-19,6f168c2c-529c-4ec8-9932-90d1b493cf87,Meditation,Wellbeing,true,true,10,12,minutes,19,false,COMPLIANT
0b9a71ed-d4f2-4a4d-a139-a8eb3ad9602a,2026-08-19,6f168c2c-529c-4ec8-9932-90d1b493cf87,Sleep before 11 pm,Recovery,true,true,1,1,completed,2,false,COMPLIANT
aa59f75c-99fb-4337-a1de-11a8b73e7179,2026-08-19,6f168c2c-529c-4ec8-9932-90d1b493cf87,Budget review,Finance,false,false,1,0,completed,2,false,NOT_SCHEDULED
dd07fff3-69cd-4986-ab08-545868f047de,2026-08-19,6f168c2c-529c-4ec8-9932-90d1b493cf87,Meal preparation,Nutrition,true,true,1,1,completed,6,false,COMPLIANT
ecee86e1-cfc0-4038-a614-7fd949e2b824,2026-08-20,6f168c2c-529c-4ec8-9932-90d1b493cf87,Exercise,Health,true,true,30,39,minutes,7,false,COMPLIANT
96eb3183-ae99-49e3-a705-b54de06df2f1,2026-08-20,6f168c2c-529c-4ec8-9932-90d1b493cf87,Reading,Learning,true,true,25,25,minutes,8,false,COMPLIANT
5a011dce-fd4c-471f-a779-8fae198fbef8,2026-08-20,6f168c2c-529c-4ec8-9932-90d1b493cf87,Meditation,Wellbeing,true,true,10,14,minutes,20,false,COMPLIANT
31b7c90c-9be5-4be6-ad32-3a23af947d6e,2026-08-20,6f168c2c-529c-4ec8-9932-90d1b493cf87,Sleep before 11 pm,Recovery,true,false,1,0,completed,0,true,NON_COMPLIANT
9c81ee1d-924d-4d9d-af8d-6e721af8d6ab,2026-08-20,6f168c2c-529c-4ec8-9932-90d1b493cf87,Budget review,Finance,false,false,1,0,completed,2,false,NOT_SCHEDULED
3b1fa55e-09b7-4210-af4c-72643cb5dab5,2026-08-20,6f168c2c-529c-4ec8-9932-90d1b493cf87,Meal preparation,Nutrition,false,false,1,0,completed,6,false,NOT_SCHEDULED
8084cf51-a335-4cd2-afe5-91f8e6191396,2026-08-21,6f168c2c-529c-4ec8-9932-90d1b493cf87,Exercise,Health,true,true,30,42,minutes,8,false,COMPLIANT
0dd44c05-078c-4e88-a73b-a2cbc12207d0,2026-08-21,6f168c2c-529c-4ec8-9932-90d1b493cf87,Reading,Learning,true,true,25,42,minutes,9,false,COMPLIANT
4eaedb09-522b-4c3f-a2d4-f6c4b7f86848,2026-08-21,6f168c2c-529c-4ec8-9932-90d1b493cf87,Meditation,Wellbeing,true,true,10,14,minutes,21,false,COMPLIANT
6af5dcb7-ef64-43c4-afa0-db342db63402,2026-08-21,6f168c2c-529c-4ec8-9932-90d1b493cf87,Sleep before 11 pm,Recovery,true,true,1,1,completed,1,false,COMPLIANT
210bd78a-f4bc-4107-a96c-4e2f8de356dd,2026-08-21,6f168c2c-529c-4ec8-9932-90d1b493cf87,Budget review,Finance,false,false,1,0,completed,2,false,NOT_SCHEDULED
2cbab8fe-457f-4d09-a024-af4e03183f84,2026-08-21,6f168c2c-529c-4ec8-9932-90d1b493cf87,Meal preparation,Nutrition,false,false,1,0,completed,6,false,NOT_SCHEDULED
41d638d3-76a6-4ee7-a0bb-27107b7a98bb,2026-08-22,6f168c2c-529c-4ec8-9932-90d1b493cf87,Exercise,Health,true,true,30,32,minutes,9,false,COMPLIANT
c17a2327-76c9-4d94-a282-b9a4f282f0dc,2026-08-22,6f168c2c-529c-4ec8-9932-90d1b493cf87,Reading,Learning,true,true,25,33,minutes,10,false,COMPLIANT
e064fde5-02b9-4316-a453-7b3503d0206e,2026-08-22,6f168c2c-529c-4ec8-9932-90d1b493cf87,Meditation,Wellbeing,true,false,10,0,minutes,0,false,NON_COMPLIANT
c625c25a-886b-4816-a46c-0baca2f5d9f5,2026-08-22,6f168c2c-529c-4ec8-9932-90d1b493cf87,Sleep before 11 pm,Recovery,true,true,1,1,completed,2,false,COMPLIANT
73e751a8-4c35-4a34-adcb-5e948b004fbc,2026-08-22,6f168c2c-529c-4ec8-9932-90d1b493cf87,Budget review,Finance,false,false,1,0,completed,2,false,NOT_SCHEDULED
0a62b2b5-269c-4d64-a4b2-d557830967b2,2026-08-22,6f168c2c-529c-4ec8-9932-90d1b493cf87,Meal preparation,Nutrition,false,false,1,0,completed,6,false,NOT_SCHEDULED
e2c06d07-9d47-4884-a150-c6d7173962fa,2026-08-23,6f168c2c-529c-4ec8-9932-90d1b493cf87,Exercise,Health,false,false,30,0,minutes,9,false,NOT_SCHEDULED
b1253cb3-1520-4855-a289-f4b72c35a0cd,2026-08-23,6f168c2c-529c-4ec8-9932-90d1b493cf87,Reading,Learning,true,true,25,44,minutes,11,false,COMPLIANT
5d18f43e-0fa8-4b20-a430-826274b302a4,2026-08-23,6f168c2c-529c-4ec8-9932-90d1b493cf87,Meditation,Wellbeing,true,true,10,13,minutes,1,false,COMPLIANT
c0d992dc-9a23-45ad-a30e-519617e1d78d,2026-08-23,6f168c2c-529c-4ec8-9932-90d1b493cf87,Sleep before 11 pm,Recovery,true,true,1,1,completed,3,false,COMPLIANT
d3ea7533-ac28-43b1-aab2-93aa3340f0a6,2026-08-23,6f168c2c-529c-4ec8-9932-90d1b493cf87,Budget review,Finance,true,true,1,1,completed,3,false,COMPLIANT
67ba9b77-eeb9-42bc-adaf-afa3fa2d1973,2026-08-23,6f168c2c-529c-4ec8-9932-90d1b493cf87,Meal preparation,Nutrition,true,false,1,0,completed,0,false,NON_COMPLIANT
e24e6b5f-c065-4830-a3c2-6693703ed002,2026-08-24,6f168c2c-529c-4ec8-9932-90d1b493cf87,Exercise,Health,true,true,30,41,minutes,10,false,COMPLIANT
f4c26a56-0a44-4a3b-a762-f7d6ec1a07b1,2026-08-24,6f168c2c-529c-4ec8-9932-90d1b493cf87,Reading,Learning,true,true,25,24,minutes,12,false,COMPLIANT
e0b4f598-b966-47f9-a688-fbafe7cbe9f9,2026-08-24,6f168c2c-529c-4ec8-9932-90d1b493cf87,Meditation,Wellbeing,true,true,10,9,minutes,2,false,COMPLIANT
04aa1c05-acd7-450c-a1ba-dba1549eb1f7,2026-08-24,6f168c2c-529c-4ec8-9932-90d1b493cf87,Sleep before 11 pm,Recovery,true,true,1,1,completed,4,false,COMPLIANT
fea31895-d7b7-4630-a0c2-5ffc531f3184,2026-08-24,6f168c2c-529c-4ec8-9932-90d1b493cf87,Budget review,Finance,false,false,1,0,completed,3,false,NOT_SCHEDULED
48879908-7352-4407-a893-613177f42d5b,2026-08-24,6f168c2c-529c-4ec8-9932-90d1b493cf87,Meal preparation,Nutrition,false,false,1,0,completed,0,false,NOT_SCHEDULED
ffaabbe2-3d17-433d-ae24-994890bd5e69,2026-08-25,6f168c2c-529c-4ec8-9932-90d1b493cf87,Exercise,Health,true,true,30,44,minutes,11,false,COMPLIANT
2b41dfb6-3ce0-4f23-abbc-08a84d26cc64,2026-08-25,6f168c2c-529c-4ec8-9932-90d1b493cf87,Reading,Learning,true,true,25,31,minutes,13,false,COMPLIANT
faf16cba-da18-4fd5-af37-4f7e0f2d0bb9,2026-08-25,6f168c2c-529c-4ec8-9932-90d1b493cf87,Meditation,Wellbeing,true,false,10,0,minutes,0,false,NON_COMPLIANT
18296138-7729-4465-ae99-3f8b77be0af1,2026-08-25,6f168c2c-529c-4ec8-9932-90d1b493cf87,Sleep before 11 pm,Recovery,true,true,1,1,completed,5,false,COMPLIANT
9613750a-044e-4e3f-a164-17906b78d0b7,2026-08-25,6f168c2c-529c-4ec8-9932-90d1b493cf87,Budget review,Finance,false,false,1,0,completed,3,false,NOT_SCHEDULED
bf59ec63-e2e9-4617-a7bb-8cd029d8717c,2026-08-25,6f168c2c-529c-4ec8-9932-90d1b493cf87,Meal preparation,Nutrition,false,false,1,0,completed,0,false,NOT_SCHEDULED
937c1d38-3d32-41f9-ae17-82e6c6d5cbb6,2026-08-26,6f168c2c-529c-4ec8-9932-90d1b493cf87,Exercise,Health,false,false,30,0,minutes,11,false,NOT_SCHEDULED
7b33d7b0-1865-4b2a-ab9f-2f536da7a486,2026-08-26,6f168c2c-529c-4ec8-9932-90d1b493cf87,Reading,Learning,true,true,25,40,minutes,14,false,COMPLIANT
eab4cd18-b840-47a7-a6b7-0c821c6c6456,2026-08-26,6f168c2c-529c-4ec8-9932-90d1b493cf87,Meditation,Wellbeing,true,true,10,10,minutes,1,false,COMPLIANT
f2c92364-8fe8-4fcd-ab23-785f919dfdad,2026-08-26,6f168c2c-529c-4ec8-9932-90d1b493cf87,Sleep before 11 pm,Recovery,true,true,1,1,completed,6,false,COMPLIANT
403ce492-4f0e-40a1-a118-7640b0a9f0ba,2026-08-26,6f168c2c-529c-4ec8-9932-90d1b493cf87,Budget review,Finance,false,false,1,0,completed,3,false,NOT_SCHEDULED
53e599bd-f164-4fce-ac66-1430cc0ea133,2026-08-26,6f168c2c-529c-4ec8-9932-90d1b493cf87,Meal preparation,Nutrition,true,false,1,0,completed,0,false,NON_COMPLIANT
2a0d4ad5-867c-4573-a4ac-3145deb339b8,2026-08-27,6f168c2c-529c-4ec8-9932-90d1b493cf87,Exercise,Health,true,true,30,51,minutes,12,false,COMPLIANT
12996846-4bda-4053-aee4-b30f6d2c90ee,2026-08-27,6f168c2c-529c-4ec8-9932-90d1b493cf87,Reading,Learning,true,true,25,33,minutes,15,false,COMPLIANT
41c1a889-2cd4-4562-aad5-c6910657c748,2026-08-27,6f168c2c-529c-4ec8-9932-90d1b493cf87,Meditation,Wellbeing,true,false,10,0,minutes,0,false,NON_COMPLIANT
3d0aae25-0f3f-4873-aa25-a71611f53c90,2026-08-27,6f168c2c-529c-4ec8-9932-90d1b493cf87,Sleep before 11 pm,Recovery,true,true,1,1,completed,7,false,COMPLIANT
35f94f29-22e8-489b-ac6d-6c498b6913c2,2026-08-27,6f168c2c-529c-4ec8-9932-90d1b493cf87,Budget review,Finance,false,false,1,0,completed,3,false,NOT_SCHEDULED
dd6e0f9c-6db4-4df9-ad94-2d2b04d047b5,2026-08-27,6f168c2c-529c-4ec8-9932-90d1b493cf87,Meal preparation,Nutrition,false,false,1,0,completed,0,false,NOT_SCHEDULED
2cdeb845-1c03-401a-af97-e90947013fea,2026-08-28,6f168c2c-529c-4ec8-9932-90d1b493cf87,Exercise,Health,true,true,30,54,minutes,13,false,COMPLIANT
e2fc744d-38d4-49e8-addd-6dbd1f5317d7,2026-08-28,6f168c2c-529c-4ec8-9932-90d1b493cf87,Reading,Learning,true,true,25,26,minutes,16,false,COMPLIANT
e2d10bca-703a-47f3-aaec-2a0a3814c550,2026-08-28,6f168c2c-529c-4ec8-9932-90d1b493cf87,Meditation,Wellbeing,true,false,10,0,minutes,0,false,NON_COMPLIANT
7f309750-c80f-4e86-a2e7-850f8ed8cbe1,2026-08-28,6f168c2c-529c-4ec8-9932-90d1b493cf87,Sleep before 11 pm,Recovery,true,true,1,1,completed,8,false,COMPLIANT
10218781-988c-4190-a23f-335941e5caff,2026-08-28,6f168c2c-529c-4ec8-9932-90d1b493cf87,Budget review,Finance,false,false,1,0,completed,3,false,NOT_SCHEDULED
13f262b3-59e7-44c9-a621-fda9cc81f477,2026-08-28,6f168c2c-529c-4ec8-9932-90d1b493cf87,Meal preparation,Nutrition,false,false,1,0,completed,0,false,NOT_SCHEDULED
a417890e-20cc-4b5b-a82f-0e999a927e4c,2026-08-29,6f168c2c-529c-4ec8-9932-90d1b493cf87,Exercise,Health,true,true,30,46,minutes,14,false,COMPLIANT
b98ac205-d831-4929-a149-ddf2746e34e7,2026-08-29,6f168c2c-529c-4ec8-9932-90d1b493cf87,Reading,Learning,true,true,25,41,minutes,17,false,COMPLIANT
e2603346-19a9-45cd-a37a-d5cf07ba7350,2026-08-29,6f168c2c-529c-4ec8-9932-90d1b493cf87,Meditation,Wellbeing,true,true,10,14,minutes,1,false,COMPLIANT
bc7df2bb-05c7-4971-aa7a-236c90c3a7c0,2026-08-29,6f168c2c-529c-4ec8-9932-90d1b493cf87,Sleep before 11 pm,Recovery,true,true,1,1,completed,9,false,COMPLIANT
4efe9cc6-4190-467b-a86f-ca9192b46861,2026-08-29,6f168c2c-529c-4ec8-9932-90d1b493cf87,Budget review,Finance,false,false,1,0,completed,3,false,NOT_SCHEDULED
9a628e63-bd83-4ca0-acc7-8b21352683a9,2026-08-29,6f168c2c-529c-4ec8-9932-90d1b493cf87,Meal preparation,Nutrition,false,false,1,0,completed,0,false,NOT_SCHEDULED
73f6fb4b-6626-45c1-af21-a568d27dc97c,2026-08-30,6f168c2c-529c-4ec8-9932-90d1b493cf87,Exercise,Health,false,false,30,0,minutes,14,false,NOT_SCHEDULED
41d81438-3b9e-4c42-aca6-3ea59900f559,2026-08-30,6f168c2c-529c-4ec8-9932-90d1b493cf87,Reading,Learning,true,true,25,33,minutes,18,false,COMPLIANT
b95b0393-6141-47c3-ac89-6b1f14a945c6,2026-08-30,6f168c2c-529c-4ec8-9932-90d1b493cf87,Meditation,Wellbeing,true,true,10,15,minutes,2,false,COMPLIANT
c0736df3-2048-4cf4-a27c-843b8f7a4b97,2026-08-30,6f168c2c-529c-4ec8-9932-90d1b493cf87,Sleep before 11 pm,Recovery,true,true,1,1,completed,10,false,COMPLIANT
a4312e26-0ce7-4420-aee1-91060a7635b8,2026-08-30,6f168c2c-529c-4ec8-9932-90d1b493cf87,Budget review,Finance,true,true,1,1,completed,4,false,COMPLIANT
8904b755-51e5-40e5-a88f-c0181f9c0d72,2026-08-30,6f168c2c-529c-4ec8-9932-90d1b493cf87,Meal preparation,Nutrition,true,true,1,1,completed,1,false,COMPLIANT
4d0449de-dc0e-4dc0-a742-aef17c969778,2026-08-31,6f168c2c-529c-4ec8-9932-90d1b493cf87,Exercise,Health,true,true,30,54,minutes,15,false,COMPLIANT
8582099f-6535-46ca-a270-6a96bcc05888,2026-08-31,6f168c2c-529c-4ec8-9932-90d1b493cf87,Reading,Learning,true,true,25,39,minutes,19,false,COMPLIANT
3213f486-2d57-4dd8-aed5-89c024ad49dd,2026-08-31,6f168c2c-529c-4ec8-9932-90d1b493cf87,Meditation,Wellbeing,true,false,10,0,minutes,0,false,NON_COMPLIANT
f81ea736-0ca6-4414-a401-6bad4380ee7a,2026-08-31,6f168c2c-529c-4ec8-9932-90d1b493cf87,Sleep before 11 pm,Recovery,true,true,1,1,completed,11,false,COMPLIANT
f9bdf4f2-8dcd-4d04-a587-9107fc709b94,2026-08-31,6f168c2c-529c-4ec8-9932-90d1b493cf87,Budget review,Finance,false,false,1,0,completed,4,false,NOT_SCHEDULED
4993fd01-60e8-4abd-ab4e-bd5d04ec27d8,2026-08-31,6f168c2c-529c-4ec8-9932-90d1b493cf87,Meal preparation,Nutrition,false,false,1,0,completed,1,false,NOT_SCHEDULED
7462d617-9a1f-4d70-ad8a-b9a25702a692,2026-09-01,6f168c2c-529c-4ec8-9932-90d1b493cf87,Exercise,Health,true,true,30,47,minutes,16,false,COMPLIANT
ff2b5661-b8f4-40f3-a93c-b275f352a527,2026-09-01,6f168c2c-529c-4ec8-9932-90d1b493cf87,Reading,Learning,true,true,25,26,minutes,20,false,COMPLIANT
94a361ea-b5b8-4a4d-af8b-34718826ebad,2026-09-01,6f168c2c-529c-4ec8-9932-90d1b493cf87,Meditation,Wellbeing,true,true,10,16,minutes,1,false,COMPLIANT
e2be7eeb-21af-4cb3-a2fc-9f7d3e1b8a6f,2026-09-01,6f168c2c-529c-4ec8-9932-90d1b493cf87,Sleep before 11 pm,Recovery,true,true,1,1,completed,12,false,COMPLIANT
7f7220fe-7700-46f7-a3f0-225e782f109f,2026-09-01,6f168c2c-529c-4ec8-9932-90d1b493cf87,Budget review,Finance,false,false,1,0,completed,4,false,NOT_SCHEDULED
dae9c9bc-d717-4919-a366-a622e2fbdfd3,2026-09-01,6f168c2c-529c-4ec8-9932-90d1b493cf87,Meal preparation,Nutrition,false,false,1,0,completed,1,false,NOT_SCHEDULED
40ec0aa3-a82b-4a65-ad40-7984ab955fec,2026-09-02,6f168c2c-529c-4ec8-9932-90d1b493cf87,Exercise,Health,false,false,30,0,minutes,16,false,NOT_SCHEDULED
6770b300-b2fd-4bb6-ab4a-fa9df5e672d2,2026-09-02,6f168c2c-529c-4ec8-9932-90d1b493cf87,Reading,Learning,true,true,25,27,minutes,21,false,COMPLIANT
c55bdd65-ed17-4cb4-a62d-f949b1d90897,2026-09-02,6f168c2c-529c-4ec8-9932-90d1b493cf87,Meditation,Wellbeing,true,true,10,18,minutes,2,false,COMPLIANT
a5319e07-3448-49f4-a832-c3a6ac4d4ede,2026-09-02,6f168c2c-529c-4ec8-9932-90d1b493cf87,Sleep before 11 pm,Recovery,true,true,1,1,completed,13,false,COMPLIANT
ed2913e0-8a4e-4247-aa06-0c8368b5f3e5,2026-09-02,6f168c2c-529c-4ec8-9932-90d1b493cf87,Budget review,Finance,false,false,1,0,completed,4,false,NOT_SCHEDULED
213d953f-416e-4b7e-a513-e94b43c742db,2026-09-02,6f168c2c-529c-4ec8-9932-90d1b493cf87,Meal preparation,Nutrition,true,true,1,1,completed,2,false,COMPLIANT
f6a1d6ce-b9c2-410c-abab-7eaf38514da1,2026-09-03,6f168c2c-529c-4ec8-9932-90d1b493cf87,Exercise,Health,true,true,30,54,minutes,17,false,COMPLIANT
316be94c-30b8-474b-a164-ca8a3751c8b7,2026-09-03,6f168c2c-529c-4ec8-9932-90d1b493cf87,Reading,Learning,true,true,25,31,minutes,22,false,COMPLIANT
faa44c69-f299-4e97-a16a-ff684792a33a,2026-09-03,6f168c2c-529c-4ec8-9932-90d1b493cf87,Meditation,Wellbeing,true,false,10,0,minutes,0,false,NON_COMPLIANT
a1e61119-8ebe-4f01-a424-e6d7954e98a3,2026-09-03,6f168c2c-529c-4ec8-9932-90d1b493cf87,Sleep before 11 pm,Recovery,true,true,1,1,completed,14,false,COMPLIANT
2adb4c10-41ce-4e04-ad7b-bab16b396136,2026-09-03,6f168c2c-529c-4ec8-9932-90d1b493cf87,Budget review,Finance,false,false,1,0,completed,4,false,NOT_SCHEDULED
5765491b-8b8c-46aa-a163-1cca30f5b9e5,2026-09-03,6f168c2c-529c-4ec8-9932-90d1b493cf87,Meal preparation,Nutrition,false,false,1,0,completed,2,false,NOT_SCHEDULED
173f4625-aeb9-42d0-af7f-0ec9fd6b4b49,2026-09-04,6f168c2c-529c-4ec8-9932-90d1b493cf87,Exercise,Health,true,true,30,47,minutes,18,false,COMPLIANT
d7390a14-0760-469d-ac17-30afba2be665,2026-09-04,6f168c2c-529c-4ec8-9932-90d1b493cf87,Reading,Learning,true,true,25,31,minutes,23,false,COMPLIANT
a82f0704-d008-43b1-a42f-53267f2e2d3b,2026-09-04,6f168c2c-529c-4ec8-9932-90d1b493cf87,Meditation,Wellbeing,true,true,10,12,minutes,1,false,COMPLIANT
a4cbac46-1b9f-477f-a3d8-f5c331d0a118,2026-09-04,6f168c2c-529c-4ec8-9932-90d1b493cf87,Sleep before 11 pm,Recovery,true,false,1,0,completed,0,true,NON_COMPLIANT
1d5229ca-17d4-439d-a6ca-f465eb82e90e,2026-09-04,6f168c2c-529c-4ec8-9932-90d1b493cf87,Budget review,Finance,false,false,1,0,completed,4,false,NOT_SCHEDULED
a85360c8-ad86-4e4f-a9a7-e35581323195,2026-09-04,6f168c2c-529c-4ec8-9932-90d1b493cf87,Meal preparation,Nutrition,false,false,1,0,completed,2,false,NOT_SCHEDULED
7640ccc1-e5f0-470b-a187-05a20ae95557,2026-09-05,6f168c2c-529c-4ec8-9932-90d1b493cf87,Exercise,Health,true,false,30,0,minutes,0,false,NON_COMPLIANT
989fb055-7d76-433e-a071-b6d299c1fe67,2026-09-05,6f168c2c-529c-4ec8-9932-90d1b493cf87,Reading,Learning,true,true,25,31,minutes,24,false,COMPLIANT
3ec7e551-f055-458e-a312-8578f404f147,2026-09-05,6f168c2c-529c-4ec8-9932-90d1b493cf87,Meditation,Wellbeing,true,false,10,0,minutes,0,false,NON_COMPLIANT
aa788c8d-c0cb-48f0-a8a9-5b9aec23ecdc,2026-09-05,6f168c2c-529c-4ec8-9932-90d1b493cf87,Sleep before 11 pm,Recovery,true,true,1,1,completed,1,false,COMPLIANT
a5626ce7-2b00-4b57-af31-bb175c0d2042,2026-09-05,6f168c2c-529c-4ec8-9932-90d1b493cf87,Budget review,Finance,false,false,1,0,completed,4,false,NOT_SCHEDULED
37884dda-6ddb-4b5e-a065-689e7f11f94c,2026-09-05,6f168c2c-529c-4ec8-9932-90d1b493cf87,Meal preparation,Nutrition,false,false,1,0,completed,2,false,NOT_SCHEDULED